user_id,purchase_date,plan,amount
U104315,2025-01-03,Growth,59
U104315,2025-02-02,Growth,59
U104315,2025-03-04,Growth,59
U104315,2025-04-03,Growth,59
U103877,2025-01-04,Growth,59
U103877,2025-02-03,Growth,59
U103877,2025-03-05,Growth,59
U103877,2025-04-04,Growth,59
U103877,2025-05-04,Growth,59
U103207,2025-01-04,Growth,59
U103207,2025-02-03,Growth,59
U103207,2025-03-05,Growth,59
U103207,2025-04-04,Growth,59
U103207,2025-05-04,Growth,59
U103207,2025-06-03,Growth,59
U103207,2025-07-03,Growth,59
U103207,2025-08-02,Growth,59
U103207,2025-09-01,Growth,59
U103207,2025-10-01,Growth,59
U103207,2025-10-31,Growth,59
U103207,2025-11-30,Growth,59
U103207,2025-12-30,Growth,59
U104553,2025-01-02,Starter,19
U104553,2025-02-01,Starter,19
U104553,2025-03-03,Starter,19
U104553,2025-04-02,Starter,19
U104553,2025-05-02,Starter,19
U104553,2025-06-01,Starter,19
U104553,2025-07-01,Starter,19
U104553,2025-07-31,Starter,19
U104553,2025-08-30,Starter,19
U104553,2025-09-29,Starter,19
U104553,2025-10-29,Starter,19
U104553,2025-11-28,Starter,19
U104553,2025-12-28,Starter,19
U105228,2025-01-08,Starter,19
U105228,2025-02-07,Starter,19
U105228,2025-03-09,Starter,19
U105228,2025-04-08,Starter,19
U105228,2025-05-08,Starter,19
U105228,2025-06-07,Starter,19
U105228,2025-07-07,Starter,19
U105228,2025-08-06,Starter,19
U105228,2025-09-05,Starter,19
U105228,2025-10-05,Starter,19
U105228,2025-11-04,Starter,19
U105228,2025-12-04,Starter,19
U107031,2025-01-06,Starter,19
U107031,2025-02-05,Starter,19
U107031,2025-03-07,Starter,19
U107031,2025-04-06,Starter,19
U107031,2025-05-06,Starter,19
U107031,2025-06-05,Starter,19
U107031,2025-07-05,Starter,19
U107031,2025-08-04,Starter,19
U107031,2025-09-03,Starter,19
U107031,2025-10-03,Starter,19
U107031,2025-11-02,Starter,19
U106587,2025-01-07,Growth,59
U106587,2025-02-06,Growth,59
U103038,2025-01-02,Starter,19
U103038,2025-02-01,Starter,19
U103038,2025-03-03,Starter,19
U103038,2025-04-02,Starter,19
U103038,2025-05-02,Starter,19
U100766,2025-01-09,Scale,149
U100766,2025-02-08,Scale,149
U100766,2025-03-10,Scale,149
U100766,2025-04-09,Scale,149
U100766,2025-05-09,Scale,149
U100766,2025-06-08,Scale,149
U100766,2025-07-08,Scale,149
U100766,2025-08-07,Scale,149
U100766,2025-09-06,Scale,149
U100766,2025-10-06,Scale,149
U100766,2025-11-05,Scale,149
U100812,2025-01-11,Growth,59
U100812,2025-02-10,Growth,59
U100812,2025-03-12,Growth,59
U100812,2025-04-11,Growth,59
U100812,2025-05-11,Growth,59
U100812,2025-06-10,Growth,59
U100812,2025-07-10,Growth,59
U106601,2025-01-06,Starter,19
U106601,2025-02-05,Starter,19
U106601,2025-03-07,Starter,19
U106601,2025-04-06,Starter,19
U106601,2025-05-06,Starter,19
U106601,2025-06-05,Starter,19
U106601,2025-07-05,Starter,19
U101949,2025-01-11,Starter,19
U101949,2025-02-10,Starter,19
U101949,2025-03-12,Starter,19
U101949,2025-04-11,Starter,19
U101949,2025-05-11,Starter,19
U101949,2025-06-10,Starter,19
U101949,2025-07-10,Starter,19
U101949,2025-08-09,Starter,19
U102038,2025-01-05,Starter,19
U102038,2025-02-04,Starter,19
U102038,2025-03-06,Starter,19
U102038,2025-04-05,Starter,19
U102038,2025-05-05,Starter,19
U102038,2025-06-04,Starter,19
U102038,2025-07-04,Starter,19
U102038,2025-08-03,Starter,19
U102038,2025-09-02,Starter,19
U102038,2025-10-02,Starter,19
U102038,2025-11-01,Starter,19
U102038,2025-12-01,Starter,19
U102038,2025-12-31,Starter,19
U107488,2025-01-12,Growth,59
U107488,2025-02-11,Growth,59
U107488,2025-03-13,Growth,59
U107488,2025-04-12,Growth,59
U107488,2025-05-12,Growth,59
U107488,2025-06-11,Growth,59
U106034,2025-01-06,Starter,19
U106034,2025-02-05,Starter,19
U106034,2025-03-07,Starter,19
U106034,2025-04-06,Starter,19
U106034,2025-05-06,Starter,19
U106034,2025-06-05,Starter,19
U106034,2025-07-05,Starter,19
U106034,2025-08-04,Starter,19
U106034,2025-09-03,Starter,19
U106034,2025-10-03,Starter,19
U106034,2025-11-02,Starter,19
U106034,2025-12-02,Starter,19
U105481,2025-01-10,Growth,59
U105481,2025-02-09,Growth,59
U105481,2025-03-11,Growth,59
U105481,2025-04-10,Growth,59
U105481,2025-05-10,Growth,59
U105481,2025-06-09,Growth,59
U105481,2025-07-09,Growth,59
U105481,2025-08-08,Growth,59
U105481,2025-09-07,Growth,59
U105481,2025-10-07,Growth,59
U101743,2025-01-12,Starter,19
U101743,2025-02-11,Starter,19
U101743,2025-03-13,Starter,19
U101743,2025-04-12,Starter,19
U101743,2025-05-12,Starter,19
U101743,2025-06-11,Starter,19
U101743,2025-07-11,Starter,19
U101743,2025-08-10,Starter,19
U101743,2025-09-09,Starter,19
U101743,2025-10-09,Starter,19
U101743,2025-11-08,Starter,19
U101743,2025-12-08,Starter,19
U103351,2025-01-07,Starter,19
U103351,2025-02-06,Starter,19
U103351,2025-03-08,Starter,19
U103351,2025-04-07,Starter,19
U105373,2025-01-09,Starter,19
U105373,2025-02-08,Starter,19
U105373,2025-03-10,Starter,19
U105373,2025-04-09,Starter,19
U105373,2025-05-09,Starter,19
U105373,2025-06-08,Starter,19
U105373,2025-07-08,Starter,19
U105373,2025-08-07,Starter,19
U101841,2025-01-12,Starter,19
U101841,2025-02-11,Starter,19
U101841,2025-03-13,Starter,19
U101841,2025-04-12,Starter,19
U101841,2025-05-12,Starter,19
U101841,2025-06-11,Starter,19
U101841,2025-07-11,Starter,19
U101841,2025-08-10,Starter,19
U101841,2025-09-09,Starter,19
U101841,2025-10-09,Starter,19
U101841,2025-11-08,Starter,19
U101841,2025-12-08,Starter,19
U103691,2025-01-15,Starter,19
U103691,2025-02-14,Starter,19
U103691,2025-03-16,Starter,19
U103691,2025-04-15,Starter,19
U103691,2025-05-15,Starter,19
U103691,2025-06-14,Starter,19
U103691,2025-07-14,Starter,19
U103691,2025-08-13,Starter,19
U103691,2025-09-12,Starter,19
U103691,2025-10-12,Starter,19
U103691,2025-11-11,Starter,19
U103691,2025-12-11,Starter,19
U107862,2025-01-12,Growth,59
U107862,2025-02-11,Growth,59
U107862,2025-03-13,Growth,59
U107862,2025-04-12,Growth,59
U107862,2025-05-12,Growth,59
U107862,2025-06-11,Growth,59
U107862,2025-07-11,Growth,59
U107862,2025-08-10,Growth,59
U107862,2025-09-09,Growth,59
U107862,2025-10-09,Growth,59
U107862,2025-11-08,Growth,59
U107862,2025-12-08,Growth,59
U104474,2025-01-11,Starter,19
U104474,2025-02-10,Starter,19
U104474,2025-03-12,Starter,19
U104474,2025-04-11,Starter,19
U104474,2025-05-11,Starter,19
U104474,2025-06-10,Starter,19
U104474,2025-07-10,Starter,19
U103838,2025-01-14,Starter,19
U103838,2025-02-13,Starter,19
U103838,2025-03-15,Starter,19
U103838,2025-04-14,Starter,19
U103838,2025-05-14,Starter,19
U103838,2025-06-13,Starter,19
U103838,2025-07-13,Starter,19
U103838,2025-08-12,Starter,19
U102118,2025-01-12,Starter,19
U102118,2025-02-11,Starter,19
U106158,2025-01-09,Starter,19
U107321,2025-01-13,Scale,149
U107321,2025-02-12,Scale,149
U107321,2025-03-14,Scale,149
U107321,2025-04-13,Scale,149
U107321,2025-05-13,Scale,149
U107321,2025-06-12,Scale,149
U107321,2025-07-12,Scale,149
U108138,2025-01-14,Starter,19
U100635,2025-01-19,Starter,19
U100635,2025-02-18,Starter,19
U100635,2025-03-20,Starter,19
U100635,2025-04-19,Starter,19
U100635,2025-05-19,Starter,19
U100635,2025-06-18,Starter,19
U100635,2025-07-18,Starter,19
U100635,2025-08-17,Starter,19
U100635,2025-09-16,Starter,19
U100635,2025-10-16,Starter,19
U100635,2025-11-15,Starter,19
U100635,2025-12-15,Starter,19
U100292,2025-01-16,Scale,149
U100292,2025-02-15,Scale,149
U100292,2025-03-17,Scale,149
U100292,2025-04-16,Scale,149
U100292,2025-05-16,Scale,149
U100292,2025-06-15,Scale,149
U100292,2025-07-15,Scale,149
U100292,2025-08-14,Scale,149
U100292,2025-09-13,Scale,149
U100292,2025-10-13,Scale,149
U100292,2025-11-12,Scale,149
U100292,2025-12-12,Scale,149
U100513,2025-01-18,Growth,59
U100513,2025-02-17,Growth,59
U100513,2025-03-19,Growth,59
U100513,2025-04-18,Growth,59
U100513,2025-05-18,Growth,59
U100513,2025-06-17,Growth,59
U100513,2025-07-17,Growth,59
U100513,2025-08-16,Growth,59
U100513,2025-09-15,Growth,59
U100513,2025-10-15,Growth,59
U101726,2025-01-12,Starter,19
U101726,2025-02-11,Starter,19
U101726,2025-03-13,Starter,19
U101726,2025-04-12,Starter,19
U101726,2025-05-12,Starter,19
U101726,2025-06-11,Starter,19
U101726,2025-07-11,Starter,19
U101726,2025-08-10,Starter,19
U101726,2025-09-09,Starter,19
U101726,2025-10-09,Starter,19
U101726,2025-11-08,Starter,19
U101726,2025-12-08,Starter,19
U106988,2025-01-20,Starter,19
U106988,2025-02-19,Starter,19
U106988,2025-03-21,Starter,19
U106988,2025-04-20,Starter,19
U106988,2025-05-20,Starter,19
U106988,2025-06-19,Starter,19
U106988,2025-07-19,Starter,19
U106988,2025-08-18,Starter,19
U106988,2025-09-17,Starter,19
U106988,2025-10-17,Starter,19
U106988,2025-11-16,Starter,19
U106988,2025-12-16,Starter,19
U104327,2025-01-21,Starter,19
U104327,2025-02-20,Starter,19
U104327,2025-03-22,Starter,19
U104327,2025-04-21,Starter,19
U104327,2025-05-21,Starter,19
U104327,2025-06-20,Starter,19
U104327,2025-07-20,Starter,19
U104327,2025-08-19,Starter,19
U104327,2025-09-18,Starter,19
U104327,2025-10-18,Starter,19
U104327,2025-11-17,Starter,19
U104327,2025-12-17,Starter,19
U100075,2025-01-16,Starter,19
U100075,2025-02-15,Starter,19
U100075,2025-03-17,Starter,19
U100075,2025-04-16,Starter,19
U100075,2025-05-16,Starter,19
U100075,2025-06-15,Starter,19
U100075,2025-07-15,Starter,19
U100075,2025-08-14,Starter,19
U100075,2025-09-13,Starter,19
U100075,2025-10-13,Starter,19
U100075,2025-11-12,Starter,19
U100075,2025-12-12,Starter,19
U106990,2025-01-21,Starter,19
U106990,2025-02-20,Starter,19
U106990,2025-03-22,Starter,19
U106990,2025-04-21,Starter,19
U106990,2025-05-21,Starter,19
U106990,2025-06-20,Starter,19
U106990,2025-07-20,Starter,19
U106990,2025-08-19,Starter,19
U106990,2025-09-18,Starter,19
U106990,2025-10-18,Starter,19
U106990,2025-11-17,Starter,19
U106990,2025-12-17,Starter,19
U102242,2025-01-20,Starter,19
U102242,2025-02-19,Starter,19
U102242,2025-03-21,Starter,19
U102242,2025-04-20,Starter,19
U102242,2025-05-20,Starter,19
U102242,2025-06-19,Starter,19
U102242,2025-07-19,Starter,19
U102242,2025-08-18,Starter,19
U102242,2025-09-17,Starter,19
U102242,2025-10-17,Starter,19
U102242,2025-11-16,Starter,19
U102242,2025-12-16,Starter,19
U102346,2025-01-22,Starter,19
U102346,2025-02-21,Starter,19
U102346,2025-03-23,Starter,19
U101908,2025-01-18,Starter,19
U101908,2025-02-17,Starter,19
U101908,2025-03-19,Starter,19
U101908,2025-04-18,Starter,19
U101908,2025-05-18,Starter,19
U101908,2025-06-17,Starter,19
U101908,2025-07-17,Starter,19
U101908,2025-08-16,Starter,19
U101908,2025-09-15,Starter,19
U101908,2025-10-15,Starter,19
U101908,2025-11-14,Starter,19
U101908,2025-12-14,Starter,19
U106939,2025-01-16,Growth,59
U106939,2025-02-15,Growth,59
U106939,2025-03-17,Growth,59
U106939,2025-04-16,Growth,59
U106939,2025-05-16,Growth,59
U106939,2025-06-15,Growth,59
U106939,2025-07-15,Growth,59
U106939,2025-08-14,Growth,59
U106939,2025-09-13,Growth,59
U105723,2025-01-18,Starter,19
U105723,2025-02-17,Starter,19
U105723,2025-03-19,Starter,19
U105723,2025-04-18,Starter,19
U105723,2025-05-18,Starter,19
U105723,2025-06-17,Starter,19
U105723,2025-07-17,Starter,19
U105723,2025-08-16,Starter,19
U105723,2025-09-15,Starter,19
U105723,2025-10-15,Starter,19
U105723,2025-11-14,Starter,19
U105723,2025-12-14,Starter,19
U103157,2025-01-18,Starter,19
U103157,2025-02-17,Starter,19
U103157,2025-03-19,Starter,19
U103157,2025-04-18,Starter,19
U103157,2025-05-18,Starter,19
U103157,2025-06-17,Starter,19
U103157,2025-07-17,Starter,19
U103157,2025-08-16,Starter,19
U103157,2025-09-15,Starter,19
U103157,2025-10-15,Starter,19
U103157,2025-11-14,Starter,19
U103157,2025-12-14,Starter,19
U101768,2025-01-22,Growth,59
U101768,2025-02-21,Growth,59
U101768,2025-03-23,Growth,59
U101768,2025-04-22,Growth,59
U101768,2025-05-22,Growth,59
U101768,2025-06-21,Growth,59
U101768,2025-07-21,Growth,59
U101768,2025-08-20,Growth,59
U101768,2025-09-19,Growth,59
U101768,2025-10-19,Growth,59
U101768,2025-11-18,Growth,59
U101768,2025-12-18,Growth,59
U100664,2025-01-26,Growth,59
U100664,2025-02-25,Growth,59
U100664,2025-03-27,Growth,59
U100664,2025-04-26,Growth,59
U100664,2025-05-26,Growth,59
U100664,2025-06-25,Growth,59
U100664,2025-07-25,Growth,59
U100664,2025-08-24,Growth,59
U100664,2025-09-23,Growth,59
U100664,2025-10-23,Growth,59
U100664,2025-11-22,Growth,59
U100664,2025-12-22,Growth,59
U104664,2025-01-23,Starter,19
U104664,2025-02-22,Starter,19
U104664,2025-03-24,Starter,19
U105387,2025-01-18,Scale,149
U105387,2025-02-17,Scale,149
U105387,2025-03-19,Scale,149
U105387,2025-04-18,Scale,149
U105387,2025-05-18,Scale,149
U105387,2025-06-17,Scale,149
U105387,2025-07-17,Scale,149
U105387,2025-08-16,Scale,149
U105387,2025-09-15,Scale,149
U105387,2025-10-15,Scale,149
U105387,2025-11-14,Scale,149
U105387,2025-12-14,Scale,149
U103966,2025-01-22,Starter,19
U103966,2025-02-21,Starter,19
U103966,2025-03-23,Starter,19
U103966,2025-04-22,Starter,19
U103966,2025-05-22,Starter,19
U103966,2025-06-21,Starter,19
U103966,2025-07-21,Starter,19
U103966,2025-08-20,Starter,19
U103966,2025-09-19,Starter,19
U103966,2025-10-19,Starter,19
U103966,2025-11-18,Starter,19
U103966,2025-12-18,Starter,19
U105780,2025-01-22,Scale,149
U105780,2025-02-21,Scale,149
U105780,2025-03-23,Scale,149
U105780,2025-04-22,Scale,149
U105780,2025-05-22,Scale,149
U105780,2025-06-21,Scale,149
U105780,2025-07-21,Scale,149
U105780,2025-08-20,Scale,149
U105780,2025-09-19,Scale,149
U105780,2025-10-19,Scale,149
U105780,2025-11-18,Scale,149
U105780,2025-12-18,Scale,149
U103284,2025-01-21,Starter,19
U103284,2025-02-20,Starter,19
U103284,2025-03-22,Starter,19
U103284,2025-04-21,Starter,19
U103284,2025-05-21,Starter,19
U103284,2025-06-20,Starter,19
U103284,2025-07-20,Starter,19
U103284,2025-08-19,Starter,19
U103284,2025-09-18,Starter,19
U103284,2025-10-18,Starter,19
U103284,2025-11-17,Starter,19
U103284,2025-12-17,Starter,19
U106745,2025-01-21,Starter,19
U106745,2025-02-20,Starter,19
U106745,2025-03-22,Starter,19
U105436,2025-01-24,Growth,59
U105436,2025-02-23,Growth,59
U105436,2025-03-25,Growth,59
U105436,2025-04-24,Growth,59
U105436,2025-05-24,Growth,59
U105436,2025-06-23,Growth,59
U105436,2025-07-23,Growth,59
U105436,2025-08-22,Growth,59
U105436,2025-09-21,Growth,59
U105436,2025-10-21,Growth,59
U105436,2025-11-20,Growth,59
U105436,2025-12-20,Growth,59
U102147,2025-01-23,Starter,19
U102147,2025-02-22,Starter,19
U102147,2025-03-24,Starter,19
U102147,2025-04-23,Starter,19
U102147,2025-05-23,Starter,19
U102147,2025-06-22,Starter,19
U102147,2025-07-22,Starter,19
U102147,2025-08-21,Starter,19
U102147,2025-09-20,Starter,19
U102147,2025-10-20,Starter,19
U102147,2025-11-19,Starter,19
U102147,2025-12-19,Starter,19
U102514,2025-01-26,Starter,19
U102514,2025-02-25,Starter,19
U102514,2025-03-27,Starter,19
U102514,2025-04-26,Starter,19
U102514,2025-05-26,Starter,19
U102514,2025-06-25,Starter,19
U102514,2025-07-25,Starter,19
U102514,2025-08-24,Starter,19
U102514,2025-09-23,Starter,19
U102514,2025-10-23,Starter,19
U102514,2025-11-22,Starter,19
U102514,2025-12-22,Starter,19
U105470,2025-01-21,Starter,19
U105470,2025-02-20,Starter,19
U106156,2025-01-24,Scale,149
U106156,2025-02-23,Scale,149
U106156,2025-03-25,Scale,149
U106156,2025-04-24,Scale,149
U106156,2025-05-24,Scale,149
U106156,2025-06-23,Scale,149
U106156,2025-07-23,Scale,149
U106156,2025-08-22,Scale,149
U106156,2025-09-21,Scale,149
U106156,2025-10-21,Scale,149
U106156,2025-11-20,Scale,149
U106156,2025-12-20,Scale,149
U100109,2025-01-25,Starter,19
U100109,2025-02-24,Starter,19
U100109,2025-03-26,Starter,19
U100109,2025-04-25,Starter,19
U100109,2025-05-25,Starter,19
U100109,2025-06-24,Starter,19
U100109,2025-07-24,Starter,19
U100109,2025-08-23,Starter,19
U100109,2025-09-22,Starter,19
U100109,2025-10-22,Starter,19
U100109,2025-11-21,Starter,19
U100109,2025-12-21,Starter,19
U100921,2025-01-21,Growth,59
U100921,2025-02-20,Growth,59
U100921,2025-03-22,Growth,59
U100921,2025-04-21,Growth,59
U100869,2025-01-21,Starter,19
U100869,2025-02-20,Starter,19
U100869,2025-03-22,Starter,19
U100869,2025-04-21,Starter,19
U100869,2025-05-21,Starter,19
U100869,2025-06-20,Starter,19
U100869,2025-07-20,Starter,19
U100869,2025-08-19,Starter,19
U100869,2025-09-18,Starter,19
U100869,2025-10-18,Starter,19
U100869,2025-11-17,Starter,19
U100869,2025-12-17,Starter,19
U100940,2025-01-23,Starter,19
U100940,2025-02-22,Starter,19
U100940,2025-03-24,Starter,19
U100940,2025-04-23,Starter,19
U100940,2025-05-23,Starter,19
U100940,2025-06-22,Starter,19
U100940,2025-07-22,Starter,19
U100940,2025-08-21,Starter,19
U104091,2025-01-26,Starter,19
U104091,2025-02-25,Starter,19
U104091,2025-03-27,Starter,19
U104091,2025-04-26,Starter,19
U105912,2025-01-22,Starter,19
U105463,2025-01-26,Starter,19
U105463,2025-02-25,Starter,19
U105463,2025-03-27,Starter,19
U105463,2025-04-26,Starter,19
U105463,2025-05-26,Starter,19
U105463,2025-06-25,Starter,19
U105463,2025-07-25,Starter,19
U105463,2025-08-24,Starter,19
U105463,2025-09-23,Starter,19
U105463,2025-10-23,Starter,19
U105463,2025-11-22,Starter,19
U105463,2025-12-22,Starter,19
U102022,2025-01-24,Starter,19
U102022,2025-02-23,Starter,19
U102022,2025-03-25,Starter,19
U102022,2025-04-24,Starter,19
U102022,2025-05-24,Starter,19
U102022,2025-06-23,Starter,19
U102022,2025-07-23,Starter,19
U102022,2025-08-22,Starter,19
U102022,2025-09-21,Starter,19
U102022,2025-10-21,Starter,19
U102022,2025-11-20,Starter,19
U102022,2025-12-20,Starter,19
U100908,2025-02-01,Scale,149
U100908,2025-03-03,Scale,149
U100908,2025-04-02,Scale,149
U100908,2025-05-02,Scale,149
U100908,2025-06-01,Scale,149
U100908,2025-07-01,Scale,149
U106563,2025-02-01,Starter,19
U106563,2025-03-03,Starter,19
U106563,2025-04-02,Starter,19
U106563,2025-05-02,Starter,19
U106563,2025-06-01,Starter,19
U106563,2025-07-01,Starter,19
U106563,2025-07-31,Starter,19
U106563,2025-08-30,Starter,19
U106563,2025-09-29,Starter,19
U106563,2025-10-29,Starter,19
U106563,2025-11-28,Starter,19
U101685,2025-01-27,Growth,59
U101685,2025-02-26,Growth,59
U101685,2025-03-28,Growth,59
U101685,2025-04-27,Growth,59
U101685,2025-05-27,Growth,59
U101685,2025-06-26,Growth,59
U101685,2025-07-26,Growth,59
U101685,2025-08-25,Growth,59
U101685,2025-09-24,Growth,59
U101685,2025-10-24,Growth,59
U101685,2025-11-23,Growth,59
U101685,2025-12-23,Growth,59
U107385,2025-01-29,Starter,19
U107385,2025-02-28,Starter,19
U107385,2025-03-30,Starter,19
U107385,2025-04-29,Starter,19
U107385,2025-05-29,Starter,19
U107385,2025-06-28,Starter,19
U107385,2025-07-28,Starter,19
U107385,2025-08-27,Starter,19
U107385,2025-09-26,Starter,19
U107385,2025-10-26,Starter,19
U107385,2025-11-25,Starter,19
U107385,2025-12-25,Starter,19
U100938,2025-01-30,Starter,19
U100938,2025-03-01,Starter,19
U100938,2025-03-31,Starter,19
U100938,2025-04-30,Starter,19
U100938,2025-05-30,Starter,19
U100938,2025-06-29,Starter,19
U100938,2025-07-29,Starter,19
U100938,2025-08-28,Starter,19
U100938,2025-09-27,Starter,19
U100938,2025-10-27,Starter,19
U100938,2025-11-26,Starter,19
U100938,2025-12-26,Starter,19
U103154,2025-02-03,Starter,19
U103154,2025-03-05,Starter,19
U103154,2025-04-04,Starter,19
U103154,2025-05-04,Starter,19
U103154,2025-06-03,Starter,19
U103154,2025-07-03,Starter,19
U103154,2025-08-02,Starter,19
U103154,2025-09-01,Starter,19
U103154,2025-10-01,Starter,19
U103154,2025-10-31,Starter,19
U103154,2025-11-30,Starter,19
U103154,2025-12-30,Starter,19
U101415,2025-01-27,Starter,19
U101415,2025-02-26,Starter,19
U101415,2025-03-28,Starter,19
U101415,2025-04-27,Starter,19
U101415,2025-05-27,Starter,19
U101415,2025-06-26,Starter,19
U101415,2025-07-26,Starter,19
U101415,2025-08-25,Starter,19
U101415,2025-09-24,Starter,19
U101415,2025-10-24,Starter,19
U101415,2025-11-23,Starter,19
U101415,2025-12-23,Starter,19
U102399,2025-02-03,Growth,59
U102399,2025-03-05,Growth,59
U102399,2025-04-04,Growth,59
U102399,2025-05-04,Growth,59
U102399,2025-06-03,Growth,59
U101674,2025-01-27,Starter,19
U101674,2025-02-26,Starter,19
U101674,2025-03-28,Starter,19
U101674,2025-04-27,Starter,19
U101674,2025-05-27,Starter,19
U101674,2025-06-26,Starter,19
U101674,2025-07-26,Starter,19
U101674,2025-08-25,Starter,19
U101674,2025-09-24,Starter,19
U101674,2025-10-24,Starter,19
U101674,2025-11-23,Starter,19
U101674,2025-12-23,Starter,19
U104653,2025-01-30,Starter,19
U104653,2025-03-01,Starter,19
U104653,2025-03-31,Starter,19
U104653,2025-04-30,Starter,19
U104653,2025-05-30,Starter,19
U103788,2025-02-02,Scale,149
U103788,2025-03-04,Scale,149
U103788,2025-04-03,Scale,149
U103788,2025-05-03,Scale,149
U103788,2025-06-02,Scale,149
U103788,2025-07-02,Scale,149
U103788,2025-08-01,Scale,149
U103788,2025-08-31,Scale,149
U103788,2025-09-30,Scale,149
U103788,2025-10-30,Scale,149
U103788,2025-11-29,Scale,149
U103788,2025-12-29,Scale,149
U101040,2025-01-31,Growth,59
U101040,2025-03-02,Growth,59
U101040,2025-04-01,Growth,59
U101040,2025-05-01,Growth,59
U101040,2025-05-31,Growth,59
U101040,2025-06-30,Growth,59
U101040,2025-07-30,Growth,59
U101040,2025-08-29,Growth,59
U101040,2025-09-28,Growth,59
U101040,2025-10-28,Growth,59
U101040,2025-11-27,Growth,59
U101040,2025-12-27,Growth,59
U103495,2025-01-31,Growth,59
U103495,2025-03-02,Growth,59
U103236,2025-02-02,Growth,59
U103236,2025-03-04,Growth,59
U103236,2025-04-03,Growth,59
U103236,2025-05-03,Growth,59
U103236,2025-06-02,Growth,59
U104678,2025-02-03,Starter,19
U104678,2025-03-05,Starter,19
U104678,2025-04-04,Starter,19
U104678,2025-05-04,Starter,19
U104678,2025-06-03,Starter,19
U104678,2025-07-03,Starter,19
U105664,2025-02-02,Starter,19
U105664,2025-03-04,Starter,19
U105664,2025-04-03,Starter,19
U105664,2025-05-03,Starter,19
U106394,2025-01-29,Starter,19
U106394,2025-02-28,Starter,19
U106394,2025-03-30,Starter,19
U106394,2025-04-29,Starter,19
U106394,2025-05-29,Starter,19
U106394,2025-06-28,Starter,19
U106394,2025-07-28,Starter,19
U106394,2025-08-27,Starter,19
U106394,2025-09-26,Starter,19
U106394,2025-10-26,Starter,19
U106394,2025-11-25,Starter,19
U106394,2025-12-25,Starter,19
U106663,2025-01-31,Starter,19
U106663,2025-03-02,Starter,19
U106663,2025-04-01,Starter,19
U106663,2025-05-01,Starter,19
U106663,2025-05-31,Starter,19
U106663,2025-06-30,Starter,19
U106663,2025-07-30,Starter,19
U106663,2025-08-29,Starter,19
U106663,2025-09-28,Starter,19
U106663,2025-10-28,Starter,19
U106663,2025-11-27,Starter,19
U106663,2025-12-27,Starter,19
U101189,2025-01-29,Scale,149
U101189,2025-02-28,Scale,149
U101189,2025-03-30,Scale,149
U101189,2025-04-29,Scale,149
U101189,2025-05-29,Scale,149
U101189,2025-06-28,Scale,149
U101189,2025-07-28,Scale,149
U101189,2025-08-27,Scale,149
U108348,2025-02-03,Growth,59
U108348,2025-03-05,Growth,59
U108348,2025-04-04,Growth,59
U108348,2025-05-04,Growth,59
U108348,2025-06-03,Growth,59
U108348,2025-07-03,Growth,59
U108348,2025-08-02,Growth,59
U108348,2025-09-01,Growth,59
U108348,2025-10-01,Growth,59
U108348,2025-10-31,Growth,59
U108348,2025-11-30,Growth,59
U108348,2025-12-30,Growth,59
U106855,2025-02-02,Growth,59
U106855,2025-03-04,Growth,59
U106855,2025-04-03,Growth,59
U106855,2025-05-03,Growth,59
U106855,2025-06-02,Growth,59
U106855,2025-07-02,Growth,59
U105363,2025-02-06,Growth,59
U105363,2025-03-08,Growth,59
U105363,2025-04-07,Growth,59
U105363,2025-05-07,Growth,59
U105363,2025-06-06,Growth,59
U105363,2025-07-06,Growth,59
U105363,2025-08-05,Growth,59
U105363,2025-09-04,Growth,59
U105363,2025-10-04,Growth,59
U105363,2025-11-03,Growth,59
U105363,2025-12-03,Growth,59
U107912,2025-02-07,Starter,19
U107912,2025-03-09,Starter,19
U107624,2025-02-05,Scale,149
U107624,2025-03-07,Scale,149
U107624,2025-04-06,Scale,149
U107624,2025-05-06,Scale,149
U107624,2025-06-05,Scale,149
U107624,2025-07-05,Scale,149
U107624,2025-08-04,Scale,149
U104079,2025-02-02,Growth,59
U104079,2025-03-04,Growth,59
U104079,2025-04-03,Growth,59
U104079,2025-05-03,Growth,59
U104079,2025-06-02,Growth,59
U104079,2025-07-02,Growth,59
U104079,2025-08-01,Growth,59
U104079,2025-08-31,Growth,59
U104079,2025-09-30,Growth,59
U104079,2025-10-30,Growth,59
U104079,2025-11-29,Growth,59
U104079,2025-12-29,Growth,59
U104388,2025-02-09,Starter,19
U104388,2025-03-11,Starter,19
U101904,2025-02-08,Growth,59
U101904,2025-03-10,Growth,59
U102209,2025-02-08,Starter,19
U102209,2025-03-10,Starter,19
U102209,2025-04-09,Starter,19
U102209,2025-05-09,Starter,19
U102209,2025-06-08,Starter,19
U102209,2025-07-08,Starter,19
U102209,2025-08-07,Starter,19
U102209,2025-09-06,Starter,19
U102209,2025-10-06,Starter,19
U102209,2025-11-05,Starter,19
U102209,2025-12-05,Starter,19
U107965,2025-02-09,Starter,19
U107965,2025-03-11,Starter,19
U107965,2025-04-10,Starter,19
U107965,2025-05-10,Starter,19
U107965,2025-06-09,Starter,19
U107965,2025-07-09,Starter,19
U107965,2025-08-08,Starter,19
U107965,2025-09-07,Starter,19
U107965,2025-10-07,Starter,19
U107965,2025-11-06,Starter,19
U107965,2025-12-06,Starter,19
U102957,2025-02-06,Starter,19
U102957,2025-03-08,Starter,19
U102957,2025-04-07,Starter,19
U102957,2025-05-07,Starter,19
U102957,2025-06-06,Starter,19
U102957,2025-07-06,Starter,19
U102957,2025-08-05,Starter,19
U102957,2025-09-04,Starter,19
U102957,2025-10-04,Starter,19
U102957,2025-11-03,Starter,19
U102957,2025-12-03,Starter,19
U102442,2025-02-09,Starter,19
U102442,2025-03-11,Starter,19
U102442,2025-04-10,Starter,19
U102442,2025-05-10,Starter,19
U102442,2025-06-09,Starter,19
U102442,2025-07-09,Starter,19
U102442,2025-08-08,Starter,19
U102442,2025-09-07,Starter,19
U102442,2025-10-07,Starter,19
U102442,2025-11-06,Starter,19
U102442,2025-12-06,Starter,19
U103806,2025-02-11,Growth,59
U103806,2025-03-13,Growth,59
U103806,2025-04-12,Growth,59
U103806,2025-05-12,Growth,59
U103806,2025-06-11,Growth,59
U103806,2025-07-11,Growth,59
U103806,2025-08-10,Growth,59
U104374,2025-02-06,Starter,19
U104374,2025-03-08,Starter,19
U101661,2025-02-05,Growth,59
U101661,2025-03-07,Growth,59
U101661,2025-04-06,Growth,59
U101661,2025-05-06,Growth,59
U101661,2025-06-05,Growth,59
U101661,2025-07-05,Growth,59
U101661,2025-08-04,Growth,59
U101661,2025-09-03,Growth,59
U101661,2025-10-03,Growth,59
U101661,2025-11-02,Growth,59
U101661,2025-12-02,Growth,59
U100084,2025-02-07,Growth,59
U100084,2025-03-09,Growth,59
U100084,2025-04-08,Growth,59
U104997,2025-02-06,Growth,59
U104997,2025-03-08,Growth,59
U104997,2025-04-07,Growth,59
U104997,2025-05-07,Growth,59
U104997,2025-06-06,Growth,59
U104997,2025-07-06,Growth,59
U104997,2025-08-05,Growth,59
U104997,2025-09-04,Growth,59
U104997,2025-10-04,Growth,59
U104997,2025-11-03,Growth,59
U104997,2025-12-03,Growth,59
U107367,2025-02-09,Starter,19
U103142,2025-02-14,Growth,59
U103142,2025-03-16,Growth,59
U103142,2025-04-15,Growth,59
U103142,2025-05-15,Growth,59
U103142,2025-06-14,Growth,59
U103142,2025-07-14,Growth,59
U103142,2025-08-13,Growth,59
U103142,2025-09-12,Growth,59
U103142,2025-10-12,Growth,59
U103142,2025-11-11,Growth,59
U103142,2025-12-11,Growth,59
U102548,2025-02-09,Starter,19
U102548,2025-03-11,Starter,19
U102548,2025-04-10,Starter,19
U102548,2025-05-10,Starter,19
U102548,2025-06-09,Starter,19
U102548,2025-07-09,Starter,19
U102548,2025-08-08,Starter,19
U102548,2025-09-07,Starter,19
U102548,2025-10-07,Starter,19
U102548,2025-11-06,Starter,19
U102548,2025-12-06,Starter,19
U108385,2025-02-14,Starter,19
U108385,2025-03-16,Starter,19
U108385,2025-04-15,Starter,19
U108385,2025-05-15,Starter,19
U108385,2025-06-14,Starter,19
U108385,2025-07-14,Starter,19
U108385,2025-08-13,Starter,19
U108385,2025-09-12,Starter,19
U108385,2025-10-12,Starter,19
U108385,2025-11-11,Starter,19
U108385,2025-12-11,Starter,19
U105878,2025-02-07,Growth,59
U105878,2025-03-09,Growth,59
U105878,2025-04-08,Growth,59
U105878,2025-05-08,Growth,59
U105878,2025-06-07,Growth,59
U105878,2025-07-07,Growth,59
U105878,2025-08-06,Growth,59
U105878,2025-09-05,Growth,59
U105878,2025-10-05,Growth,59
U105878,2025-11-04,Growth,59
U105878,2025-12-04,Growth,59
U105279,2025-02-12,Starter,19
U105279,2025-03-14,Starter,19
U107868,2025-02-08,Growth,59
U102970,2025-02-11,Growth,59
U102970,2025-03-13,Growth,59
U102970,2025-04-12,Growth,59
U102970,2025-05-12,Growth,59
U102970,2025-06-11,Growth,59
U102970,2025-07-11,Growth,59
U102970,2025-08-10,Growth,59
U102970,2025-09-09,Growth,59
U102970,2025-10-09,Growth,59
U102970,2025-11-08,Growth,59
U102970,2025-12-08,Growth,59
U104070,2025-02-09,Starter,19
U103685,2025-02-16,Growth,59
U103685,2025-03-18,Growth,59
U103685,2025-04-17,Growth,59
U103685,2025-05-17,Growth,59
U103685,2025-06-16,Growth,59
U103685,2025-07-16,Growth,59
U103685,2025-08-15,Growth,59
U105747,2025-02-09,Starter,19
U105747,2025-03-11,Starter,19
U105747,2025-04-10,Starter,19
U105747,2025-05-10,Starter,19
U105747,2025-06-09,Starter,19
U105747,2025-07-09,Starter,19
U105747,2025-08-08,Starter,19
U105747,2025-09-07,Starter,19
U105747,2025-10-07,Starter,19
U105747,2025-11-06,Starter,19
U105747,2025-12-06,Starter,19
U103168,2025-02-12,Scale,149
U103168,2025-03-14,Scale,149
U103168,2025-04-13,Scale,149
U103168,2025-05-13,Scale,149
U103168,2025-06-12,Scale,149
U103168,2025-07-12,Scale,149
U103168,2025-08-11,Scale,149
U103168,2025-09-10,Scale,149
U103168,2025-10-10,Scale,149
U103168,2025-11-09,Scale,149
U103168,2025-12-09,Scale,149
U102204,2025-02-12,Starter,19
U102204,2025-03-14,Starter,19
U102204,2025-04-13,Starter,19
U102204,2025-05-13,Starter,19
U102204,2025-06-12,Starter,19
U102204,2025-07-12,Starter,19
U102204,2025-08-11,Starter,19
U102204,2025-09-10,Starter,19
U102204,2025-10-10,Starter,19
U102204,2025-11-09,Starter,19
U102204,2025-12-09,Starter,19
U102078,2025-02-17,Scale,149
U102078,2025-03-19,Scale,149
U102078,2025-04-18,Scale,149
U102078,2025-05-18,Scale,149
U105038,2025-02-12,Starter,19
U105038,2025-03-14,Starter,19
U105038,2025-04-13,Starter,19
U105038,2025-05-13,Starter,19
U105038,2025-06-12,Starter,19
U105038,2025-07-12,Starter,19
U105038,2025-08-11,Starter,19
U105038,2025-09-10,Starter,19
U105038,2025-10-10,Starter,19
U105038,2025-11-09,Starter,19
U105038,2025-12-09,Starter,19
U101597,2025-02-15,Scale,149
U101597,2025-03-17,Scale,149
U101597,2025-04-16,Scale,149
U101597,2025-05-16,Scale,149
U101597,2025-06-15,Scale,149
U101597,2025-07-15,Scale,149
U101597,2025-08-14,Scale,149
U101597,2025-09-13,Scale,149
U101597,2025-10-13,Scale,149
U101597,2025-11-12,Scale,149
U101597,2025-12-12,Scale,149
U106816,2025-02-11,Growth,59
U106816,2025-03-13,Growth,59
U106816,2025-04-12,Growth,59
U106816,2025-05-12,Growth,59
U106816,2025-06-11,Growth,59
U106816,2025-07-11,Growth,59
U106816,2025-08-10,Growth,59
U106816,2025-09-09,Growth,59
U106816,2025-10-09,Growth,59
U106816,2025-11-08,Growth,59
U106816,2025-12-08,Growth,59
U107779,2025-02-14,Starter,19
U107779,2025-03-16,Starter,19
U107779,2025-04-15,Starter,19
U107779,2025-05-15,Starter,19
U107779,2025-06-14,Starter,19
U107779,2025-07-14,Starter,19
U107779,2025-08-13,Starter,19
U107779,2025-09-12,Starter,19
U107779,2025-10-12,Starter,19
U107779,2025-11-11,Starter,19
U107779,2025-12-11,Starter,19
U100213,2025-02-16,Starter,19
U100213,2025-03-18,Starter,19
U100213,2025-04-17,Starter,19
U100213,2025-05-17,Starter,19
U101512,2025-02-15,Starter,19
U101512,2025-03-17,Starter,19
U104325,2025-02-18,Starter,19
U104325,2025-03-20,Starter,19
U104325,2025-04-19,Starter,19
U104325,2025-05-19,Starter,19
U104325,2025-06-18,Starter,19
U104325,2025-07-18,Starter,19
U104325,2025-08-17,Starter,19
U104325,2025-09-16,Starter,19
U104325,2025-10-16,Starter,19
U104325,2025-11-15,Starter,19
U104325,2025-12-15,Starter,19
U106418,2025-02-16,Growth,59
U106418,2025-03-18,Growth,59
U106418,2025-04-17,Growth,59
U106418,2025-05-17,Growth,59
U106418,2025-06-16,Growth,59
U106418,2025-07-16,Growth,59
U106418,2025-08-15,Growth,59
U106418,2025-09-14,Growth,59
U106418,2025-10-14,Growth,59
U106418,2025-11-13,Growth,59
U106418,2025-12-13,Growth,59
U104201,2025-02-16,Starter,19
U104201,2025-03-18,Starter,19
U104201,2025-04-17,Starter,19
U104201,2025-05-17,Starter,19
U104201,2025-06-16,Starter,19
U104201,2025-07-16,Starter,19
U104201,2025-08-15,Starter,19
U104201,2025-09-14,Starter,19
U104201,2025-10-14,Starter,19
U104201,2025-11-13,Starter,19
U104201,2025-12-13,Starter,19
U100970,2025-02-18,Growth,59
U100970,2025-03-20,Growth,59
U100970,2025-04-19,Growth,59
U100970,2025-05-19,Growth,59
U100970,2025-06-18,Growth,59
U100970,2025-07-18,Growth,59
U100970,2025-08-17,Growth,59
U100970,2025-09-16,Growth,59
U100970,2025-10-16,Growth,59
U100970,2025-11-15,Growth,59
U100970,2025-12-15,Growth,59
U106252,2025-02-17,Starter,19
U106252,2025-03-19,Starter,19
U106252,2025-04-18,Starter,19
U106252,2025-05-18,Starter,19
U106252,2025-06-17,Starter,19
U106252,2025-07-17,Starter,19
U106252,2025-08-16,Starter,19
U106252,2025-09-15,Starter,19
U106252,2025-10-15,Starter,19
U106252,2025-11-14,Starter,19
U106252,2025-12-14,Starter,19
U100536,2025-02-19,Starter,19
U100536,2025-03-21,Starter,19
U100536,2025-04-20,Starter,19
U100536,2025-05-20,Starter,19
U100536,2025-06-19,Starter,19
U100536,2025-07-19,Starter,19
U100536,2025-08-18,Starter,19
U100536,2025-09-17,Starter,19
U100536,2025-10-17,Starter,19
U100536,2025-11-16,Starter,19
U100536,2025-12-16,Starter,19
U108081,2025-02-14,Starter,19
U108081,2025-03-16,Starter,19
U108081,2025-04-15,Starter,19
U108081,2025-05-15,Starter,19
U108081,2025-06-14,Starter,19
U108081,2025-07-14,Starter,19
U108081,2025-08-13,Starter,19
U108081,2025-09-12,Starter,19
U108081,2025-10-12,Starter,19
U108081,2025-11-11,Starter,19
U108081,2025-12-11,Starter,19
U107410,2025-02-14,Growth,59
U107410,2025-03-16,Growth,59
U107410,2025-04-15,Growth,59
U107410,2025-05-15,Growth,59
U107410,2025-06-14,Growth,59
U105154,2025-02-18,Growth,59
U105154,2025-03-20,Growth,59
U105154,2025-04-19,Growth,59
U105154,2025-05-19,Growth,59
U105154,2025-06-18,Growth,59
U105154,2025-07-18,Growth,59
U105154,2025-08-17,Growth,59
U105154,2025-09-16,Growth,59
U105154,2025-10-16,Growth,59
U105154,2025-11-15,Growth,59
U105154,2025-12-15,Growth,59
U101722,2025-02-21,Growth,59
U101722,2025-03-23,Growth,59
U101722,2025-04-22,Growth,59
U101722,2025-05-22,Growth,59
U101722,2025-06-21,Growth,59
U101722,2025-07-21,Growth,59
U101722,2025-08-20,Growth,59
U101722,2025-09-19,Growth,59
U101722,2025-10-19,Growth,59
U101722,2025-11-18,Growth,59
U101722,2025-12-18,Growth,59
U105882,2025-02-19,Starter,19
U105882,2025-03-21,Starter,19
U101811,2025-02-18,Starter,19
U101811,2025-03-20,Starter,19
U101811,2025-04-19,Starter,19
U101811,2025-05-19,Starter,19
U101811,2025-06-18,Starter,19
U101811,2025-07-18,Starter,19
U101811,2025-08-17,Starter,19
U101811,2025-09-16,Starter,19
U101811,2025-10-16,Starter,19
U101811,2025-11-15,Starter,19
U101811,2025-12-15,Starter,19
U104951,2025-02-20,Starter,19
U104951,2025-03-22,Starter,19
U104951,2025-04-21,Starter,19
U104951,2025-05-21,Starter,19
U104951,2025-06-20,Starter,19
U104951,2025-07-20,Starter,19
U104951,2025-08-19,Starter,19
U104951,2025-09-18,Starter,19
U104951,2025-10-18,Starter,19
U104951,2025-11-17,Starter,19
U104951,2025-12-17,Starter,19
U105646,2025-02-19,Growth,59
U105646,2025-03-21,Growth,59
U105646,2025-04-20,Growth,59
U101555,2025-02-20,Growth,59
U101555,2025-03-22,Growth,59
U101555,2025-04-21,Growth,59
U101555,2025-05-21,Growth,59
U102100,2025-02-21,Growth,59
U102100,2025-03-23,Growth,59
U102100,2025-04-22,Growth,59
U102406,2025-02-25,Starter,19
U102406,2025-03-27,Starter,19
U105333,2025-02-23,Growth,59
U105333,2025-03-25,Growth,59
U105333,2025-04-24,Growth,59
U105333,2025-05-24,Growth,59
U105333,2025-06-23,Growth,59
U105333,2025-07-23,Growth,59
U105333,2025-08-22,Growth,59
U105333,2025-09-21,Growth,59
U105333,2025-10-21,Growth,59
U105333,2025-11-20,Growth,59
U105333,2025-12-20,Growth,59
U101785,2025-03-01,Growth,59
U101785,2025-03-31,Growth,59
U101785,2025-04-30,Growth,59
U101785,2025-05-30,Growth,59
U101785,2025-06-29,Growth,59
U101785,2025-07-29,Growth,59
U101785,2025-08-28,Growth,59
U101785,2025-09-27,Growth,59
U101785,2025-10-27,Growth,59
U101785,2025-11-26,Growth,59
U101785,2025-12-26,Growth,59
U100909,2025-02-25,Growth,59
U100909,2025-03-27,Growth,59
U100909,2025-04-26,Growth,59
U102374,2025-02-26,Starter,19
U102374,2025-03-28,Starter,19
U102374,2025-04-27,Starter,19
U102374,2025-05-27,Starter,19
U102374,2025-06-26,Starter,19
U102374,2025-07-26,Starter,19
U101173,2025-03-04,Starter,19
U101173,2025-04-03,Starter,19
U101173,2025-05-03,Starter,19
U101173,2025-06-02,Starter,19
U101173,2025-07-02,Starter,19
U101173,2025-08-01,Starter,19
U101063,2025-02-27,Growth,59
U101063,2025-03-29,Growth,59
U101063,2025-04-28,Growth,59
U101063,2025-05-28,Growth,59
U101063,2025-06-27,Growth,59
U101063,2025-07-27,Growth,59
U101063,2025-08-26,Growth,59
U101063,2025-09-25,Growth,59
U101063,2025-10-25,Growth,59
U107873,2025-03-04,Starter,19
U107873,2025-04-03,Starter,19
U107873,2025-05-03,Starter,19
U107873,2025-06-02,Starter,19
U107873,2025-07-02,Starter,19
U107873,2025-08-01,Starter,19
U103757,2025-03-02,Growth,59
U103757,2025-04-01,Growth,59
U103757,2025-05-01,Growth,59
U103757,2025-05-31,Growth,59
U103757,2025-06-30,Growth,59
U103757,2025-07-30,Growth,59
U103757,2025-08-29,Growth,59
U103757,2025-09-28,Growth,59
U103757,2025-10-28,Growth,59
U103757,2025-11-27,Growth,59
U103757,2025-12-27,Growth,59
U104048,2025-02-28,Starter,19
U104048,2025-03-30,Starter,19
U104048,2025-04-29,Starter,19
U104048,2025-05-29,Starter,19
U106464,2025-02-26,Starter,19
U106464,2025-03-28,Starter,19
U106464,2025-04-27,Starter,19
U106464,2025-05-27,Starter,19
U106464,2025-06-26,Starter,19
U106464,2025-07-26,Starter,19
U106464,2025-08-25,Starter,19
U106464,2025-09-24,Starter,19
U106464,2025-10-24,Starter,19
U106464,2025-11-23,Starter,19
U106464,2025-12-23,Starter,19
U106620,2025-02-27,Growth,59
U106620,2025-03-29,Growth,59
U106620,2025-04-28,Growth,59
U106620,2025-05-28,Growth,59
U106620,2025-06-27,Growth,59
U106620,2025-07-27,Growth,59
U106620,2025-08-26,Growth,59
U106620,2025-09-25,Growth,59
U106620,2025-10-25,Growth,59
U106620,2025-11-24,Growth,59
U106620,2025-12-24,Growth,59
U106282,2025-02-28,Growth,59
U106282,2025-03-30,Growth,59
U106282,2025-04-29,Growth,59
U106282,2025-05-29,Growth,59
U106282,2025-06-28,Growth,59
U106282,2025-07-28,Growth,59
U106282,2025-08-27,Growth,59
U106282,2025-09-26,Growth,59
U106282,2025-10-26,Growth,59
U106282,2025-11-25,Growth,59
U106282,2025-12-25,Growth,59
U101877,2025-03-01,Growth,59
U101877,2025-03-31,Growth,59
U101877,2025-04-30,Growth,59
U101877,2025-05-30,Growth,59
U101877,2025-06-29,Growth,59
U101877,2025-07-29,Growth,59
U101877,2025-08-28,Growth,59
U101877,2025-09-27,Growth,59
U101877,2025-10-27,Growth,59
U101877,2025-11-26,Growth,59
U101877,2025-12-26,Growth,59
U102838,2025-02-27,Starter,19
U102838,2025-03-29,Starter,19
U102838,2025-04-28,Starter,19
U102838,2025-05-28,Starter,19
U102838,2025-06-27,Starter,19
U102838,2025-07-27,Starter,19
U102838,2025-08-26,Starter,19
U102838,2025-09-25,Starter,19
U102838,2025-10-25,Starter,19
U102838,2025-11-24,Starter,19
U102838,2025-12-24,Starter,19
U102735,2025-02-28,Growth,59
U102735,2025-03-30,Growth,59
U102735,2025-04-29,Growth,59
U102735,2025-05-29,Growth,59
U102735,2025-06-28,Growth,59
U102735,2025-07-28,Growth,59
U102735,2025-08-27,Growth,59
U102735,2025-09-26,Growth,59
U102735,2025-10-26,Growth,59
U102735,2025-11-25,Growth,59
U102735,2025-12-25,Growth,59
U103015,2025-03-02,Starter,19
U103015,2025-04-01,Starter,19
U103015,2025-05-01,Starter,19
U103015,2025-05-31,Starter,19
U103015,2025-06-30,Starter,19
U103015,2025-07-30,Starter,19
U103015,2025-08-29,Starter,19
U103015,2025-09-28,Starter,19
U103015,2025-10-28,Starter,19
U103015,2025-11-27,Starter,19
U103015,2025-12-27,Starter,19
U107329,2025-03-03,Growth,59
U107329,2025-04-02,Growth,59
U107329,2025-05-02,Growth,59
U107329,2025-06-01,Growth,59
U107329,2025-07-01,Growth,59
U102073,2025-03-09,Growth,59
U102073,2025-04-08,Growth,59
U102073,2025-05-08,Growth,59
U102073,2025-06-07,Growth,59
U102073,2025-07-07,Growth,59
U102073,2025-08-06,Growth,59
U102073,2025-09-05,Growth,59
U102073,2025-10-05,Growth,59
U102073,2025-11-04,Growth,59
U102073,2025-12-04,Growth,59
U102817,2025-03-10,Growth,59
U105525,2025-03-07,Starter,19
U105525,2025-04-06,Starter,19
U105525,2025-05-06,Starter,19
U105525,2025-06-05,Starter,19
U105525,2025-07-05,Starter,19
U105525,2025-08-04,Starter,19
U105525,2025-09-03,Starter,19
U105525,2025-10-03,Starter,19
U105525,2025-11-02,Starter,19
U105525,2025-12-02,Starter,19
U107749,2025-03-10,Scale,149
U107749,2025-04-09,Scale,149
U107749,2025-05-09,Scale,149
U107749,2025-06-08,Scale,149
U107749,2025-07-08,Scale,149
U107749,2025-08-07,Scale,149
U107749,2025-09-06,Scale,149
U107749,2025-10-06,Scale,149
U107749,2025-11-05,Scale,149
U107749,2025-12-05,Scale,149
U101858,2025-03-06,Growth,59
U101858,2025-04-05,Growth,59
U101858,2025-05-05,Growth,59
U101858,2025-06-04,Growth,59
U101858,2025-07-04,Growth,59
U101858,2025-08-03,Growth,59
U102344,2025-03-09,Scale,149
U102344,2025-04-08,Scale,149
U102344,2025-05-08,Scale,149
U102344,2025-06-07,Scale,149
U102344,2025-07-07,Scale,149
U102344,2025-08-06,Scale,149
U102344,2025-09-05,Scale,149
U102344,2025-10-05,Scale,149
U102344,2025-11-04,Scale,149
U102344,2025-12-04,Scale,149
U103315,2025-03-06,Starter,19
U103590,2025-03-07,Growth,59
U103590,2025-04-06,Growth,59
U103590,2025-05-06,Growth,59
U103590,2025-06-05,Growth,59
U103590,2025-07-05,Growth,59
U103590,2025-08-04,Growth,59
U103590,2025-09-03,Growth,59
U103590,2025-10-03,Growth,59
U103590,2025-11-02,Growth,59
U103590,2025-12-02,Growth,59
U103339,2025-03-04,Starter,19
U103339,2025-04-03,Starter,19
U103339,2025-05-03,Starter,19
U103339,2025-06-02,Starter,19
U103339,2025-07-02,Starter,19
U103339,2025-08-01,Starter,19
U103339,2025-08-31,Starter,19
U105872,2025-03-11,Starter,19
U105872,2025-04-10,Starter,19
U100077,2025-03-12,Starter,19
U100077,2025-04-11,Starter,19
U100077,2025-05-11,Starter,19
U100077,2025-06-10,Starter,19
U100077,2025-07-10,Starter,19
U100077,2025-08-09,Starter,19
U102408,2025-03-12,Starter,19
U102408,2025-04-11,Starter,19
U102408,2025-05-11,Starter,19
U102408,2025-06-10,Starter,19
U102408,2025-07-10,Starter,19
U102408,2025-08-09,Starter,19
U102408,2025-09-08,Starter,19
U102408,2025-10-08,Starter,19
U102408,2025-11-07,Starter,19
U102408,2025-12-07,Starter,19
U101871,2025-03-09,Starter,19
U101871,2025-04-08,Starter,19
U101871,2025-05-08,Starter,19
U101871,2025-06-07,Starter,19
U101871,2025-07-07,Starter,19
U101871,2025-08-06,Starter,19
U101871,2025-09-05,Starter,19
U101871,2025-10-05,Starter,19
U101871,2025-11-04,Starter,19
U101871,2025-12-04,Starter,19
U101026,2025-03-08,Growth,59
U101026,2025-04-07,Growth,59
U101026,2025-05-07,Growth,59
U101026,2025-06-06,Growth,59
U101026,2025-07-06,Growth,59
U101026,2025-08-05,Growth,59
U101026,2025-09-04,Growth,59
U101026,2025-10-04,Growth,59
U101026,2025-11-03,Growth,59
U101026,2025-12-03,Growth,59
U100068,2025-03-14,Growth,59
U100068,2025-04-13,Growth,59
U100068,2025-05-13,Growth,59
U100068,2025-06-12,Growth,59
U100068,2025-07-12,Growth,59
U100068,2025-08-11,Growth,59
U100068,2025-09-10,Growth,59
U100068,2025-10-10,Growth,59
U100068,2025-11-09,Growth,59
U101671,2025-03-09,Growth,59
U101671,2025-04-08,Growth,59
U101671,2025-05-08,Growth,59
U101671,2025-06-07,Growth,59
U101671,2025-07-07,Growth,59
U101671,2025-08-06,Growth,59
U101671,2025-09-05,Growth,59
U101671,2025-10-05,Growth,59
U102294,2025-03-16,Growth,59
U102294,2025-04-15,Growth,59
U102294,2025-05-15,Growth,59
U102294,2025-06-14,Growth,59
U102294,2025-07-14,Growth,59
U102294,2025-08-13,Growth,59
U102294,2025-09-12,Growth,59
U102294,2025-10-12,Growth,59
U102294,2025-11-11,Growth,59
U102294,2025-12-11,Growth,59
U100263,2025-03-16,Starter,19
U107315,2025-03-11,Scale,149
U107315,2025-04-10,Scale,149
U107315,2025-05-10,Scale,149
U107315,2025-06-09,Scale,149
U101217,2025-03-13,Starter,19
U101217,2025-04-12,Starter,19
U106650,2025-03-09,Starter,19
U106650,2025-04-08,Starter,19
U106650,2025-05-08,Starter,19
U106650,2025-06-07,Starter,19
U106650,2025-07-07,Starter,19
U106650,2025-08-06,Starter,19
U106650,2025-09-05,Starter,19
U106650,2025-10-05,Starter,19
U106650,2025-11-04,Starter,19
U106650,2025-12-04,Starter,19
U105881,2025-03-15,Scale,149
U105881,2025-04-14,Scale,149
U105881,2025-05-14,Scale,149
U105881,2025-06-13,Scale,149
U105881,2025-07-13,Scale,149
U105881,2025-08-12,Scale,149
U105881,2025-09-11,Scale,149
U105881,2025-10-11,Scale,149
U105881,2025-11-10,Scale,149
U105881,2025-12-10,Scale,149
U100878,2025-03-16,Starter,19
U100878,2025-04-15,Starter,19
U100878,2025-05-15,Starter,19
U100878,2025-06-14,Starter,19
U100878,2025-07-14,Starter,19
U100878,2025-08-13,Starter,19
U100878,2025-09-12,Starter,19
U100878,2025-10-12,Starter,19
U100878,2025-11-11,Starter,19
U100878,2025-12-11,Starter,19
U102764,2025-03-12,Growth,59
U102764,2025-04-11,Growth,59
U102764,2025-05-11,Growth,59
U102764,2025-06-10,Growth,59
U102764,2025-07-10,Growth,59
U102764,2025-08-09,Growth,59
U102764,2025-09-08,Growth,59
U102764,2025-10-08,Growth,59
U102764,2025-11-07,Growth,59
U102764,2025-12-07,Growth,59
U106393,2025-03-15,Growth,59
U106393,2025-04-14,Growth,59
U106393,2025-05-14,Growth,59
U106393,2025-06-13,Growth,59
U106393,2025-07-13,Growth,59
U106393,2025-08-12,Growth,59
U106393,2025-09-11,Growth,59
U106393,2025-10-11,Growth,59
U101464,2025-03-13,Starter,19
U101464,2025-04-12,Starter,19
U101464,2025-05-12,Starter,19
U101464,2025-06-11,Starter,19
U101464,2025-07-11,Starter,19
U101464,2025-08-10,Starter,19
U101464,2025-09-09,Starter,19
U101464,2025-10-09,Starter,19
U101464,2025-11-08,Starter,19
U101464,2025-12-08,Starter,19
U102238,2025-03-19,Starter,19
U102238,2025-04-18,Starter,19
U102238,2025-05-18,Starter,19
U102238,2025-06-17,Starter,19
U102238,2025-07-17,Starter,19
U103994,2025-03-18,Growth,59
U103994,2025-04-17,Growth,59
U103994,2025-05-17,Growth,59
U103994,2025-06-16,Growth,59
U103994,2025-07-16,Growth,59
U103994,2025-08-15,Growth,59
U107090,2025-03-19,Starter,19
U107090,2025-04-18,Starter,19
U107090,2025-05-18,Starter,19
U107090,2025-06-17,Starter,19
U107090,2025-07-17,Starter,19
U107090,2025-08-16,Starter,19
U107090,2025-09-15,Starter,19
U107090,2025-10-15,Starter,19
U107090,2025-11-14,Starter,19
U107090,2025-12-14,Starter,19
U105170,2025-03-15,Growth,59
U105170,2025-04-14,Growth,59
U105170,2025-05-14,Growth,59
U105170,2025-06-13,Growth,59
U105170,2025-07-13,Growth,59
U105170,2025-08-12,Growth,59
U105170,2025-09-11,Growth,59
U105170,2025-10-11,Growth,59
U105170,2025-11-10,Growth,59
U105170,2025-12-10,Growth,59
U103437,2025-03-19,Growth,59
U103437,2025-04-18,Growth,59
U103437,2025-05-18,Growth,59
U103437,2025-06-17,Growth,59
U103437,2025-07-17,Growth,59
U103437,2025-08-16,Growth,59
U103437,2025-09-15,Growth,59
U103437,2025-10-15,Growth,59
U103437,2025-11-14,Growth,59
U103437,2025-12-14,Growth,59
U101761,2025-03-21,Starter,19
U101761,2025-04-20,Starter,19
U101761,2025-05-20,Starter,19
U101761,2025-06-19,Starter,19
U101761,2025-07-19,Starter,19
U101761,2025-08-18,Starter,19
U101761,2025-09-17,Starter,19
U107098,2025-03-22,Starter,19
U102587,2025-03-20,Starter,19
U102587,2025-04-19,Starter,19
U102587,2025-05-19,Starter,19
U102587,2025-06-18,Starter,19
U102587,2025-07-18,Starter,19
U102587,2025-08-17,Starter,19
U102587,2025-09-16,Starter,19
U102587,2025-10-16,Starter,19
U102587,2025-11-15,Starter,19
U102587,2025-12-15,Starter,19
U102484,2025-03-16,Scale,149
U102484,2025-04-15,Scale,149
U102484,2025-05-15,Scale,149
U102484,2025-06-14,Scale,149
U102484,2025-07-14,Scale,149
U102484,2025-08-13,Scale,149
U102484,2025-09-12,Scale,149
U102484,2025-10-12,Scale,149
U102484,2025-11-11,Scale,149
U102484,2025-12-11,Scale,149
U107101,2025-03-23,Starter,19
U107101,2025-04-22,Starter,19
U107101,2025-05-22,Starter,19
U107101,2025-06-21,Starter,19
U107101,2025-07-21,Starter,19
U107101,2025-08-20,Starter,19
U107101,2025-09-19,Starter,19
U107101,2025-10-19,Starter,19
U106844,2025-03-19,Starter,19
U106844,2025-04-18,Starter,19
U106844,2025-05-18,Starter,19
U106844,2025-06-17,Starter,19
U106844,2025-07-17,Starter,19
U106525,2025-03-16,Growth,59
U106525,2025-04-15,Growth,59
U106525,2025-05-15,Growth,59
U106525,2025-06-14,Growth,59
U106525,2025-07-14,Growth,59
U106525,2025-08-13,Growth,59
U106525,2025-09-12,Growth,59
U106525,2025-10-12,Growth,59
U106525,2025-11-11,Growth,59
U106525,2025-12-11,Growth,59
U100656,2025-03-20,Growth,59
U100656,2025-04-19,Growth,59
U100656,2025-05-19,Growth,59
U100656,2025-06-18,Growth,59
U105313,2025-03-20,Growth,59
U105313,2025-04-19,Growth,59
U105313,2025-05-19,Growth,59
U105313,2025-06-18,Growth,59
U105313,2025-07-18,Growth,59
U105313,2025-08-17,Growth,59
U105313,2025-09-16,Growth,59
U103687,2025-03-21,Growth,59
U103687,2025-04-20,Growth,59
U103687,2025-05-20,Growth,59
U103687,2025-06-19,Growth,59
U103687,2025-07-19,Growth,59
U103687,2025-08-18,Growth,59
U103687,2025-09-17,Growth,59
U103687,2025-10-17,Growth,59
U103687,2025-11-16,Growth,59
U103687,2025-12-16,Growth,59
U104304,2025-03-25,Scale,149
U104304,2025-04-24,Scale,149
U104304,2025-05-24,Scale,149
U104304,2025-06-23,Scale,149
U104304,2025-07-23,Scale,149
U104304,2025-08-22,Scale,149
U104304,2025-09-21,Scale,149
U104304,2025-10-21,Scale,149
U104304,2025-11-20,Scale,149
U104304,2025-12-20,Scale,149
U102798,2025-03-25,Growth,59
U102798,2025-04-24,Growth,59
U102798,2025-05-24,Growth,59
U102798,2025-06-23,Growth,59
U100022,2025-03-22,Starter,19
U100022,2025-04-21,Starter,19
U100022,2025-05-21,Starter,19
U100022,2025-06-20,Starter,19
U100022,2025-07-20,Starter,19
U100022,2025-08-19,Starter,19
U100022,2025-09-18,Starter,19
U105767,2025-03-22,Growth,59
U105767,2025-04-21,Growth,59
U105767,2025-05-21,Growth,59
U105767,2025-06-20,Growth,59
U105767,2025-07-20,Growth,59
U105767,2025-08-19,Growth,59
U105767,2025-09-18,Growth,59
U105767,2025-10-18,Growth,59
U105767,2025-11-17,Growth,59
U105767,2025-12-17,Growth,59
U107184,2025-03-22,Growth,59
U107184,2025-04-21,Growth,59
U107184,2025-05-21,Growth,59
U107184,2025-06-20,Growth,59
U107184,2025-07-20,Growth,59
U107184,2025-08-19,Growth,59
U107184,2025-09-18,Growth,59
U107184,2025-10-18,Growth,59
U107184,2025-11-17,Growth,59
U107184,2025-12-17,Growth,59
U106153,2025-03-26,Growth,59
U106153,2025-04-25,Growth,59
U106153,2025-05-25,Growth,59
U106153,2025-06-24,Growth,59
U106153,2025-07-24,Growth,59
U106153,2025-08-23,Growth,59
U106153,2025-09-22,Growth,59
U106153,2025-10-22,Growth,59
U106153,2025-11-21,Growth,59
U106153,2025-12-21,Growth,59
U102393,2025-03-21,Growth,59
U102393,2025-04-20,Growth,59
U102393,2025-05-20,Growth,59
U102393,2025-06-19,Growth,59
U102393,2025-07-19,Growth,59
U102393,2025-08-18,Growth,59
U102393,2025-09-17,Growth,59
U102393,2025-10-17,Growth,59
U102393,2025-11-16,Growth,59
U102393,2025-12-16,Growth,59
U103617,2025-03-25,Starter,19
U103617,2025-04-24,Starter,19
U103617,2025-05-24,Starter,19
U103617,2025-06-23,Starter,19
U103617,2025-07-23,Starter,19
U103617,2025-08-22,Starter,19
U100315,2025-03-22,Starter,19
U100315,2025-04-21,Starter,19
U100315,2025-05-21,Starter,19
U100315,2025-06-20,Starter,19
U100315,2025-07-20,Starter,19
U100315,2025-08-19,Starter,19
U100315,2025-09-18,Starter,19
U100315,2025-10-18,Starter,19
U100315,2025-11-17,Starter,19
U100315,2025-12-17,Starter,19
U108276,2025-03-28,Growth,59
U108276,2025-04-27,Growth,59
U108276,2025-05-27,Growth,59
U108276,2025-06-26,Growth,59
U108276,2025-07-26,Growth,59
U108276,2025-08-25,Growth,59
U108276,2025-09-24,Growth,59
U103985,2025-03-25,Starter,19
U103985,2025-04-24,Starter,19
U103985,2025-05-24,Starter,19
U104704,2025-03-28,Starter,19
U104704,2025-04-27,Starter,19
U104704,2025-05-27,Starter,19
U104704,2025-06-26,Starter,19
U104704,2025-07-26,Starter,19
U104704,2025-08-25,Starter,19
U104704,2025-09-24,Starter,19
U104704,2025-10-24,Starter,19
U104704,2025-11-23,Starter,19
U104704,2025-12-23,Starter,19
U105841,2025-03-24,Starter,19
U105841,2025-04-23,Starter,19
U105841,2025-05-23,Starter,19
U105841,2025-06-22,Starter,19
U105841,2025-07-22,Starter,19
U105841,2025-08-21,Starter,19
U106945,2025-03-25,Growth,59
U106945,2025-04-24,Growth,59
U106945,2025-05-24,Growth,59
U106945,2025-06-23,Growth,59
U106945,2025-07-23,Growth,59
U106945,2025-08-22,Growth,59
U106945,2025-09-21,Growth,59
U103648,2025-03-30,Scale,149
U103648,2025-04-29,Scale,149
U103648,2025-05-29,Scale,149
U103648,2025-06-28,Scale,149
U103648,2025-07-28,Scale,149
U103648,2025-08-27,Scale,149
U103648,2025-09-26,Scale,149
U103648,2025-10-26,Scale,149
U103648,2025-11-25,Scale,149
U103648,2025-12-25,Scale,149
U108467,2025-04-02,Starter,19
U108467,2025-05-02,Starter,19
U108467,2025-06-01,Starter,19
U108467,2025-07-01,Starter,19
U108467,2025-07-31,Starter,19
U108467,2025-08-30,Starter,19
U108467,2025-09-29,Starter,19
U108467,2025-10-29,Starter,19
U108467,2025-11-28,Starter,19
U108467,2025-12-28,Starter,19
U103854,2025-03-29,Growth,59
U103854,2025-04-28,Growth,59
U103854,2025-05-28,Growth,59
U103854,2025-06-27,Growth,59
U103854,2025-07-27,Growth,59
U103854,2025-08-26,Growth,59
U103854,2025-09-25,Growth,59
U103854,2025-10-25,Growth,59
U103854,2025-11-24,Growth,59
U108251,2025-04-02,Starter,19
U108251,2025-05-02,Starter,19
U108251,2025-06-01,Starter,19
U108251,2025-07-01,Starter,19
U108251,2025-07-31,Starter,19
U108251,2025-08-30,Starter,19
U108251,2025-09-29,Starter,19
U107726,2025-04-03,Starter,19
U106964,2025-04-01,Scale,149
U106964,2025-05-01,Scale,149
U106964,2025-05-31,Scale,149
U106964,2025-06-30,Scale,149
U106964,2025-07-30,Scale,149
U106964,2025-08-29,Scale,149
U106964,2025-09-28,Scale,149
U106964,2025-10-28,Scale,149
U106964,2025-11-27,Scale,149
U106964,2025-12-27,Scale,149
U105508,2025-03-29,Scale,149
U105508,2025-04-28,Scale,149
U105508,2025-05-28,Scale,149
U104296,2025-04-01,Growth,59
U104296,2025-05-01,Growth,59
U104296,2025-05-31,Growth,59
U104296,2025-06-30,Growth,59
U104296,2025-07-30,Growth,59
U104296,2025-08-29,Growth,59
U104296,2025-09-28,Growth,59
U104296,2025-10-28,Growth,59
U104296,2025-11-27,Growth,59
U104296,2025-12-27,Growth,59
U107206,2025-04-01,Growth,59
U107206,2025-05-01,Growth,59
U107206,2025-05-31,Growth,59
U107206,2025-06-30,Growth,59
U107206,2025-07-30,Growth,59
U107206,2025-08-29,Growth,59
U107206,2025-09-28,Growth,59
U107206,2025-10-28,Growth,59
U107206,2025-11-27,Growth,59
U107206,2025-12-27,Growth,59
U103583,2025-03-30,Scale,149
U103583,2025-04-29,Scale,149
U103583,2025-05-29,Scale,149
U103583,2025-06-28,Scale,149
U103583,2025-07-28,Scale,149
U103583,2025-08-27,Scale,149
U103583,2025-09-26,Scale,149
U103583,2025-10-26,Scale,149
U103583,2025-11-25,Scale,149
U103583,2025-12-25,Scale,149
U100651,2025-03-30,Scale,149
U100651,2025-04-29,Scale,149
U100651,2025-05-29,Scale,149
U100651,2025-06-28,Scale,149
U100651,2025-07-28,Scale,149
U100651,2025-08-27,Scale,149
U102878,2025-04-05,Starter,19
U102878,2025-05-05,Starter,19
U102878,2025-06-04,Starter,19
U102878,2025-07-04,Starter,19
U102878,2025-08-03,Starter,19
U107674,2025-03-31,Growth,59
U107674,2025-04-30,Growth,59
U107674,2025-05-30,Growth,59
U107674,2025-06-29,Growth,59
U107674,2025-07-29,Growth,59
U105215,2025-04-08,Growth,59
U105215,2025-05-08,Growth,59
U105215,2025-06-07,Growth,59
U105215,2025-07-07,Growth,59
U105215,2025-08-06,Growth,59
U105215,2025-09-05,Growth,59
U101096,2025-04-02,Starter,19
U108042,2025-04-02,Starter,19
U108042,2025-05-02,Starter,19
U108042,2025-06-01,Starter,19
U108042,2025-07-01,Starter,19
U108042,2025-07-31,Starter,19
U108042,2025-08-30,Starter,19
U108042,2025-09-29,Starter,19
U108042,2025-10-29,Starter,19
U108042,2025-11-28,Starter,19
U104462,2025-04-10,Growth,59
U104462,2025-05-10,Growth,59
U104462,2025-06-09,Growth,59
U104462,2025-07-09,Growth,59
U104462,2025-08-08,Growth,59
U104462,2025-09-07,Growth,59
U104462,2025-10-07,Growth,59
U104462,2025-11-06,Growth,59
U104462,2025-12-06,Growth,59
U101210,2025-04-09,Starter,19
U101210,2025-05-09,Starter,19
U101210,2025-06-08,Starter,19
U101210,2025-07-08,Starter,19
U101210,2025-08-07,Starter,19
U101210,2025-09-06,Starter,19
U101210,2025-10-06,Starter,19
U101210,2025-11-05,Starter,19
U101210,2025-12-05,Starter,19
U106725,2025-04-12,Growth,59
U106725,2025-05-12,Growth,59
U106725,2025-06-11,Growth,59
U106725,2025-07-11,Growth,59
U106725,2025-08-10,Growth,59
U106725,2025-09-09,Growth,59
U106725,2025-10-09,Growth,59
U106725,2025-11-08,Growth,59
U106725,2025-12-08,Growth,59
U102065,2025-04-12,Starter,19
U102065,2025-05-12,Starter,19
U102065,2025-06-11,Starter,19
U102065,2025-07-11,Starter,19
U102065,2025-08-10,Starter,19
U102065,2025-09-09,Starter,19
U102065,2025-10-09,Starter,19
U102065,2025-11-08,Starter,19
U102065,2025-12-08,Starter,19
U106174,2025-04-10,Starter,19
U106174,2025-05-10,Starter,19
U106174,2025-06-09,Starter,19
U106174,2025-07-09,Starter,19
U106174,2025-08-08,Starter,19
U106174,2025-09-07,Starter,19
U106174,2025-10-07,Starter,19
U106174,2025-11-06,Starter,19
U106174,2025-12-06,Starter,19
U104133,2025-04-09,Starter,19
U104133,2025-05-09,Starter,19
U104133,2025-06-08,Starter,19
U104133,2025-07-08,Starter,19
U104133,2025-08-07,Starter,19
U104133,2025-09-06,Starter,19
U104133,2025-10-06,Starter,19
U104133,2025-11-05,Starter,19
U104133,2025-12-05,Starter,19
U101380,2025-04-13,Growth,59
U101380,2025-05-13,Growth,59
U101380,2025-06-12,Growth,59
U101380,2025-07-12,Growth,59
U101380,2025-08-11,Growth,59
U101380,2025-09-10,Growth,59
U101380,2025-10-10,Growth,59
U101380,2025-11-09,Growth,59
U101380,2025-12-09,Growth,59
U103526,2025-04-08,Scale,149
U103526,2025-05-08,Scale,149
U103526,2025-06-07,Scale,149
U103526,2025-07-07,Scale,149
U103526,2025-08-06,Scale,149
U103815,2025-04-14,Starter,19
U103815,2025-05-14,Starter,19
U103815,2025-06-13,Starter,19
U103815,2025-07-13,Starter,19
U103815,2025-08-12,Starter,19
U103815,2025-09-11,Starter,19
U103815,2025-10-11,Starter,19
U103815,2025-11-10,Starter,19
U103815,2025-12-10,Starter,19
U108320,2025-04-13,Starter,19
U108320,2025-05-13,Starter,19
U108320,2025-06-12,Starter,19
U108320,2025-07-12,Starter,19
U108320,2025-08-11,Starter,19
U108320,2025-09-10,Starter,19
U108320,2025-10-10,Starter,19
U108320,2025-11-09,Starter,19
U108320,2025-12-09,Starter,19
U101609,2025-04-07,Growth,59
U101609,2025-05-07,Growth,59
U101609,2025-06-06,Growth,59
U101609,2025-07-06,Growth,59
U101609,2025-08-05,Growth,59
U101609,2025-09-04,Growth,59
U101609,2025-10-04,Growth,59
U105027,2025-04-14,Growth,59
U105027,2025-05-14,Growth,59
U105027,2025-06-13,Growth,59
U105027,2025-07-13,Growth,59
U105027,2025-08-12,Growth,59
U105027,2025-09-11,Growth,59
U105027,2025-10-11,Growth,59
U105027,2025-11-10,Growth,59
U105027,2025-12-10,Growth,59
U106413,2025-04-14,Starter,19
U106413,2025-05-14,Starter,19
U106413,2025-06-13,Starter,19
U106413,2025-07-13,Starter,19
U106413,2025-08-12,Starter,19
U106413,2025-09-11,Starter,19
U106413,2025-10-11,Starter,19
U106413,2025-11-10,Starter,19
U106413,2025-12-10,Starter,19
U103858,2025-04-16,Starter,19
U103858,2025-05-16,Starter,19
U103858,2025-06-15,Starter,19
U103858,2025-07-15,Starter,19
U103858,2025-08-14,Starter,19
U103858,2025-09-13,Starter,19
U103858,2025-10-13,Starter,19
U103858,2025-11-12,Starter,19
U103858,2025-12-12,Starter,19
U102843,2025-04-14,Growth,59
U102843,2025-05-14,Growth,59
U102843,2025-06-13,Growth,59
U105329,2025-04-10,Starter,19
U105329,2025-05-10,Starter,19
U105329,2025-06-09,Starter,19
U105329,2025-07-09,Starter,19
U105329,2025-08-08,Starter,19
U105329,2025-09-07,Starter,19
U105329,2025-10-07,Starter,19
U105329,2025-11-06,Starter,19
U105329,2025-12-06,Starter,19
U105617,2025-04-15,Starter,19
U105617,2025-05-15,Starter,19
U105617,2025-06-14,Starter,19
U105617,2025-07-14,Starter,19
U105617,2025-08-13,Starter,19
U105617,2025-09-12,Starter,19
U105617,2025-10-12,Starter,19
U105617,2025-11-11,Starter,19
U105617,2025-12-11,Starter,19
U104153,2025-04-11,Growth,59
U104153,2025-05-11,Growth,59
U104153,2025-06-10,Growth,59
U104153,2025-07-10,Growth,59
U104153,2025-08-09,Growth,59
U104153,2025-09-08,Growth,59
U104153,2025-10-08,Growth,59
U104153,2025-11-07,Growth,59
U104153,2025-12-07,Growth,59
U104747,2025-04-11,Starter,19
U104747,2025-05-11,Starter,19
U104747,2025-06-10,Starter,19
U104747,2025-07-10,Starter,19
U104747,2025-08-09,Starter,19
U103370,2025-04-15,Growth,59
U103370,2025-05-15,Growth,59
U103370,2025-06-14,Growth,59
U103370,2025-07-14,Growth,59
U103370,2025-08-13,Growth,59
U103370,2025-09-12,Growth,59
U103370,2025-10-12,Growth,59
U103370,2025-11-11,Growth,59
U103370,2025-12-11,Growth,59
U103982,2025-04-13,Growth,59
U103982,2025-05-13,Growth,59
U103982,2025-06-12,Growth,59
U103982,2025-07-12,Growth,59
U103982,2025-08-11,Growth,59
U103982,2025-09-10,Growth,59
U103982,2025-10-10,Growth,59
U103982,2025-11-09,Growth,59
U101890,2025-04-11,Growth,59
U101890,2025-05-11,Growth,59
U101890,2025-06-10,Growth,59
U101890,2025-07-10,Growth,59
U101890,2025-08-09,Growth,59
U101890,2025-09-08,Growth,59
U101890,2025-10-08,Growth,59
U101890,2025-11-07,Growth,59
U101890,2025-12-07,Growth,59
U106157,2025-04-19,Growth,59
U106157,2025-05-19,Growth,59
U106157,2025-06-18,Growth,59
U106157,2025-07-18,Growth,59
U106157,2025-08-17,Growth,59
U100253,2025-04-18,Starter,19
U100253,2025-05-18,Starter,19
U100253,2025-06-17,Starter,19
U100253,2025-07-17,Starter,19
U100253,2025-08-16,Starter,19
U100253,2025-09-15,Starter,19
U100253,2025-10-15,Starter,19
U100253,2025-11-14,Starter,19
U100253,2025-12-14,Starter,19
U104663,2025-04-19,Growth,59
U104663,2025-05-19,Growth,59
U104663,2025-06-18,Growth,59
U104663,2025-07-18,Growth,59
U104663,2025-08-17,Growth,59
U104663,2025-09-16,Growth,59
U104663,2025-10-16,Growth,59
U104663,2025-11-15,Growth,59
U104663,2025-12-15,Growth,59
U101423,2025-04-18,Starter,19
U101423,2025-05-18,Starter,19
U101423,2025-06-17,Starter,19
U101423,2025-07-17,Starter,19
U101423,2025-08-16,Starter,19
U101423,2025-09-15,Starter,19
U101423,2025-10-15,Starter,19
U101423,2025-11-14,Starter,19
U101423,2025-12-14,Starter,19
U107128,2025-04-19,Starter,19
U107128,2025-05-19,Starter,19
U107128,2025-06-18,Starter,19
U107128,2025-07-18,Starter,19
U107128,2025-08-17,Starter,19
U107128,2025-09-16,Starter,19
U104481,2025-04-20,Starter,19
U104481,2025-05-20,Starter,19
U104481,2025-06-19,Starter,19
U104481,2025-07-19,Starter,19
U104481,2025-08-18,Starter,19
U104481,2025-09-17,Starter,19
U104481,2025-10-17,Starter,19
U104481,2025-11-16,Starter,19
U104481,2025-12-16,Starter,19
U101566,2025-04-18,Starter,19
U101566,2025-05-18,Starter,19
U101291,2025-04-22,Starter,19
U101291,2025-05-22,Starter,19
U101291,2025-06-21,Starter,19
U101291,2025-07-21,Starter,19
U101291,2025-08-20,Starter,19
U101291,2025-09-19,Starter,19
U101291,2025-10-19,Starter,19
U101291,2025-11-18,Starter,19
U101291,2025-12-18,Starter,19
U107245,2025-04-17,Starter,19
U107245,2025-05-17,Starter,19
U107245,2025-06-16,Starter,19
U107245,2025-07-16,Starter,19
U107245,2025-08-15,Starter,19
U107245,2025-09-14,Starter,19
U100977,2025-04-21,Growth,59
U100977,2025-05-21,Growth,59
U100977,2025-06-20,Growth,59
U100977,2025-07-20,Growth,59
U100977,2025-08-19,Growth,59
U100977,2025-09-18,Growth,59
U100977,2025-10-18,Growth,59
U100977,2025-11-17,Growth,59
U100977,2025-12-17,Growth,59
U102827,2025-04-21,Growth,59
U102827,2025-05-21,Growth,59
U102827,2025-06-20,Growth,59
U102827,2025-07-20,Growth,59
U102827,2025-08-19,Growth,59
U102827,2025-09-18,Growth,59
U102827,2025-10-18,Growth,59
U102827,2025-11-17,Growth,59
U102827,2025-12-17,Growth,59
U100856,2025-04-19,Growth,59
U100856,2025-05-19,Growth,59
U100856,2025-06-18,Growth,59
U100856,2025-07-18,Growth,59
U100856,2025-08-17,Growth,59
U107675,2025-04-16,Growth,59
U107675,2025-05-16,Growth,59
U107675,2025-06-15,Growth,59
U107675,2025-07-15,Growth,59
U107675,2025-08-14,Growth,59
U107675,2025-09-13,Growth,59
U107675,2025-10-13,Growth,59
U107675,2025-11-12,Growth,59
U107675,2025-12-12,Growth,59
U100551,2025-04-16,Starter,19
U100551,2025-05-16,Starter,19
U100551,2025-06-15,Starter,19
U100551,2025-07-15,Starter,19
U100551,2025-08-14,Starter,19
U100551,2025-09-13,Starter,19
U100551,2025-10-13,Starter,19
U100551,2025-11-12,Starter,19
U100551,2025-12-12,Starter,19
U105513,2025-04-19,Growth,59
U105513,2025-05-19,Growth,59
U105513,2025-06-18,Growth,59
U105513,2025-07-18,Growth,59
U105513,2025-08-17,Growth,59
U105513,2025-09-16,Growth,59
U105513,2025-10-16,Growth,59
U105513,2025-11-15,Growth,59
U105513,2025-12-15,Growth,59
U103250,2025-04-21,Growth,59
U103250,2025-05-21,Growth,59
U103250,2025-06-20,Growth,59
U103250,2025-07-20,Growth,59
U103250,2025-08-19,Growth,59
U103250,2025-09-18,Growth,59
U103250,2025-10-18,Growth,59
U103250,2025-11-17,Growth,59
U103250,2025-12-17,Growth,59
U105600,2025-04-20,Growth,59
U105600,2025-05-20,Growth,59
U105600,2025-06-19,Growth,59
U105600,2025-07-19,Growth,59
U105600,2025-08-18,Growth,59
U105600,2025-09-17,Growth,59
U105600,2025-10-17,Growth,59
U105600,2025-11-16,Growth,59
U105600,2025-12-16,Growth,59
U107998,2025-04-24,Scale,149
U107998,2025-05-24,Scale,149
U107998,2025-06-23,Scale,149
U107998,2025-07-23,Scale,149
U107998,2025-08-22,Scale,149
U107998,2025-09-21,Scale,149
U107998,2025-10-21,Scale,149
U107998,2025-11-20,Scale,149
U107998,2025-12-20,Scale,149
U105134,2025-04-21,Starter,19
U101569,2025-04-21,Scale,149
U101569,2025-05-21,Scale,149
U101569,2025-06-20,Scale,149
U101569,2025-07-20,Scale,149
U101569,2025-08-19,Scale,149
U101569,2025-09-18,Scale,149
U101569,2025-10-18,Scale,149
U101569,2025-11-17,Scale,149
U101569,2025-12-17,Scale,149
U104497,2025-04-22,Starter,19
U104497,2025-05-22,Starter,19
U104497,2025-06-21,Starter,19
U104497,2025-07-21,Starter,19
U104497,2025-08-20,Starter,19
U104497,2025-09-19,Starter,19
U104497,2025-10-19,Starter,19
U104497,2025-11-18,Starter,19
U104497,2025-12-18,Starter,19
U101490,2025-04-24,Growth,59
U101490,2025-05-24,Growth,59
U101490,2025-06-23,Growth,59
U101490,2025-07-23,Growth,59
U101490,2025-08-22,Growth,59
U101490,2025-09-21,Growth,59
U101490,2025-10-21,Growth,59
U101490,2025-11-20,Growth,59
U101490,2025-12-20,Growth,59
U100601,2025-04-20,Growth,59
U100601,2025-05-20,Growth,59
U100601,2025-06-19,Growth,59
U100601,2025-07-19,Growth,59
U100601,2025-08-18,Growth,59
U100601,2025-09-17,Growth,59
U100601,2025-10-17,Growth,59
U100601,2025-11-16,Growth,59
U105251,2025-04-26,Starter,19
U105251,2025-05-26,Starter,19
U105251,2025-06-25,Starter,19
U105251,2025-07-25,Starter,19
U100966,2025-04-25,Growth,59
U100966,2025-05-25,Growth,59
U100966,2025-06-24,Growth,59
U100966,2025-07-24,Growth,59
U100966,2025-08-23,Growth,59
U100966,2025-09-22,Growth,59
U100966,2025-10-22,Growth,59
U100966,2025-11-21,Growth,59
U100966,2025-12-21,Growth,59
U100904,2025-04-24,Scale,149
U100904,2025-05-24,Scale,149
U100904,2025-06-23,Scale,149
U100573,2025-04-24,Starter,19
U100573,2025-05-24,Starter,19
U100573,2025-06-23,Starter,19
U100573,2025-07-23,Starter,19
U100573,2025-08-22,Starter,19
U100573,2025-09-21,Starter,19
U100573,2025-10-21,Starter,19
U100573,2025-11-20,Starter,19
U100573,2025-12-20,Starter,19
U103295,2025-04-29,Starter,19
U103295,2025-05-29,Starter,19
U103295,2025-06-28,Starter,19
U103295,2025-07-28,Starter,19
U103295,2025-08-27,Starter,19
U103295,2025-09-26,Starter,19
U103295,2025-10-26,Starter,19
U103295,2025-11-25,Starter,19
U103295,2025-12-25,Starter,19
U101149,2025-04-29,Scale,149
U101149,2025-05-29,Scale,149
U101149,2025-06-28,Scale,149
U101149,2025-07-28,Scale,149
U101149,2025-08-27,Scale,149
U101149,2025-09-26,Scale,149
U101149,2025-10-26,Scale,149
U101149,2025-11-25,Scale,149
U101149,2025-12-25,Scale,149
U101830,2025-04-28,Starter,19
U101830,2025-05-28,Starter,19
U101830,2025-06-27,Starter,19
U101830,2025-07-27,Starter,19
U101830,2025-08-26,Starter,19
U101830,2025-09-25,Starter,19
U101830,2025-10-25,Starter,19
U101830,2025-11-24,Starter,19
U101830,2025-12-24,Starter,19
U108038,2025-04-26,Growth,59
U108038,2025-05-26,Growth,59
U108038,2025-06-25,Growth,59
U108038,2025-07-25,Growth,59
U108038,2025-08-24,Growth,59
U108038,2025-09-23,Growth,59
U108038,2025-10-23,Growth,59
U108038,2025-11-22,Growth,59
U108038,2025-12-22,Growth,59
U100581,2025-05-01,Scale,149
U100581,2025-05-31,Scale,149
U103603,2025-04-30,Growth,59
U103490,2025-05-02,Scale,149
U103490,2025-06-01,Scale,149
U103490,2025-07-01,Scale,149
U103490,2025-07-31,Scale,149
U103490,2025-08-30,Scale,149
U103490,2025-09-29,Scale,149
U103490,2025-10-29,Scale,149
U103490,2025-11-28,Scale,149
U103490,2025-12-28,Scale,149
U104762,2025-05-01,Scale,149
U104762,2025-05-31,Scale,149
U104762,2025-06-30,Scale,149
U104762,2025-07-30,Scale,149
U104762,2025-08-29,Scale,149
U104762,2025-09-28,Scale,149
U104762,2025-10-28,Scale,149
U104762,2025-11-27,Scale,149
U104762,2025-12-27,Scale,149
U106786,2025-05-01,Growth,59
U106786,2025-05-31,Growth,59
U106786,2025-06-30,Growth,59
U106786,2025-07-30,Growth,59
U106786,2025-08-29,Growth,59
U106786,2025-09-28,Growth,59
U106786,2025-10-28,Growth,59
U106786,2025-11-27,Growth,59
U106786,2025-12-27,Growth,59
U101175,2025-04-29,Growth,59
U101175,2025-05-29,Growth,59
U101175,2025-06-28,Growth,59
U101175,2025-07-28,Growth,59
U101175,2025-08-27,Growth,59
U101175,2025-09-26,Growth,59
U101175,2025-10-26,Growth,59
U101175,2025-11-25,Growth,59
U101175,2025-12-25,Growth,59
U102067,2025-04-26,Starter,19
U102067,2025-05-26,Starter,19
U102067,2025-06-25,Starter,19
U102067,2025-07-25,Starter,19
U102067,2025-08-24,Starter,19
U102067,2025-09-23,Starter,19
U101688,2025-04-27,Starter,19
U104764,2025-04-27,Growth,59
U104764,2025-05-27,Growth,59
U104764,2025-06-26,Growth,59
U104764,2025-07-26,Growth,59
U104764,2025-08-25,Growth,59
U104764,2025-09-24,Growth,59
U104764,2025-10-24,Growth,59
U104764,2025-11-23,Growth,59
U104764,2025-12-23,Growth,59
U104898,2025-04-27,Starter,19
U104898,2025-05-27,Starter,19
U104898,2025-06-26,Starter,19
U104898,2025-07-26,Starter,19
U104898,2025-08-25,Starter,19
U104898,2025-09-24,Starter,19
U104898,2025-10-24,Starter,19
U104898,2025-11-23,Starter,19
U100809,2025-04-30,Starter,19
U100809,2025-05-30,Starter,19
U100809,2025-06-29,Starter,19
U107537,2025-04-30,Starter,19
U107537,2025-05-30,Starter,19
U107537,2025-06-29,Starter,19
U107537,2025-07-29,Starter,19
U107537,2025-08-28,Starter,19
U107537,2025-09-27,Starter,19
U107537,2025-10-27,Starter,19
U107537,2025-11-26,Starter,19
U107537,2025-12-26,Starter,19
U107741,2025-05-04,Growth,59
U107741,2025-06-03,Growth,59
U107741,2025-07-03,Growth,59
U107741,2025-08-02,Growth,59
U107741,2025-09-01,Growth,59
U107741,2025-10-01,Growth,59
U107741,2025-10-31,Growth,59
U107741,2025-11-30,Growth,59
U107741,2025-12-30,Growth,59
U102541,2025-05-01,Starter,19
U102541,2025-05-31,Starter,19
U102541,2025-06-30,Starter,19
U102541,2025-07-30,Starter,19
U108346,2025-05-02,Scale,149
U108346,2025-06-01,Scale,149
U108346,2025-07-01,Scale,149
U105838,2025-05-01,Starter,19
U105838,2025-05-31,Starter,19
U105838,2025-06-30,Starter,19
U105838,2025-07-30,Starter,19
U105838,2025-08-29,Starter,19
U105838,2025-09-28,Starter,19
U105838,2025-10-28,Starter,19
U105838,2025-11-27,Starter,19
U105838,2025-12-27,Starter,19
U102540,2025-04-29,Scale,149
U102540,2025-05-29,Scale,149
U102540,2025-06-28,Scale,149
U100721,2025-05-03,Starter,19
U100721,2025-06-02,Starter,19
U100721,2025-07-02,Starter,19
U100721,2025-08-01,Starter,19
U100721,2025-08-31,Starter,19
U100721,2025-09-30,Starter,19
U100721,2025-10-30,Starter,19
U102635,2025-05-05,Scale,149
U102635,2025-06-04,Scale,149
U102635,2025-07-04,Scale,149
U102635,2025-08-03,Scale,149
U102635,2025-09-02,Scale,149
U102635,2025-10-02,Scale,149
U102635,2025-11-01,Scale,149
U102635,2025-12-01,Scale,149
U104381,2025-05-01,Growth,59
U104381,2025-05-31,Growth,59
U104381,2025-06-30,Growth,59
U104381,2025-07-30,Growth,59
U104381,2025-08-29,Growth,59
U104381,2025-09-28,Growth,59
U104381,2025-10-28,Growth,59
U102185,2025-05-01,Scale,149
U102185,2025-05-31,Scale,149
U102185,2025-06-30,Scale,149
U102185,2025-07-30,Scale,149
U102185,2025-08-29,Scale,149
U102185,2025-09-28,Scale,149
U102185,2025-10-28,Scale,149
U102185,2025-11-27,Scale,149
U102185,2025-12-27,Scale,149
U106404,2025-05-08,Scale,149
U106404,2025-06-07,Scale,149
U106404,2025-07-07,Scale,149
U106404,2025-08-06,Scale,149
U104491,2025-05-01,Starter,19
U104491,2025-05-31,Starter,19
U104491,2025-06-30,Starter,19
U104491,2025-07-30,Starter,19
U104491,2025-08-29,Starter,19
U104491,2025-09-28,Starter,19
U104491,2025-10-28,Starter,19
U104491,2025-11-27,Starter,19
U104491,2025-12-27,Starter,19
U102879,2025-05-09,Scale,149
U102879,2025-06-08,Scale,149
U102879,2025-07-08,Scale,149
U102879,2025-08-07,Scale,149
U102879,2025-09-06,Scale,149
U102879,2025-10-06,Scale,149
U102879,2025-11-05,Scale,149
U102879,2025-12-05,Scale,149
U100960,2025-05-10,Starter,19
U100960,2025-06-09,Starter,19
U100960,2025-07-09,Starter,19
U100960,2025-08-08,Starter,19
U100960,2025-09-07,Starter,19
U100960,2025-10-07,Starter,19
U100960,2025-11-06,Starter,19
U100960,2025-12-06,Starter,19
U103426,2025-05-03,Starter,19
U103426,2025-06-02,Starter,19
U103426,2025-07-02,Starter,19
U103426,2025-08-01,Starter,19
U103426,2025-08-31,Starter,19
U103426,2025-09-30,Starter,19
U103426,2025-10-30,Starter,19
U103426,2025-11-29,Starter,19
U103426,2025-12-29,Starter,19
U100979,2025-05-08,Growth,59
U100979,2025-06-07,Growth,59
U100979,2025-07-07,Growth,59
U100979,2025-08-06,Growth,59
U100979,2025-09-05,Growth,59
U100979,2025-10-05,Growth,59
U100979,2025-11-04,Growth,59
U100979,2025-12-04,Growth,59
U100951,2025-05-05,Growth,59
U100951,2025-06-04,Growth,59
U100951,2025-07-04,Growth,59
U100951,2025-08-03,Growth,59
U100951,2025-09-02,Growth,59
U100951,2025-10-02,Growth,59
U100951,2025-11-01,Growth,59
U100951,2025-12-01,Growth,59
U100951,2025-12-31,Growth,59
U103931,2025-05-03,Growth,59
U103931,2025-06-02,Growth,59
U103931,2025-07-02,Growth,59
U103931,2025-08-01,Growth,59
U103931,2025-08-31,Growth,59
U101333,2025-05-07,Starter,19
U101333,2025-06-06,Starter,19
U101333,2025-07-06,Starter,19
U101333,2025-08-05,Starter,19
U101333,2025-09-04,Starter,19
U101333,2025-10-04,Starter,19
U101333,2025-11-03,Starter,19
U101333,2025-12-03,Starter,19
U105449,2025-05-09,Starter,19
U105449,2025-06-08,Starter,19
U105449,2025-07-08,Starter,19
U105449,2025-08-07,Starter,19
U105449,2025-09-06,Starter,19
U105449,2025-10-06,Starter,19
U105449,2025-11-05,Starter,19
U105449,2025-12-05,Starter,19
U103640,2025-05-10,Starter,19
U103640,2025-06-09,Starter,19
U103640,2025-07-09,Starter,19
U103640,2025-08-08,Starter,19
U102444,2025-05-13,Growth,59
U102444,2025-06-12,Growth,59
U102444,2025-07-12,Growth,59
U102444,2025-08-11,Growth,59
U102444,2025-09-10,Growth,59
U102444,2025-10-10,Growth,59
U102444,2025-11-09,Growth,59
U102444,2025-12-09,Growth,59
U107456,2025-05-11,Starter,19
U107456,2025-06-10,Starter,19
U107456,2025-07-10,Starter,19
U107456,2025-08-09,Starter,19
U107456,2025-09-08,Starter,19
U107456,2025-10-08,Starter,19
U107456,2025-11-07,Starter,19
U107456,2025-12-07,Starter,19
U102966,2025-05-09,Starter,19
U102966,2025-06-08,Starter,19
U103918,2025-05-12,Starter,19
U103918,2025-06-11,Starter,19
U103918,2025-07-11,Starter,19
U105957,2025-05-07,Growth,59
U105957,2025-06-06,Growth,59
U105957,2025-07-06,Growth,59
U105957,2025-08-05,Growth,59
U105957,2025-09-04,Growth,59
U105957,2025-10-04,Growth,59
U105957,2025-11-03,Growth,59
U105957,2025-12-03,Growth,59
U107483,2025-05-14,Growth,59
U107483,2025-06-13,Growth,59
U107483,2025-07-13,Growth,59
U107483,2025-08-12,Growth,59
U107483,2025-09-11,Growth,59
U107483,2025-10-11,Growth,59
U107483,2025-11-10,Growth,59
U107483,2025-12-10,Growth,59
U104016,2025-05-11,Starter,19
U104016,2025-06-10,Starter,19
U104016,2025-07-10,Starter,19
U102354,2025-05-13,Scale,149
U102354,2025-06-12,Scale,149
U102354,2025-07-12,Scale,149
U102354,2025-08-11,Scale,149
U102354,2025-09-10,Scale,149
U102354,2025-10-10,Scale,149
U102354,2025-11-09,Scale,149
U102354,2025-12-09,Scale,149
U105125,2025-05-10,Growth,59
U105125,2025-06-09,Growth,59
U105125,2025-07-09,Growth,59
U105125,2025-08-08,Growth,59
U105125,2025-09-07,Growth,59
U105125,2025-10-07,Growth,59
U105125,2025-11-06,Growth,59
U105125,2025-12-06,Growth,59
U103475,2025-05-09,Starter,19
U103475,2025-06-08,Starter,19
U103475,2025-07-08,Starter,19
U103475,2025-08-07,Starter,19
U103475,2025-09-06,Starter,19
U103475,2025-10-06,Starter,19
U103475,2025-11-05,Starter,19
U103475,2025-12-05,Starter,19
U106826,2025-05-16,Growth,59
U106826,2025-06-15,Growth,59
U106826,2025-07-15,Growth,59
U106826,2025-08-14,Growth,59
U106826,2025-09-13,Growth,59
U106826,2025-10-13,Growth,59
U106826,2025-11-12,Growth,59
U106826,2025-12-12,Growth,59
U106689,2025-05-16,Starter,19
U106689,2025-06-15,Starter,19
U106689,2025-07-15,Starter,19
U106689,2025-08-14,Starter,19
U106689,2025-09-13,Starter,19
U106689,2025-10-13,Starter,19
U106689,2025-11-12,Starter,19
U106689,2025-12-12,Starter,19
U101880,2025-05-17,Scale,149
U101880,2025-06-16,Scale,149
U101880,2025-07-16,Scale,149
U101880,2025-08-15,Scale,149
U101880,2025-09-14,Scale,149
U101880,2025-10-14,Scale,149
U101880,2025-11-13,Scale,149
U101880,2025-12-13,Scale,149
U101213,2025-05-16,Growth,59
U101213,2025-06-15,Growth,59
U101213,2025-07-15,Growth,59
U101213,2025-08-14,Growth,59
U100067,2025-05-18,Starter,19
U100067,2025-06-17,Starter,19
U100067,2025-07-17,Starter,19
U100067,2025-08-16,Starter,19
U100067,2025-09-15,Starter,19
U100067,2025-10-15,Starter,19
U100067,2025-11-14,Starter,19
U100067,2025-12-14,Starter,19
U105925,2025-05-15,Starter,19
U105925,2025-06-14,Starter,19
U105925,2025-07-14,Starter,19
U105925,2025-08-13,Starter,19
U105925,2025-09-12,Starter,19
U105925,2025-10-12,Starter,19
U105925,2025-11-11,Starter,19
U105925,2025-12-11,Starter,19
U107265,2025-05-16,Starter,19
U107265,2025-06-15,Starter,19
U107265,2025-07-15,Starter,19
U101344,2025-05-19,Starter,19
U101031,2025-05-16,Starter,19
U101031,2025-06-15,Starter,19
U101031,2025-07-15,Starter,19
U101031,2025-08-14,Starter,19
U101031,2025-09-13,Starter,19
U101031,2025-10-13,Starter,19
U101031,2025-11-12,Starter,19
U101031,2025-12-12,Starter,19
U103795,2025-05-19,Growth,59
U103795,2025-06-18,Growth,59
U103795,2025-07-18,Growth,59
U103795,2025-08-17,Growth,59
U103795,2025-09-16,Growth,59
U103795,2025-10-16,Growth,59
U103795,2025-11-15,Growth,59
U103795,2025-12-15,Growth,59
U102910,2025-05-14,Growth,59
U102910,2025-06-13,Growth,59
U102910,2025-07-13,Growth,59
U102910,2025-08-12,Growth,59
U102910,2025-09-11,Growth,59
U102910,2025-10-11,Growth,59
U102910,2025-11-10,Growth,59
U102910,2025-12-10,Growth,59
U101201,2025-05-15,Starter,19
U101201,2025-06-14,Starter,19
U101201,2025-07-14,Starter,19
U101201,2025-08-13,Starter,19
U101201,2025-09-12,Starter,19
U101201,2025-10-12,Starter,19
U101201,2025-11-11,Starter,19
U101201,2025-12-11,Starter,19
U106164,2025-05-17,Growth,59
U106164,2025-06-16,Growth,59
U106164,2025-07-16,Growth,59
U106164,2025-08-15,Growth,59
U106164,2025-09-14,Growth,59
U106164,2025-10-14,Growth,59
U106164,2025-11-13,Growth,59
U106164,2025-12-13,Growth,59
U105995,2025-05-19,Starter,19
U105995,2025-06-18,Starter,19
U105995,2025-07-18,Starter,19
U105995,2025-08-17,Starter,19
U107462,2025-05-16,Starter,19
U104906,2025-05-19,Growth,59
U104906,2025-06-18,Growth,59
U104906,2025-07-18,Growth,59
U107700,2025-05-21,Growth,59
U107700,2025-06-20,Growth,59
U107700,2025-07-20,Growth,59
U107700,2025-08-19,Growth,59
U107700,2025-09-18,Growth,59
U107700,2025-10-18,Growth,59
U107700,2025-11-17,Growth,59
U107700,2025-12-17,Growth,59
U106503,2025-05-20,Growth,59
U106503,2025-06-19,Growth,59
U106503,2025-07-19,Growth,59
U106503,2025-08-18,Growth,59
U106503,2025-09-17,Growth,59
U106503,2025-10-17,Growth,59
U106503,2025-11-16,Growth,59
U106503,2025-12-16,Growth,59
U107154,2025-05-17,Growth,59
U107154,2025-06-16,Growth,59
U107154,2025-07-16,Growth,59
U107154,2025-08-15,Growth,59
U107154,2025-09-14,Growth,59
U107154,2025-10-14,Growth,59
U107154,2025-11-13,Growth,59
U107154,2025-12-13,Growth,59
U108122,2025-05-23,Growth,59
U108122,2025-06-22,Growth,59
U101861,2025-05-21,Growth,59
U101861,2025-06-20,Growth,59
U101861,2025-07-20,Growth,59
U107897,2025-05-22,Starter,19
U107897,2025-06-21,Starter,19
U107897,2025-07-21,Starter,19
U107897,2025-08-20,Starter,19
U107897,2025-09-19,Starter,19
U107897,2025-10-19,Starter,19
U107897,2025-11-18,Starter,19
U107897,2025-12-18,Starter,19
U106628,2025-05-21,Starter,19
U106628,2025-06-20,Starter,19
U106628,2025-07-20,Starter,19
U106628,2025-08-19,Starter,19
U106628,2025-09-18,Starter,19
U106628,2025-10-18,Starter,19
U106628,2025-11-17,Starter,19
U106628,2025-12-17,Starter,19
U100135,2025-05-27,Growth,59
U100135,2025-06-26,Growth,59
U100135,2025-07-26,Growth,59
U100135,2025-08-25,Growth,59
U100135,2025-09-24,Growth,59
U100135,2025-10-24,Growth,59
U100135,2025-11-23,Growth,59
U100135,2025-12-23,Growth,59
U103007,2025-05-23,Starter,19
U103007,2025-06-22,Starter,19
U103007,2025-07-22,Starter,19
U103007,2025-08-21,Starter,19
U105510,2025-05-29,Growth,59
U105510,2025-06-28,Growth,59
U103061,2025-05-30,Growth,59
U103061,2025-06-29,Growth,59
U103061,2025-07-29,Growth,59
U103061,2025-08-28,Growth,59
U103061,2025-09-27,Growth,59
U105861,2025-05-31,Scale,149
U105861,2025-06-30,Scale,149
U105861,2025-07-30,Scale,149
U105861,2025-08-29,Scale,149
U105861,2025-09-28,Scale,149
U105861,2025-10-28,Scale,149
U105861,2025-11-27,Scale,149
U105861,2025-12-27,Scale,149
U106094,2025-05-26,Starter,19
U106094,2025-06-25,Starter,19
U106094,2025-07-25,Starter,19
U106094,2025-08-24,Starter,19
U106094,2025-09-23,Starter,19
U106094,2025-10-23,Starter,19
U106094,2025-11-22,Starter,19
U106094,2025-12-22,Starter,19
U105590,2025-06-04,Starter,19
U105590,2025-07-04,Starter,19
U105590,2025-08-03,Starter,19
U105590,2025-09-02,Starter,19
U105590,2025-10-02,Starter,19
U105590,2025-11-01,Starter,19
U105590,2025-12-01,Starter,19
U105590,2025-12-31,Starter,19
U105035,2025-06-02,Growth,59
U105035,2025-07-02,Growth,59
U105035,2025-08-01,Growth,59
U105035,2025-08-31,Growth,59
U105035,2025-09-30,Growth,59
U105035,2025-10-30,Growth,59
U105035,2025-11-29,Growth,59
U105035,2025-12-29,Growth,59
U106093,2025-06-04,Growth,59
U106093,2025-07-04,Growth,59
U106093,2025-08-03,Growth,59
U106093,2025-09-02,Growth,59
U106093,2025-10-02,Growth,59
U106093,2025-11-01,Growth,59
U103057,2025-05-31,Growth,59
U103057,2025-06-30,Growth,59
U101672,2025-06-05,Growth,59
U101672,2025-07-05,Growth,59
U101672,2025-08-04,Growth,59
U101672,2025-09-03,Growth,59
U101672,2025-10-03,Growth,59
U101672,2025-11-02,Growth,59
U101672,2025-12-02,Growth,59
U107935,2025-06-06,Growth,59
U107935,2025-07-06,Growth,59
U107935,2025-08-05,Growth,59
U107935,2025-09-04,Growth,59
U107935,2025-10-04,Growth,59
U107935,2025-11-03,Growth,59
U107935,2025-12-03,Growth,59
U106189,2025-06-01,Starter,19
U106189,2025-07-01,Starter,19
U106189,2025-07-31,Starter,19
U106189,2025-08-30,Starter,19
U106189,2025-09-29,Starter,19
U106189,2025-10-29,Starter,19
U106189,2025-11-28,Starter,19
U106189,2025-12-28,Starter,19
U106645,2025-06-07,Starter,19
U106645,2025-07-07,Starter,19
U106645,2025-08-06,Starter,19
U106645,2025-09-05,Starter,19
U106645,2025-10-05,Starter,19
U106645,2025-11-04,Starter,19
U106645,2025-12-04,Starter,19
U101846,2025-06-08,Growth,59
U101846,2025-07-08,Growth,59
U104932,2025-06-07,Starter,19
U104932,2025-07-07,Starter,19
U104932,2025-08-06,Starter,19
U104932,2025-09-05,Starter,19
U104932,2025-10-05,Starter,19
U104932,2025-11-04,Starter,19
U104932,2025-12-04,Starter,19
U103808,2025-06-09,Starter,19
U103808,2025-07-09,Starter,19
U103808,2025-08-08,Starter,19
U103808,2025-09-07,Starter,19
U103808,2025-10-07,Starter,19
U103808,2025-11-06,Starter,19
U104858,2025-06-08,Scale,149
U104858,2025-07-08,Scale,149
U104858,2025-08-07,Scale,149
U104858,2025-09-06,Scale,149
U104858,2025-10-06,Scale,149
U104858,2025-11-05,Scale,149
U106817,2025-06-11,Growth,59
U106817,2025-07-11,Growth,59
U106817,2025-08-10,Growth,59
U106817,2025-09-09,Growth,59
U106817,2025-10-09,Growth,59
U106817,2025-11-08,Growth,59
U106817,2025-12-08,Growth,59
U106954,2025-06-11,Starter,19
U106954,2025-07-11,Starter,19
U106954,2025-08-10,Starter,19
U106954,2025-09-09,Starter,19
U107765,2025-06-09,Starter,19
U106144,2025-06-08,Scale,149
U106144,2025-07-08,Scale,149
U106144,2025-08-07,Scale,149
U106144,2025-09-06,Scale,149
U102783,2025-06-09,Starter,19
U102783,2025-07-09,Starter,19
U102783,2025-08-08,Starter,19
U102783,2025-09-07,Starter,19
U102783,2025-10-07,Starter,19
U102783,2025-11-06,Starter,19
U106935,2025-06-08,Starter,19
U106935,2025-07-08,Starter,19
U106935,2025-08-07,Starter,19
U106935,2025-09-06,Starter,19
U106935,2025-10-06,Starter,19
U106935,2025-11-05,Starter,19
U106935,2025-12-05,Starter,19
U106298,2025-06-07,Starter,19
U106298,2025-07-07,Starter,19
U106298,2025-08-06,Starter,19
U106298,2025-09-05,Starter,19
U106298,2025-10-05,Starter,19
U106298,2025-11-04,Starter,19
U106298,2025-12-04,Starter,19
U108434,2025-06-15,Growth,59
U108434,2025-07-15,Growth,59
U108434,2025-08-14,Growth,59
U108434,2025-09-13,Growth,59
U108434,2025-10-13,Growth,59
U108434,2025-11-12,Growth,59
U108434,2025-12-12,Growth,59
U103053,2025-06-12,Growth,59
U103053,2025-07-12,Growth,59
U103053,2025-08-11,Growth,59
U105165,2025-06-10,Scale,149
U105165,2025-07-10,Scale,149
U105165,2025-08-09,Scale,149
U105165,2025-09-08,Scale,149
U105165,2025-10-08,Scale,149
U105165,2025-11-07,Scale,149
U105165,2025-12-07,Scale,149
U106918,2025-06-10,Starter,19
U106918,2025-07-10,Starter,19
U106918,2025-08-09,Starter,19
U106918,2025-09-08,Starter,19
U106918,2025-10-08,Starter,19
U106918,2025-11-07,Starter,19
U106918,2025-12-07,Starter,19
U104848,2025-06-19,Starter,19
U104848,2025-07-19,Starter,19
U104848,2025-08-18,Starter,19
U106488,2025-06-18,Scale,149
U106488,2025-07-18,Scale,149
U106488,2025-08-17,Scale,149
U106488,2025-09-16,Scale,149
U106488,2025-10-16,Scale,149
U106488,2025-11-15,Scale,149
U106488,2025-12-15,Scale,149
U107818,2025-06-15,Growth,59
U107818,2025-07-15,Growth,59
U107818,2025-08-14,Growth,59
U107818,2025-09-13,Growth,59
U107818,2025-10-13,Growth,59
U107302,2025-06-15,Starter,19
U107302,2025-07-15,Starter,19
U107302,2025-08-14,Starter,19
U107302,2025-09-13,Starter,19
U107302,2025-10-13,Starter,19
U107302,2025-11-12,Starter,19
U107302,2025-12-12,Starter,19
U103919,2025-06-18,Starter,19
U103919,2025-07-18,Starter,19
U103919,2025-08-17,Starter,19
U103919,2025-09-16,Starter,19
U103919,2025-10-16,Starter,19
U103919,2025-11-15,Starter,19
U103919,2025-12-15,Starter,19
U104865,2025-06-13,Starter,19
U104865,2025-07-13,Starter,19
U104865,2025-08-12,Starter,19
U104865,2025-09-11,Starter,19
U104865,2025-10-11,Starter,19
U104865,2025-11-10,Starter,19
U104865,2025-12-10,Starter,19
U103906,2025-06-16,Growth,59
U103906,2025-07-16,Growth,59
U103906,2025-08-15,Growth,59
U103906,2025-09-14,Growth,59
U103906,2025-10-14,Growth,59
U103906,2025-11-13,Growth,59
U103906,2025-12-13,Growth,59
U104918,2025-06-18,Starter,19
U104918,2025-07-18,Starter,19
U104918,2025-08-17,Starter,19
U104918,2025-09-16,Starter,19
U104918,2025-10-16,Starter,19
U104918,2025-11-15,Starter,19
U104918,2025-12-15,Starter,19
U100061,2025-06-20,Starter,19
U100061,2025-07-20,Starter,19
U100061,2025-08-19,Starter,19
U100061,2025-09-18,Starter,19
U100061,2025-10-18,Starter,19
U100061,2025-11-17,Starter,19
U100061,2025-12-17,Starter,19
U100712,2025-06-18,Growth,59
U100712,2025-07-18,Growth,59
U100712,2025-08-17,Growth,59
U100712,2025-09-16,Growth,59
U100712,2025-10-16,Growth,59
U108013,2025-06-19,Growth,59
U108013,2025-07-19,Growth,59
U108013,2025-08-18,Growth,59
U108013,2025-09-17,Growth,59
U108013,2025-10-17,Growth,59
U108013,2025-11-16,Growth,59
U108013,2025-12-16,Growth,59
U106206,2025-06-23,Growth,59
U106206,2025-07-23,Growth,59
U106206,2025-08-22,Growth,59
U106206,2025-09-21,Growth,59
U106206,2025-10-21,Growth,59
U106206,2025-11-20,Growth,59
U106206,2025-12-20,Growth,59
U104812,2025-06-25,Growth,59
U104812,2025-07-25,Growth,59
U104812,2025-08-24,Growth,59
U104812,2025-09-23,Growth,59
U104812,2025-10-23,Growth,59
U104812,2025-11-22,Growth,59
U104812,2025-12-22,Growth,59
U103509,2025-06-21,Growth,59
U103509,2025-07-21,Growth,59
U103509,2025-08-20,Growth,59
U103509,2025-09-19,Growth,59
U103509,2025-10-19,Growth,59
U108336,2025-06-21,Growth,59
U108336,2025-07-21,Growth,59
U108336,2025-08-20,Growth,59
U108336,2025-09-19,Growth,59
U108336,2025-10-19,Growth,59
U108336,2025-11-18,Growth,59
U108336,2025-12-18,Growth,59
U104552,2025-06-29,Growth,59
U104552,2025-07-29,Growth,59
U104552,2025-08-28,Growth,59
U104552,2025-09-27,Growth,59
U104552,2025-10-27,Growth,59
U104552,2025-11-26,Growth,59
U104552,2025-12-26,Growth,59
U107297,2025-06-29,Starter,19
U107297,2025-07-29,Starter,19
U107297,2025-08-28,Starter,19
U107297,2025-09-27,Starter,19
U107297,2025-10-27,Starter,19
U107297,2025-11-26,Starter,19
U107297,2025-12-26,Starter,19
U102533,2025-06-26,Starter,19
U102533,2025-07-26,Starter,19
U102533,2025-08-25,Starter,19
U102533,2025-09-24,Starter,19
U102533,2025-10-24,Starter,19
U102533,2025-11-23,Starter,19
U102533,2025-12-23,Starter,19
U103616,2025-06-27,Growth,59
U103616,2025-07-27,Growth,59
U103616,2025-08-26,Growth,59
U103616,2025-09-25,Growth,59
U103616,2025-10-25,Growth,59
U103616,2025-11-24,Growth,59
U103616,2025-12-24,Growth,59
U102380,2025-06-25,Scale,149
U102380,2025-07-25,Scale,149
U102380,2025-08-24,Scale,149
U102380,2025-09-23,Scale,149
U102380,2025-10-23,Scale,149
U102380,2025-11-22,Scale,149
U102380,2025-12-22,Scale,149
U107930,2025-06-28,Starter,19
U107930,2025-07-28,Starter,19
U107930,2025-08-27,Starter,19
U107930,2025-09-26,Starter,19
U107930,2025-10-26,Starter,19
U107930,2025-11-25,Starter,19
U107930,2025-12-25,Starter,19
U100333,2025-06-25,Growth,59
U100333,2025-07-25,Growth,59
U100333,2025-08-24,Growth,59
U102758,2025-07-01,Starter,19
U102758,2025-07-31,Starter,19
U102758,2025-08-30,Starter,19
U102758,2025-09-29,Starter,19
U102758,2025-10-29,Starter,19
U102758,2025-11-28,Starter,19
U102758,2025-12-28,Starter,19
U108006,2025-07-01,Starter,19
U100491,2025-07-02,Growth,59
U100491,2025-08-01,Growth,59
U100491,2025-08-31,Growth,59
U100491,2025-09-30,Growth,59
U100491,2025-10-30,Growth,59
U100491,2025-11-29,Growth,59
U100491,2025-12-29,Growth,59
U101421,2025-07-03,Growth,59
U101421,2025-08-02,Growth,59
U101421,2025-09-01,Growth,59
U101421,2025-10-01,Growth,59
U101421,2025-10-31,Growth,59
U101421,2025-11-30,Growth,59
U101421,2025-12-30,Growth,59
U107243,2025-07-01,Starter,19
U107243,2025-07-31,Starter,19
U107243,2025-08-30,Starter,19
U107243,2025-09-29,Starter,19
U107243,2025-10-29,Starter,19
U107243,2025-11-28,Starter,19
U107243,2025-12-28,Starter,19
U101777,2025-07-08,Growth,59
U103164,2025-07-10,Growth,59
U103164,2025-08-09,Growth,59
U103164,2025-09-08,Growth,59
U107218,2025-07-08,Scale,149
U107218,2025-08-07,Scale,149
U107218,2025-09-06,Scale,149
U107218,2025-10-06,Scale,149
U107218,2025-11-05,Scale,149
U107218,2025-12-05,Scale,149
U102452,2025-07-13,Starter,19
U102452,2025-08-12,Starter,19
U102452,2025-09-11,Starter,19
U102452,2025-10-11,Starter,19
U102452,2025-11-10,Starter,19
U102452,2025-12-10,Starter,19
U106788,2025-07-11,Growth,59
U106788,2025-08-10,Growth,59
U106788,2025-09-09,Growth,59
U106788,2025-10-09,Growth,59
U106788,2025-11-08,Growth,59
U106788,2025-12-08,Growth,59
U100875,2025-07-10,Starter,19
U106133,2025-07-15,Starter,19
U106133,2025-08-14,Starter,19
U106133,2025-09-13,Starter,19
U106133,2025-10-13,Starter,19
U106133,2025-11-12,Starter,19
U106133,2025-12-12,Starter,19
U104083,2025-07-15,Starter,19
U105406,2025-07-13,Starter,19
U105406,2025-08-12,Starter,19
U105406,2025-09-11,Starter,19
U105406,2025-10-11,Starter,19
U105406,2025-11-10,Starter,19
U105406,2025-12-10,Starter,19
U108253,2025-07-18,Scale,149
U108253,2025-08-17,Scale,149
U108253,2025-09-16,Scale,149
U108253,2025-10-16,Scale,149
U108253,2025-11-15,Scale,149
U108253,2025-12-15,Scale,149
U101640,2025-07-11,Growth,59
U101640,2025-08-10,Growth,59
U101640,2025-09-09,Growth,59
U101640,2025-10-09,Growth,59
U101640,2025-11-08,Growth,59
U101640,2025-12-08,Growth,59
U104852,2025-07-17,Starter,19
U104852,2025-08-16,Starter,19
U104852,2025-09-15,Starter,19
U104852,2025-10-15,Starter,19
U104852,2025-11-14,Starter,19
U104852,2025-12-14,Starter,19
U104131,2025-07-18,Growth,59
U104131,2025-08-17,Growth,59
U104131,2025-09-16,Growth,59
U104131,2025-10-16,Growth,59
U104131,2025-11-15,Growth,59
U104131,2025-12-15,Growth,59
U107152,2025-07-15,Starter,19
U107152,2025-08-14,Starter,19
U107152,2025-09-13,Starter,19
U107152,2025-10-13,Starter,19
U107152,2025-11-12,Starter,19
U107152,2025-12-12,Starter,19
U107412,2025-07-15,Starter,19
U107412,2025-08-14,Starter,19
U107412,2025-09-13,Starter,19
U107412,2025-10-13,Starter,19
U107412,2025-11-12,Starter,19
U101825,2025-07-19,Starter,19
U101172,2025-07-20,Scale,149
U101172,2025-08-19,Scale,149
U101172,2025-09-18,Scale,149
U101965,2025-07-14,Starter,19
U101965,2025-08-13,Starter,19
U101965,2025-09-12,Starter,19
U101965,2025-10-12,Starter,19
U101965,2025-11-11,Starter,19
U101965,2025-12-11,Starter,19
U101813,2025-07-15,Growth,59
U101813,2025-08-14,Growth,59
U101813,2025-09-13,Growth,59
U101813,2025-10-13,Growth,59
U101813,2025-11-12,Growth,59
U101813,2025-12-12,Growth,59
U105453,2025-07-19,Starter,19
U105453,2025-08-18,Starter,19
U105453,2025-09-17,Starter,19
U105453,2025-10-17,Starter,19
U105453,2025-11-16,Starter,19
U105453,2025-12-16,Starter,19
U103045,2025-07-20,Growth,59
U103045,2025-08-19,Growth,59
U103045,2025-09-18,Growth,59
U103045,2025-10-18,Growth,59
U103045,2025-11-17,Growth,59
U103045,2025-12-17,Growth,59
U102403,2025-07-27,Starter,19
U102403,2025-08-26,Starter,19
U102403,2025-09-25,Starter,19
U102403,2025-10-25,Starter,19
U102403,2025-11-24,Starter,19
U102403,2025-12-24,Starter,19
U102604,2025-07-21,Starter,19
U104800,2025-07-30,Starter,19
U104800,2025-08-29,Starter,19
U104800,2025-09-28,Starter,19
U104800,2025-10-28,Starter,19
U104800,2025-11-27,Starter,19
U104800,2025-12-27,Starter,19
U103712,2025-07-29,Starter,19
U103712,2025-08-28,Starter,19
U107276,2025-07-22,Growth,59
U107276,2025-08-21,Growth,59
U104683,2025-07-26,Growth,59
U106011,2025-07-27,Starter,19
U106011,2025-08-26,Starter,19
U106011,2025-09-25,Starter,19
U106011,2025-10-25,Starter,19
U106011,2025-11-24,Starter,19
U106011,2025-12-24,Starter,19
U106450,2025-07-30,Growth,59
U106450,2025-08-29,Growth,59
U106450,2025-09-28,Growth,59
U106450,2025-10-28,Growth,59
U106450,2025-11-27,Growth,59
U106450,2025-12-27,Growth,59
U102386,2025-07-30,Starter,19
U102386,2025-08-29,Starter,19
U102386,2025-09-28,Starter,19
U102386,2025-10-28,Starter,19
U102386,2025-11-27,Starter,19
U102386,2025-12-27,Starter,19
U100371,2025-07-24,Growth,59
U100371,2025-08-23,Growth,59
U100371,2025-09-22,Growth,59
U100371,2025-10-22,Growth,59
U100371,2025-11-21,Growth,59
U100371,2025-12-21,Growth,59
U108441,2025-07-27,Starter,19
U108441,2025-08-26,Starter,19
U108441,2025-09-25,Starter,19
U108441,2025-10-25,Starter,19
U108441,2025-11-24,Starter,19
U108441,2025-12-24,Starter,19
U105331,2025-07-26,Growth,59
U105331,2025-08-25,Growth,59
U104347,2025-07-26,Scale,149
U104347,2025-08-25,Scale,149
U103821,2025-08-04,Starter,19
U103821,2025-09-03,Starter,19
U103821,2025-10-03,Starter,19
U103821,2025-11-02,Starter,19
U103821,2025-12-02,Starter,19
U108139,2025-07-29,Growth,59
U108139,2025-08-28,Growth,59
U108139,2025-09-27,Growth,59
U108139,2025-10-27,Growth,59
U108139,2025-11-26,Growth,59
U108139,2025-12-26,Growth,59
U102487,2025-08-04,Growth,59
U102487,2025-09-03,Growth,59
U102487,2025-10-03,Growth,59
U102487,2025-11-02,Growth,59
U102487,2025-12-02,Growth,59
U104234,2025-07-30,Starter,19
U104234,2025-08-29,Starter,19
U104234,2025-09-28,Starter,19
U104234,2025-10-28,Starter,19
U104234,2025-11-27,Starter,19
U104234,2025-12-27,Starter,19
U105795,2025-07-30,Growth,59
U105795,2025-08-29,Growth,59
U105795,2025-09-28,Growth,59
U105795,2025-10-28,Growth,59
U105795,2025-11-27,Growth,59
U106797,2025-07-31,Starter,19
U106797,2025-08-30,Starter,19
U101331,2025-08-03,Scale,149
U101331,2025-09-02,Scale,149
U101331,2025-10-02,Scale,149
U101331,2025-11-01,Scale,149
U101331,2025-12-01,Scale,149
U101331,2025-12-31,Scale,149
U104864,2025-08-07,Scale,149
U104864,2025-09-06,Scale,149
U104864,2025-10-06,Scale,149
U104864,2025-11-05,Scale,149
U104864,2025-12-05,Scale,149
U100459,2025-08-12,Scale,149
U100459,2025-09-11,Scale,149
U100459,2025-10-11,Scale,149
U100459,2025-11-10,Scale,149
U100459,2025-12-10,Scale,149
U105467,2025-08-12,Starter,19
U105467,2025-09-11,Starter,19
U105467,2025-10-11,Starter,19
U105467,2025-11-10,Starter,19
U105467,2025-12-10,Starter,19
U104140,2025-08-11,Growth,59
U104140,2025-09-10,Growth,59
U104140,2025-10-10,Growth,59
U104140,2025-11-09,Growth,59
U104140,2025-12-09,Growth,59
U104401,2025-08-17,Growth,59
U104401,2025-09-16,Growth,59
U104401,2025-10-16,Growth,59
U104401,2025-11-15,Growth,59
U104401,2025-12-15,Growth,59
U103726,2025-08-15,Starter,19
U103726,2025-09-14,Starter,19
U103726,2025-10-14,Starter,19
U103726,2025-11-13,Starter,19
U103726,2025-12-13,Starter,19
U108472,2025-08-13,Starter,19
U108472,2025-09-12,Starter,19
U108472,2025-10-12,Starter,19
U100426,2025-08-16,Growth,59
U100426,2025-09-15,Growth,59
U100426,2025-10-15,Growth,59
U100426,2025-11-14,Growth,59
U100426,2025-12-14,Growth,59
U100630,2025-08-19,Growth,59
U100630,2025-09-18,Growth,59
U100630,2025-10-18,Growth,59
U100630,2025-11-17,Growth,59
U100630,2025-12-17,Growth,59
U101650,2025-08-22,Starter,19
U101650,2025-09-21,Starter,19
U101650,2025-10-21,Starter,19
U101650,2025-11-20,Starter,19
U101650,2025-12-20,Starter,19
U106297,2025-08-21,Starter,19
U106297,2025-09-20,Starter,19
U106297,2025-10-20,Starter,19
U106297,2025-11-19,Starter,19
U106297,2025-12-19,Starter,19
U107115,2025-08-17,Scale,149
U107115,2025-09-16,Scale,149
U107115,2025-10-16,Scale,149
U107115,2025-11-15,Scale,149
U107115,2025-12-15,Scale,149
U100168,2025-08-25,Growth,59
U100168,2025-09-24,Growth,59
U100168,2025-10-24,Growth,59
U100168,2025-11-23,Growth,59
U100168,2025-12-23,Growth,59
U104667,2025-08-18,Growth,59
U104667,2025-09-17,Growth,59
U104667,2025-10-17,Growth,59
U104667,2025-11-16,Growth,59
U104667,2025-12-16,Growth,59
U106906,2025-08-26,Scale,149
U106906,2025-09-25,Scale,149
U106906,2025-10-25,Scale,149
U106906,2025-11-24,Scale,149
U106906,2025-12-24,Scale,149
U104264,2025-08-25,Starter,19
U104264,2025-09-24,Starter,19
U104264,2025-10-24,Starter,19
U104264,2025-11-23,Starter,19
U104264,2025-12-23,Starter,19
U102187,2025-08-27,Growth,59
U102187,2025-09-26,Growth,59
U102187,2025-10-26,Growth,59
U102187,2025-11-25,Growth,59
U102187,2025-12-25,Growth,59
U105443,2025-08-30,Starter,19
U105443,2025-09-29,Starter,19
U105443,2025-10-29,Starter,19
U105443,2025-11-28,Starter,19
U105443,2025-12-28,Starter,19
U107735,2025-08-29,Starter,19
U107735,2025-09-28,Starter,19
U107735,2025-10-28,Starter,19
U107735,2025-11-27,Starter,19
U107735,2025-12-27,Starter,19
U107364,2025-08-28,Starter,19
U107364,2025-09-27,Starter,19
U107364,2025-10-27,Starter,19
U107364,2025-11-26,Starter,19
U107364,2025-12-26,Starter,19
U100397,2025-08-27,Starter,19
U100397,2025-09-26,Starter,19
U100397,2025-10-26,Starter,19
U100397,2025-11-25,Starter,19
U100397,2025-12-25,Starter,19
U102834,2025-09-02,Scale,149
U102834,2025-10-02,Scale,149
U102834,2025-11-01,Scale,149
U102834,2025-12-01,Scale,149
U102834,2025-12-31,Scale,149
U108337,2025-08-28,Growth,59
U108337,2025-09-27,Growth,59
U108337,2025-10-27,Growth,59
U108337,2025-11-26,Growth,59
U108337,2025-12-26,Growth,59
U100520,2025-09-01,Starter,19
U107718,2025-09-02,Growth,59
U107718,2025-10-02,Growth,59
U107718,2025-11-01,Growth,59
U107718,2025-12-01,Growth,59
U107718,2025-12-31,Growth,59
U107431,2025-09-02,Starter,19
U107431,2025-10-02,Starter,19
U107431,2025-11-01,Starter,19
U107431,2025-12-01,Starter,19
U107431,2025-12-31,Starter,19
U105670,2025-09-06,Growth,59
U105670,2025-10-06,Growth,59
U105670,2025-11-05,Growth,59
U105670,2025-12-05,Growth,59
U106104,2025-09-01,Starter,19
U106104,2025-10-01,Starter,19
U106104,2025-10-31,Starter,19
U106104,2025-11-30,Starter,19
U106104,2025-12-30,Starter,19
U100508,2025-09-07,Starter,19
U100508,2025-10-07,Starter,19
U100508,2025-11-06,Starter,19
U100508,2025-12-06,Starter,19
U106443,2025-09-04,Scale,149
U106443,2025-10-04,Scale,149
U106443,2025-11-03,Scale,149
U106443,2025-12-03,Scale,149
U106716,2025-09-06,Scale,149
U106716,2025-10-06,Scale,149
U106716,2025-11-05,Scale,149
U106716,2025-12-05,Scale,149
U104335,2025-09-07,Growth,59
U104335,2025-10-07,Growth,59
U104335,2025-11-06,Growth,59
U104335,2025-12-06,Growth,59
U107082,2025-09-08,Growth,59
U107082,2025-10-08,Growth,59
U107082,2025-11-07,Growth,59
U107082,2025-12-07,Growth,59
U104385,2025-09-10,Starter,19
U104385,2025-10-10,Starter,19
U104385,2025-11-09,Starter,19
U104385,2025-12-09,Starter,19
U104651,2025-09-08,Starter,19
U104651,2025-10-08,Starter,19
U104651,2025-11-07,Starter,19
U104651,2025-12-07,Starter,19
U104255,2025-09-16,Starter,19
U104255,2025-10-16,Starter,19
U104255,2025-11-15,Starter,19
U104255,2025-12-15,Starter,19
U102381,2025-09-10,Starter,19
U102381,2025-10-10,Starter,19
U102381,2025-11-09,Starter,19
U102381,2025-12-09,Starter,19
U106664,2025-09-15,Growth,59
U106664,2025-10-15,Growth,59
U106664,2025-11-14,Growth,59
U106664,2025-12-14,Growth,59
U107754,2025-09-14,Starter,19
U104575,2025-09-15,Starter,19
U104575,2025-10-15,Starter,19
U104575,2025-11-14,Starter,19
U104575,2025-12-14,Starter,19
U103550,2025-09-16,Growth,59
U103550,2025-10-16,Growth,59
U103550,2025-11-15,Growth,59
U103550,2025-12-15,Growth,59
U106733,2025-09-13,Starter,19
U106733,2025-10-13,Starter,19
U106733,2025-11-12,Starter,19
U106733,2025-12-12,Starter,19
U102352,2025-09-13,Starter,19
U102352,2025-10-13,Starter,19
U102352,2025-11-12,Starter,19
U102352,2025-12-12,Starter,19
U102918,2025-09-20,Scale,149
U102918,2025-10-20,Scale,149
U102918,2025-11-19,Scale,149
U102918,2025-12-19,Scale,149
U103373,2025-09-14,Growth,59
U103373,2025-10-14,Growth,59
U108418,2025-09-16,Starter,19
U108418,2025-10-16,Starter,19
U103650,2025-09-24,Starter,19
U103650,2025-10-24,Starter,19
U103650,2025-11-23,Starter,19
U103650,2025-12-23,Starter,19
U104957,2025-09-20,Growth,59
U104957,2025-10-20,Growth,59
U104957,2025-11-19,Growth,59
U104957,2025-12-19,Growth,59
U101049,2025-09-24,Growth,59
U101049,2025-10-24,Growth,59
U101049,2025-11-23,Growth,59
U101049,2025-12-23,Growth,59
U106483,2025-09-30,Starter,19
U106483,2025-10-30,Starter,19
U106483,2025-11-29,Starter,19
U106483,2025-12-29,Starter,19
U102270,2025-10-01,Growth,59
U102270,2025-10-31,Growth,59
U102270,2025-11-30,Growth,59
U102270,2025-12-30,Growth,59
U102700,2025-09-27,Starter,19
U102700,2025-10-27,Starter,19
U102700,2025-11-26,Starter,19
U102700,2025-12-26,Starter,19
U107517,2025-10-01,Growth,59
U100704,2025-10-05,Growth,59
U100704,2025-11-04,Growth,59
U100704,2025-12-04,Growth,59
U105505,2025-09-30,Starter,19
U105505,2025-10-30,Starter,19
U105505,2025-11-29,Starter,19
U105505,2025-12-29,Starter,19
U100858,2025-10-07,Growth,59
U100858,2025-11-06,Growth,59
U100858,2025-12-06,Growth,59
U103249,2025-10-02,Growth,59
U103249,2025-11-01,Growth,59
U103249,2025-12-01,Growth,59
U103249,2025-12-31,Growth,59
U108409,2025-10-05,Starter,19
U108409,2025-11-04,Starter,19
U108409,2025-12-04,Starter,19
U106805,2025-10-12,Growth,59
U106805,2025-11-11,Growth,59
U106805,2025-12-11,Growth,59
U100956,2025-10-13,Starter,19
U100956,2025-11-12,Starter,19
U106950,2025-10-14,Growth,59
U106950,2025-11-13,Growth,59
U106950,2025-12-13,Growth,59
U103663,2025-10-08,Starter,19
U103663,2025-11-07,Starter,19
U103663,2025-12-07,Starter,19
U100182,2025-10-15,Starter,19
U100182,2025-11-14,Starter,19
U100182,2025-12-14,Starter,19
U106022,2025-10-18,Growth,59
U106022,2025-11-17,Growth,59
U106022,2025-12-17,Growth,59
U108235,2025-10-12,Starter,19
U108235,2025-11-11,Starter,19
U108235,2025-12-11,Starter,19
U100652,2025-10-18,Starter,19
U100652,2025-11-17,Starter,19
U100652,2025-12-17,Starter,19
U105734,2025-10-15,Starter,19
U105734,2025-11-14,Starter,19
U105734,2025-12-14,Starter,19
U107605,2025-10-19,Starter,19
U107605,2025-11-18,Starter,19
U107605,2025-12-18,Starter,19
U103732,2025-10-24,Starter,19
U103732,2025-11-23,Starter,19
U103732,2025-12-23,Starter,19
U108053,2025-10-25,Scale,149
U108053,2025-11-24,Scale,149
U105762,2025-10-27,Starter,19
U105762,2025-11-26,Starter,19
U105762,2025-12-26,Starter,19
U104588,2025-10-27,Starter,19
U104588,2025-11-26,Starter,19
U104588,2025-12-26,Starter,19
U108288,2025-10-26,Starter,19
U108288,2025-11-25,Starter,19
U108288,2025-12-25,Starter,19
U103882,2025-11-01,Starter,19
U103882,2025-12-01,Starter,19
U103882,2025-12-31,Starter,19
U106434,2025-11-03,Starter,19
U106434,2025-12-03,Starter,19
U103515,2025-11-05,Scale,149
U103515,2025-12-05,Scale,149
U100765,2025-10-29,Growth,59
U100765,2025-11-28,Growth,59
U100765,2025-12-28,Growth,59
U103090,2025-11-05,Growth,59
U103090,2025-12-05,Growth,59
U106256,2025-11-06,Starter,19
U106256,2025-12-06,Starter,19
U101946,2025-11-03,Growth,59
U101946,2025-12-03,Growth,59
U107324,2025-11-07,Growth,59
U103200,2025-11-09,Growth,59
U103200,2025-12-09,Growth,59
U105455,2025-11-14,Growth,59
U105455,2025-12-14,Growth,59
U105565,2025-11-12,Starter,19
U105565,2025-12-12,Starter,19
U100377,2025-11-11,Starter,19
U100377,2025-12-11,Starter,19
U101439,2025-11-17,Starter,19
U101439,2025-12-17,Starter,19
U105162,2025-11-14,Starter,19
U105162,2025-12-14,Starter,19
U100955,2025-11-20,Starter,19
U100955,2025-12-20,Starter,19
U101414,2025-11-20,Starter,19
U101414,2025-12-20,Starter,19
U107491,2025-11-20,Growth,59
U107491,2025-12-20,Growth,59
U106974,2025-12-01,Starter,19
U106974,2025-12-31,Starter,19
U100388,2025-11-23,Starter,19
U104121,2025-11-27,Starter,19
U104121,2025-12-27,Starter,19
U103269,2025-11-26,Starter,19
U103269,2025-12-26,Starter,19
U101951,2025-11-24,Growth,59
U101951,2025-12-24,Growth,59
U100170,2025-11-30,Growth,59
U100170,2025-12-30,Growth,59
U103380,2025-11-27,Scale,149
U103380,2025-12-27,Scale,149
U100720,2025-11-29,Growth,59
U100720,2025-12-29,Growth,59
U102535,2025-12-01,Starter,19
U102535,2025-12-31,Starter,19
U105445,2025-12-06,Starter,19
U101699,2025-12-07,Scale,149
U103072,2025-12-08,Starter,19
U101972,2025-12-08,Starter,19
U105547,2025-12-16,Growth,59
U102711,2025-12-13,Growth,59
U104452,2025-12-10,Growth,59
U102057,2025-12-22,Starter,19
U100447,2025-12-23,Scale,149
U101702,2025-12-21,Growth,59
U107296,2025-12-27,Starter,19
U101706,2025-12-29,Growth,59
U102794,2025-12-28,Starter,19
U106200,2025-12-23,Growth,59
U100541,2025-12-26,Starter,19
U106842,2025-12-29,Growth,59
U107662,2025-12-30,Scale,149
U100178,2025-12-30,Growth,59
