user_id,signup_date,acquisition_channel,segment,device,region,company_size,quality_score,acquisition_cost,activated,trial_started,subscription_status,plan,subscription_date,monthly_price
U108299,2025-01-01,Organic Search,Sales Team,Mobile,North America,51-200,0.984,21.32,False,False,Free,Free,,0
U104315,2025-01-01,Paid Search,Ops Manager,Desktop,LATAM,11-50,0.827,13.36,True,True,Paid,Growth,2025-01-03,59
U102731,2025-01-01,Partnership,Student / Hobby,Desktop,APAC,1-10,0.349,48.66,False,False,Free,Free,,0
U101221,2025-01-01,Organic Search,Sales Team,Desktop,Europe,1-10,0.755,22.54,False,False,Free,Free,,0
U100647,2025-01-01,Social,Founder,Tablet,North America,1-10,1.1,28.85,False,False,Free,Free,,0
U103877,2025-01-01,Organic Search,Marketing Team,Desktop,Europe,51-200,1.269,18.11,True,True,Paid,Growth,2025-01-04,59
U100741,2025-01-01,Organic Search,Founder,Mobile,Europe,51-200,1.117,10.81,True,False,Free,Free,,0
U100744,2025-01-01,Partnership,Founder,Mobile,North America,201-1000,1.176,2.54,False,False,Free,Free,,0
U100775,2025-01-01,Content,Marketing Team,Desktop,LATAM,201-1000,1.117,7.36,False,False,Free,Free,,0
U103606,2025-01-01,Paid Search,Student / Hobby,Desktop,Europe,1-10,0.328,69.41,False,False,Free,Free,,0
U100811,2025-01-01,Social,Founder,Desktop,North America,51-200,0.474,16.48,False,False,Free,Free,,0
U103503,2025-01-01,Paid Search,Founder,Desktop,North America,11-50,0.852,28.96,False,False,Free,Free,,0
U103492,2025-01-01,Organic Search,Ops Manager,Mobile,Europe,11-50,1.374,12.95,False,False,Free,Free,,0
U104419,2025-01-01,Content,Founder,Tablet,MEA,1-10,1.487,13.56,False,False,Free,Free,,0
U105540,2025-01-01,Paid Search,Ops Manager,Desktop,North America,1-10,1.184,4.58,False,False,Free,Free,,0
U106403,2025-01-01,Organic Search,Ops Manager,Mobile,Europe,11-50,1.113,26.8,True,False,Free,Free,,0
U107466,2025-01-01,Partnership,Marketing Team,Mobile,North America,51-200,1.098,20.03,True,True,Trial,Free,,0
U106120,2025-01-01,Content,Ops Manager,Desktop,Europe,11-50,1.162,20.46,True,False,Free,Free,,0
U101158,2025-01-01,Organic Search,Sales Team,Mobile,Europe,1-10,1.057,3.77,False,False,Free,Free,,0
U103207,2025-01-01,Paid Search,Ops Manager,Desktop,North America,1-10,0.748,43.24,True,True,Paid,Growth,2025-01-04,59
U103179,2025-01-01,Organic Search,Sales Team,Desktop,MEA,1-10,1.544,7.55,False,False,Free,Free,,0
U103151,2025-01-01,Referral,Sales Team,Desktop,Europe,11-50,1.302,12.77,True,False,Free,Free,,0
U107766,2025-01-01,Paid Search,Sales Team,Desktop,North America,1-10,0.623,2.34,False,False,Free,Free,,0
U106159,2025-01-01,Paid Search,Sales Team,Mobile,Europe,201-1000,0.982,21.1,False,False,Free,Free,,0
U100998,2025-01-01,Social,Student / Hobby,Desktop,North America,11-50,0.25,74.26,False,False,Free,Free,,0
U102880,2025-01-01,Referral,Founder,Desktop,Europe,11-50,1.21,30.37,True,False,Free,Free,,0
U107636,2025-01-01,Organic Search,Founder,Desktop,North America,1-10,1.104,23.21,True,False,Free,Free,,0
U103453,2025-01-01,Social,Sales Team,Desktop,Europe,1-10,1.019,12.18,True,False,Free,Free,,0
U104553,2025-01-01,Referral,Ops Manager,Desktop,North America,11-50,1.944,5.97,True,True,Paid,Starter,2025-01-02,19
U102585,2025-01-01,Referral,Marketing Team,Desktop,LATAM,11-50,1.144,22.67,True,False,Free,Free,,0
U107009,2025-01-01,Paid Search,Founder,Desktop,North America,1000+,0.711,7.94,False,False,Free,Free,,0
U105156,2025-01-01,Content,Sales Team,Desktop,Europe,11-50,1.105,10.61,True,False,Free,Free,,0
U101314,2025-01-01,Organic Search,Sales Team,Mobile,North America,1-10,1.108,52.03,False,False,Free,Free,,0
U105178,2025-01-01,Paid Search,Marketing Team,Desktop,North America,11-50,0.399,20.25,False,False,Free,Free,,0
U105183,2025-01-01,Organic Search,Sales Team,Mobile,LATAM,1-10,0.824,31.63,False,False,Free,Free,,0
U105228,2025-01-01,Social,Ops Manager,Desktop,North America,11-50,1.151,18.94,True,True,Paid,Starter,2025-01-08,19
U106623,2025-01-01,Partnership,Ops Manager,Mobile,North America,201-1000,1.244,9.61,False,False,Free,Free,,0
U107031,2025-01-01,Referral,Ops Manager,Desktop,Europe,11-50,1.53,18.61,True,True,Paid,Starter,2025-01-06,19
U106587,2025-01-01,Referral,Ops Manager,Desktop,APAC,1-10,2.128,28.7,True,True,Paid,Growth,2025-01-07,59
U108015,2025-01-01,Referral,Student / Hobby,Mobile,APAC,11-50,0.577,10.0,False,False,Free,Free,,0
U101617,2025-01-01,Organic Search,Founder,Desktop,North America,11-50,1.189,18.3,True,False,Free,Free,,0
U108035,2025-01-01,Referral,Marketing Team,Desktop,North America,11-50,1.121,22.74,False,False,Free,Free,,0
U107929,2025-01-01,Organic Search,Sales Team,Desktop,Europe,1-10,0.725,19.07,False,False,Free,Free,,0
U101837,2025-01-01,Paid Search,Student / Hobby,Desktop,APAC,1-10,0.25,46.43,False,False,Free,Free,,0
U104773,2025-01-01,Paid Search,Ops Manager,Desktop,Europe,201-1000,1.232,8.28,True,True,Trial,Free,,0
U105482,2025-01-01,Organic Search,Ops Manager,Desktop,APAC,201-1000,1.764,36.33,False,False,Free,Free,,0
U104642,2025-01-01,Organic Search,Sales Team,Desktop,North America,51-200,1.297,10.19,False,False,Free,Free,,0
U105424,2025-01-02,Paid Search,Founder,Desktop,Europe,201-1000,0.998,3.5,False,False,Free,Free,,0
U103038,2025-01-02,Content,Ops Manager,Desktop,North America,51-200,1.487,9.33,True,True,Paid,Starter,2025-01-02,19
U106128,2025-01-02,Organic Search,Founder,Mobile,North America,51-200,1.054,7.96,False,False,Free,Free,,0
U107575,2025-01-02,Paid Search,Ops Manager,Desktop,Europe,11-50,0.912,31.85,False,False,Free,Free,,0
U102922,2025-01-02,Social,Founder,Mobile,North America,51-200,0.726,32.26,False,False,Free,Free,,0
U106989,2025-01-02,Content,Founder,Desktop,Europe,11-50,1.36,6.0,True,True,Trial,Free,,0
U105451,2025-01-02,Organic Search,Ops Manager,Desktop,North America,51-200,1.216,27.54,False,False,Free,Free,,0
U105594,2025-01-02,Content,Sales Team,Mobile,North America,11-50,0.9,17.05,False,False,Free,Free,,0
U107550,2025-01-02,Referral,Ops Manager,Mobile,North America,11-50,1.987,6.17,True,False,Free,Free,,0
U106744,2025-01-02,Paid Search,Marketing Team,Desktop,North America,1-10,0.777,10.66,True,False,Free,Free,,0
U107176,2025-01-02,Organic Search,Sales Team,Mobile,North America,1-10,1.149,53.05,True,False,Free,Free,,0
U107122,2025-01-02,Organic Search,Marketing Team,Desktop,North America,51-200,0.803,36.24,False,False,Free,Free,,0
U100595,2025-01-02,Partnership,Founder,Desktop,LATAM,1000+,1.652,9.48,False,False,Free,Free,,0
U108431,2025-01-02,Organic Search,Sales Team,Mobile,North America,1-10,0.962,23.64,True,False,Free,Free,,0
U107203,2025-01-02,Social,Founder,Tablet,APAC,1-10,0.57,11.1,False,False,Free,Free,,0
U104281,2025-01-02,Referral,Marketing Team,Desktop,APAC,51-200,1.402,10.83,True,True,Trial,Free,,0
U104775,2025-01-02,Organic Search,Ops Manager,Desktop,APAC,201-1000,1.533,2.76,True,False,Free,Free,,0
U108294,2025-01-02,Paid Search,Ops Manager,Desktop,North America,1-10,1.012,17.61,True,True,Trial,Free,,0
U104966,2025-01-02,Paid Search,Marketing Team,Mobile,North America,11-50,0.584,51.4,False,False,Free,Free,,0
U104156,2025-01-02,Organic Search,Ops Manager,Desktop,Europe,1-10,1.488,10.87,False,False,Free,Free,,0
U105922,2025-01-02,Organic Search,Sales Team,Desktop,APAC,201-1000,0.976,10.9,True,False,Free,Free,,0
U104991,2025-01-02,Referral,Student / Hobby,Desktop,North America,201-1000,0.478,28.1,False,False,Free,Free,,0
U105031,2025-01-02,Referral,Sales Team,Mobile,Europe,51-200,1.084,16.0,False,False,Free,Free,,0
U100766,2025-01-02,Paid Search,Ops Manager,Desktop,Europe,51-200,1.197,15.14,True,True,Paid,Scale,2025-01-09,149
U107013,2025-01-02,Paid Search,Founder,Desktop,North America,11-50,0.861,9.44,False,False,Free,Free,,0
U106042,2025-01-02,Paid Search,Founder,Desktop,North America,1000+,1.049,32.68,True,False,Free,Free,,0
U100423,2025-01-02,Paid Search,Student / Hobby,Desktop,Europe,1-10,0.7,21.37,False,False,Free,Free,,0
U103439,2025-01-02,Referral,Founder,Desktop,APAC,1-10,1.401,37.88,False,False,Free,Free,,0
U108500,2025-01-02,Referral,Marketing Team,Mobile,Europe,11-50,1.103,8.73,False,False,Free,Free,,0
U103463,2025-01-02,Referral,Student / Hobby,Desktop,North America,1-10,0.734,18.28,True,False,Free,Free,,0
U101101,2025-01-02,Partnership,Ops Manager,Desktop,North America,11-50,1.934,10.68,True,False,Free,Free,,0
U102384,2025-01-02,Content,Marketing Team,Desktop,LATAM,51-200,1.223,17.46,True,True,Trial,Free,,0
U108077,2025-01-02,Paid Search,Sales Team,Desktop,North America,1-10,0.627,26.76,False,False,Free,Free,,0
U100052,2025-01-02,Organic Search,Ops Manager,Desktop,North America,11-50,1.304,11.55,False,False,Free,Free,,0
U102299,2025-01-02,Referral,Marketing Team,Mobile,North America,1-10,1.022,13.26,False,False,Free,Free,,0
U101323,2025-01-02,Organic Search,Sales Team,Desktop,Europe,201-1000,1.236,12.99,False,False,Free,Free,,0
U103996,2025-01-03,Social,Sales Team,Desktop,APAC,11-50,0.469,34.15,False,False,Free,Free,,0
U102940,2025-01-03,Social,Marketing Team,Tablet,North America,1-10,0.922,22.18,False,False,Free,Free,,0
U102115,2025-01-03,Organic Search,Ops Manager,Desktop,APAC,1-10,1.256,9.24,False,False,Free,Free,,0
U107406,2025-01-03,Social,Founder,Mobile,MEA,51-200,1.081,19.22,True,True,Trial,Free,,0
U102958,2025-01-03,Social,Founder,Desktop,North America,1-10,1.026,19.68,False,False,Free,Free,,0
U104418,2025-01-03,Organic Search,Founder,Desktop,LATAM,51-200,1.349,2.66,True,False,Free,Free,,0
U106013,2025-01-03,Organic Search,Ops Manager,Tablet,North America,1-10,1.368,21.98,False,False,Free,Free,,0
U101911,2025-01-03,Paid Search,Ops Manager,Desktop,APAC,201-1000,0.636,5.21,False,False,Free,Free,,0
U106073,2025-01-03,Organic Search,Founder,Tablet,MEA,1-10,0.948,11.5,True,False,Free,Free,,0
U106496,2025-01-03,Social,Marketing Team,Desktop,North America,11-50,0.567,19.89,False,False,Free,Free,,0
U101952,2025-01-03,Paid Search,Ops Manager,Desktop,APAC,1-10,1.244,16.85,True,True,Trial,Free,,0
U104305,2025-01-03,Paid Search,Student / Hobby,Desktop,MEA,1-10,0.25,27.02,False,False,Free,Free,,0
U103321,2025-01-03,Referral,Marketing Team,Desktop,MEA,1-10,1.055,32.62,True,False,Free,Free,,0
U102394,2025-01-03,Paid Search,Founder,Desktop,North America,1-10,0.916,21.28,False,False,Free,Free,,0
U107392,2025-01-03,Organic Search,Sales Team,Desktop,Europe,201-1000,0.937,16.95,False,False,Free,Free,,0
U100535,2025-01-03,Content,Sales Team,Desktop,Europe,1-10,0.752,33.05,False,False,Free,Free,,0
U107100,2025-01-03,Paid Search,Founder,Desktop,Europe,51-200,0.949,41.82,False,False,Free,Free,,0
U100205,2025-01-03,Paid Search,Founder,Mobile,North America,1-10,0.922,14.37,False,False,Free,Free,,0
U106898,2025-01-03,Content,Student / Hobby,Desktop,Europe,1-10,0.429,26.16,False,False,Free,Free,,0
U100841,2025-01-03,Content,Marketing Team,Desktop,LATAM,1-10,1.198,10.47,False,False,Free,Free,,0
U105625,2025-01-03,Social,Founder,Mobile,MEA,11-50,0.745,43.01,True,False,Free,Free,,0
U105305,2025-01-03,Content,Ops Manager,Desktop,APAC,11-50,1.302,8.57,False,False,Free,Free,,0
U106610,2025-01-03,Paid Search,Ops Manager,Desktop,APAC,11-50,0.827,30.23,False,False,Free,Free,,0
U100395,2025-01-03,Social,Founder,Desktop,LATAM,11-50,0.479,8.33,False,False,Free,Free,,0
U107435,2025-01-03,Organic Search,Founder,Desktop,North America,11-50,1.212,35.39,True,True,Paid,Starter,2025-01-09,19
U102023,2025-01-03,Paid Search,Founder,Desktop,LATAM,1-10,1.031,15.17,False,False,Free,Free,,0
U102719,2025-01-03,Organic Search,Ops Manager,Desktop,APAC,201-1000,1.096,10.04,False,False,Free,Free,,0
U107974,2025-01-03,Referral,Sales Team,Mobile,Europe,1-10,1.504,3.78,True,False,Free,Free,,0
U106625,2025-01-03,Organic Search,Sales Team,Mobile,APAC,1-10,0.864,37.84,False,False,Free,Free,,0
U107062,2025-01-03,Paid Search,Marketing Team,Desktop,LATAM,201-1000,1.017,13.18,False,False,Free,Free,,0
U102539,2025-01-03,Paid Search,Founder,Mobile,Europe,11-50,0.715,71.48,True,False,Free,Free,,0
U104838,2025-01-03,Referral,Marketing Team,Desktop,APAC,11-50,0.991,15.66,True,False,Free,Free,,0
U103218,2025-01-03,Content,Marketing Team,Desktop,North America,201-1000,0.838,16.94,False,False,Free,Free,,0
U103377,2025-01-03,Referral,Ops Manager,Desktop,Europe,1-10,1.653,5.9,True,False,Free,Free,,0
U104222,2025-01-03,Organic Search,Founder,Mobile,APAC,1-10,0.746,13.68,True,False,Free,Free,,0
U103801,2025-01-04,Partnership,Student / Hobby,Mobile,North America,11-50,0.584,28.15,False,False,Free,Free,,0
U105961,2025-01-04,Paid Search,Sales Team,Desktop,North America,201-1000,0.521,60.18,False,False,Free,Free,,0
U100797,2025-01-04,Paid Search,Founder,Desktop,Europe,51-200,1.073,37.87,True,False,Free,Free,,0
U100812,2025-01-04,Organic Search,Ops Manager,Mobile,North America,1-10,1.407,10.78,True,True,Paid,Growth,2025-01-11,59
U103532,2025-01-04,Paid Search,Marketing Team,Mobile,Europe,51-200,0.25,64.07,False,False,Free,Free,,0
U100826,2025-01-04,Referral,Marketing Team,Desktop,Europe,1-10,1.266,8.66,True,False,Free,Free,,0
U102052,2025-01-04,Social,Founder,Mobile,MEA,1-10,0.793,26.11,False,False,Free,Free,,0
U106751,2025-01-04,Organic Search,Ops Manager,Tablet,North America,1-10,1.244,8.48,False,False,Free,Free,,0
U104337,2025-01-04,Partnership,Ops Manager,Desktop,North America,11-50,1.58,4.9,False,False,Free,Free,,0
U100683,2025-01-04,Organic Search,Founder,Mobile,MEA,201-1000,1.666,11.29,False,False,Free,Free,,0
U106601,2025-01-04,Referral,Ops Manager,Desktop,North America,1-10,1.729,8.41,True,True,Paid,Starter,2025-01-06,19
U101568,2025-01-04,Paid Search,Ops Manager,Desktop,North America,1-10,1.376,18.21,True,False,Free,Free,,0
U105662,2025-01-04,Organic Search,Founder,Desktop,North America,11-50,0.943,15.24,True,False,Free,Free,,0
U105686,2025-01-04,Paid Search,Ops Manager,Desktop,North America,11-50,1.16,14.0,True,False,Free,Free,,0
U104816,2025-01-04,Organic Search,Ops Manager,Desktop,North America,1-10,1.67,8.49,False,False,Free,Free,,0
U104792,2025-01-04,Organic Search,Sales Team,Desktop,North America,51-200,1.058,26.22,False,False,Free,Free,,0
U102571,2025-01-04,Organic Search,Marketing Team,Desktop,North America,201-1000,0.974,16.27,True,False,Free,Free,,0
U100519,2025-01-04,Organic Search,Sales Team,Desktop,North America,11-50,0.913,54.65,False,False,Free,Free,,0
U104501,2025-01-04,Social,Marketing Team,Desktop,North America,1-10,0.786,43.52,True,False,Free,Free,,0
U106827,2025-01-04,Organic Search,Sales Team,Desktop,APAC,1-10,0.948,36.32,True,True,Trial,Free,,0
U101929,2025-01-04,Referral,Founder,Mobile,Europe,11-50,1.473,3.47,False,False,Free,Free,,0
U101949,2025-01-04,Referral,Founder,Desktop,Europe,1-10,1.66,6.08,True,True,Paid,Starter,2025-01-11,19
U107867,2025-01-04,Referral,Sales Team,Desktop,APAC,1-10,1.727,22.16,False,False,Free,Free,,0
U108481,2025-01-04,Organic Search,Founder,Desktop,Europe,1-10,1.231,17.27,True,True,Trial,Free,,0
U100239,2025-01-04,Organic Search,Founder,Desktop,North America,11-50,1.094,14.94,False,False,Free,Free,,0
U106411,2025-01-04,Partnership,Sales Team,Tablet,North America,11-50,1.013,58.02,False,False,Free,Free,,0
U105572,2025-01-04,Referral,Ops Manager,Desktop,APAC,11-50,1.718,13.66,True,True,Trial,Free,,0
U103071,2025-01-04,Paid Search,Marketing Team,Desktop,North America,1-10,0.783,8.57,False,False,Free,Free,,0
U107579,2025-01-04,Referral,Ops Manager,Desktop,APAC,1000+,1.22,3.19,False,False,Free,Free,,0
U106737,2025-01-04,Social,Ops Manager,Mobile,Europe,201-1000,1.292,6.76,False,False,Free,Free,,0
U102534,2025-01-04,Organic Search,Sales Team,Desktop,North America,11-50,1.103,3.02,True,False,Free,Free,,0
U105853,2025-01-05,Organic Search,Sales Team,Desktop,Europe,1-10,0.757,17.98,True,False,Free,Free,,0
U103805,2025-01-05,Paid Search,Founder,Desktop,MEA,11-50,1.004,36.08,False,False,Free,Free,,0
U108349,2025-01-05,Social,Ops Manager,Desktop,North America,11-50,0.757,48.64,True,False,Free,Free,,0
U102031,2025-01-05,Organic Search,Founder,Mobile,LATAM,1-10,1.544,3.22,True,False,Free,Free,,0
U103879,2025-01-05,Social,Ops Manager,Mobile,LATAM,51-200,0.609,23.47,False,False,Free,Free,,0
U104859,2025-01-05,Organic Search,Sales Team,Desktop,APAC,11-50,0.783,9.49,True,False,Free,Free,,0
U102873,2025-01-05,Organic Search,Ops Manager,Tablet,APAC,51-200,1.447,27.51,False,False,Free,Free,,0
U107273,2025-01-05,Content,Ops Manager,Desktop,APAC,1000+,1.281,16.24,False,False,Free,Free,,0
U107264,2025-01-05,Content,Founder,Desktop,North America,11-50,1.019,16.36,False,False,Free,Free,,0
U104136,2025-01-05,Paid Search,Sales Team,Desktop,North America,1-10,1.085,24.89,False,False,Free,Free,,0
U101902,2025-01-05,Paid Search,Ops Manager,Desktop,North America,11-50,1.015,16.28,False,False,Free,Free,,0
U108446,2025-01-05,Social,Founder,Tablet,North America,1-10,0.604,37.73,False,False,Free,Free,,0
U107520,2025-01-05,Organic Search,Sales Team,Desktop,Europe,51-200,1.161,6.49,True,False,Free,Free,,0
U104167,2025-01-05,Paid Search,Founder,Desktop,North America,51-200,0.98,18.94,False,False,Free,Free,,0
U107170,2025-01-05,Organic Search,Founder,Desktop,North America,1-10,1.105,25.74,False,False,Free,Free,,0
U104450,2025-01-05,Organic Search,Founder,Mobile,APAC,1-10,1.429,17.08,False,False,Free,Free,,0
U102350,2025-01-05,Organic Search,Founder,Tablet,Europe,1-10,0.697,45.28,False,False,Free,Free,,0
U104403,2025-01-05,Organic Search,Marketing Team,Desktop,North America,51-200,0.807,9.63,False,False,Free,Free,,0
U106641,2025-01-05,Content,Founder,Desktop,MEA,201-1000,0.979,28.2,False,False,Free,Free,,0
U104248,2025-01-05,Organic Search,Founder,Tablet,North America,1-10,1.282,9.83,False,False,Free,Free,,0
U106489,2025-01-05,Paid Search,Sales Team,Desktop,North America,1-10,0.747,41.33,False,False,Free,Free,,0
U108201,2025-01-05,Referral,Ops Manager,Desktop,North America,1-10,1.958,6.88,True,False,Free,Free,,0
U101894,2025-01-05,Referral,Sales Team,Tablet,North America,1-10,1.191,7.57,True,True,Trial,Free,,0
U103793,2025-01-05,Partnership,Sales Team,Tablet,Europe,51-200,1.091,12.41,False,False,Free,Free,,0
U102038,2025-01-05,Organic Search,Founder,Tablet,North America,1-10,1.379,5.63,True,True,Paid,Starter,2025-01-05,19
U100270,2025-01-05,Organic Search,Founder,Desktop,North America,51-200,0.953,10.25,False,False,Free,Free,,0
U105499,2025-01-05,Social,Sales Team,Desktop,Europe,11-50,0.733,33.59,False,False,Free,Free,,0
U103459,2025-01-05,Organic Search,Ops Manager,Desktop,Europe,11-50,1.321,13.07,False,False,Free,Free,,0
U100150,2025-01-05,Paid Search,Ops Manager,Desktop,North America,1-10,0.958,30.16,False,False,Free,Free,,0
U101069,2025-01-05,Organic Search,Sales Team,Desktop,LATAM,1-10,0.638,43.88,False,False,Free,Free,,0
U101356,2025-01-05,Organic Search,Founder,Tablet,APAC,1-10,1.401,7.74,True,False,Free,Free,,0
U107488,2025-01-05,Partnership,Ops Manager,Desktop,North America,1-10,1.692,2.31,True,True,Paid,Growth,2025-01-12,59
U100136,2025-01-05,Social,Marketing Team,Desktop,APAC,1-10,0.814,37.6,False,False,Free,Free,,0
U105206,2025-01-05,Content,Sales Team,Mobile,APAC,201-1000,1.618,16.94,False,False,Free,Free,,0
U100872,2025-01-05,Organic Search,Student / Hobby,Desktop,Europe,1-10,0.602,57.09,False,False,Free,Free,,0
U107490,2025-01-05,Organic Search,Founder,Desktop,Europe,1-10,1.107,6.49,True,False,Free,Free,,0
U105187,2025-01-05,Referral,Founder,Desktop,North America,11-50,1.414,7.14,False,False,Free,Free,,0
U106034,2025-01-05,Paid Search,Ops Manager,Desktop,Europe,1-10,1.033,27.44,True,True,Paid,Starter,2025-01-06,19
U106426,2025-01-05,Organic Search,Sales Team,Mobile,Europe,11-50,0.93,23.01,False,False,Free,Free,,0
U107685,2025-01-05,Content,Founder,Desktop,North America,11-50,1.349,26.68,True,True,Trial,Free,,0
U105103,2025-01-05,Social,Founder,Desktop,North America,51-200,0.398,30.04,False,False,Free,Free,,0
U101045,2025-01-05,Organic Search,Marketing Team,Desktop,Europe,11-50,1.214,7.52,False,False,Free,Free,,0
U100085,2025-01-05,Content,Student / Hobby,Desktop,APAC,1-10,0.997,22.4,True,False,Free,Free,,0
U102815,2025-01-06,Content,Founder,Mobile,LATAM,11-50,1.542,13.21,True,False,Free,Free,,0
U107018,2025-01-06,Content,Marketing Team,Desktop,APAC,201-1000,0.769,15.83,False,False,Free,Free,,0
U104338,2025-01-06,Content,Sales Team,Desktop,APAC,11-50,1.267,20.85,False,False,Free,Free,,0
U106877,2025-01-06,Paid Search,Marketing Team,Mobile,APAC,11-50,0.703,8.35,True,False,Free,Free,,0
U104380,2025-01-06,Referral,Marketing Team,Desktop,North America,51-200,0.988,16.54,True,False,Free,Free,,0
U107578,2025-01-06,Content,Ops Manager,Desktop,North America,11-50,1.377,10.52,True,False,Free,Free,,0
U100227,2025-01-06,Paid Search,Student / Hobby,Mobile,Europe,1-10,0.378,9.66,False,False,Free,Free,,0
U107019,2025-01-06,Social,Ops Manager,Tablet,Europe,11-50,0.865,38.24,False,False,Free,Free,,0
U100590,2025-01-06,Partnership,Founder,Mobile,MEA,1-10,1.517,12.05,True,False,Free,Free,,0
U105481,2025-01-06,Organic Search,Founder,Desktop,APAC,11-50,1.498,14.85,True,True,Paid,Growth,2025-01-10,59
U101318,2025-01-06,Social,Founder,Mobile,LATAM,1-10,0.685,16.52,False,False,Free,Free,,0
U106274,2025-01-06,Paid Search,Ops Manager,Desktop,North America,11-50,1.115,27.2,True,False,Free,Free,,0
U102557,2025-01-06,Paid Search,Ops Manager,Mobile,APAC,1-10,1.407,21.99,True,False,Free,Free,,0
U106270,2025-01-06,Organic Search,Ops Manager,Desktop,Europe,201-1000,1.299,28.2,True,False,Free,Free,,0
U104559,2025-01-06,Organic Search,Marketing Team,Mobile,North America,1-10,1.048,30.79,True,True,Trial,Free,,0
U101743,2025-01-06,Organic Search,Ops Manager,Desktop,North America,51-200,1.349,13.28,True,True,Paid,Starter,2025-01-12,19
U105030,2025-01-06,Organic Search,Founder,Mobile,LATAM,11-50,1.333,11.36,True,False,Free,Free,,0
U101721,2025-01-06,Organic Search,Sales Team,Desktop,North America,11-50,0.863,23.73,False,False,Free,Free,,0
U108004,2025-01-06,Organic Search,Founder,Desktop,North America,1000+,0.987,15.7,False,False,Free,Free,,0
U106528,2025-01-06,Social,Sales Team,Desktop,Europe,11-50,0.651,40.32,False,False,Free,Free,,0
U102887,2025-01-06,Content,Founder,Mobile,Europe,1-10,1.152,11.22,True,False,Free,Free,,0
U108106,2025-01-06,Referral,Ops Manager,Desktop,APAC,11-50,1.406,20.86,False,False,Free,Free,,0
U108474,2025-01-06,Social,Marketing Team,Desktop,North America,11-50,0.495,78.79,False,False,Free,Free,,0
U106976,2025-01-06,Organic Search,Founder,Desktop,LATAM,1-10,1.159,10.88,True,False,Free,Free,,0
U107758,2025-01-06,Referral,Student / Hobby,Desktop,Europe,1-10,0.891,6.22,True,False,Free,Free,,0
U102581,2025-01-06,Content,Student / Hobby,Desktop,MEA,11-50,0.744,38.13,False,False,Free,Free,,0
U103300,2025-01-06,Content,Marketing Team,Desktop,Europe,11-50,0.561,86.47,False,False,Free,Free,,0
U106648,2025-01-06,Organic Search,Sales Team,Mobile,MEA,1-10,0.773,23.2,False,False,Free,Free,,0
U105902,2025-01-06,Paid Search,Marketing Team,Desktop,APAC,1-10,0.599,33.09,True,False,Free,Free,,0
U103308,2025-01-06,Social,Sales Team,Desktop,North America,11-50,0.7,15.83,False,False,Free,Free,,0
U102130,2025-01-06,Content,Marketing Team,Tablet,Europe,1-10,0.887,21.97,True,False,Free,Free,,0
U107500,2025-01-06,Referral,Marketing Team,Tablet,LATAM,51-200,1.535,18.62,True,False,Free,Free,,0
U103192,2025-01-06,Organic Search,Ops Manager,Desktop,APAC,11-50,1.408,11.38,True,True,Trial,Free,,0
U107227,2025-01-06,Referral,Sales Team,Mobile,LATAM,1-10,1.139,4.01,False,False,Free,Free,,0
U106055,2025-01-06,Content,Marketing Team,Mobile,North America,1-10,0.981,19.28,False,False,Free,Free,,0
U103333,2025-01-06,Paid Search,Ops Manager,Desktop,North America,1-10,1.005,21.74,True,False,Free,Free,,0
U103394,2025-01-06,Paid Search,Student / Hobby,Desktop,North America,1-10,0.25,15.76,False,False,Free,Free,,0
U101205,2025-01-06,Paid Search,Marketing Team,Desktop,Europe,11-50,1.109,13.79,False,False,Free,Free,,0
U108432,2025-01-06,Organic Search,Ops Manager,Desktop,Europe,1000+,1.587,9.92,False,False,Free,Free,,0
U103699,2025-01-06,Paid Search,Ops Manager,Desktop,MEA,11-50,1.158,22.04,False,False,Free,Free,,0
U105895,2025-01-06,Content,Marketing Team,Desktop,APAC,1-10,0.893,25.32,False,False,Free,Free,,0
U103862,2025-01-06,Organic Search,Sales Team,Mobile,APAC,51-200,1.23,7.56,False,False,Free,Free,,0
U104969,2025-01-07,Social,Student / Hobby,Desktop,Europe,11-50,0.61,35.32,True,True,Trial,Free,,0
U107691,2025-01-07,Content,Sales Team,Desktop,Europe,1000+,1.051,11.66,False,False,Free,Free,,0
U103351,2025-01-07,Partnership,Ops Manager,Desktop,Europe,1-10,1.53,23.54,True,True,Paid,Starter,2025-01-07,19
U105373,2025-01-07,Organic Search,Founder,Desktop,Europe,201-1000,1.404,16.94,True,True,Paid,Starter,2025-01-09,19
U107871,2025-01-07,Paid Search,Founder,Desktop,North America,1-10,0.76,21.14,True,False,Free,Free,,0
U107810,2025-01-07,Social,Founder,Tablet,Europe,51-200,1.097,8.7,True,True,Trial,Free,,0
U103824,2025-01-07,Social,Ops Manager,Desktop,North America,11-50,0.401,53.65,False,False,Free,Free,,0
U101729,2025-01-07,Partnership,Sales Team,Desktop,APAC,1-10,1.222,21.64,True,False,Free,Free,,0
U101841,2025-01-07,Referral,Ops Manager,Desktop,LATAM,51-200,1.637,14.56,True,True,Paid,Starter,2025-01-12,19
U102080,2025-01-07,Paid Search,Sales Team,Mobile,North America,51-200,0.855,28.25,False,False,Free,Free,,0
U100768,2025-01-07,Social,Marketing Team,Desktop,APAC,1-10,0.695,22.89,False,False,Free,Free,,0
U100795,2025-01-07,Referral,Founder,Desktop,North America,11-50,1.421,43.01,False,False,Free,Free,,0
U100415,2025-01-07,Paid Search,Founder,Desktop,LATAM,11-50,0.675,28.04,False,False,Free,Free,,0
U102750,2025-01-07,Organic Search,Founder,Desktop,LATAM,11-50,1.193,24.95,False,False,Free,Free,,0
U107641,2025-01-07,Social,Founder,Mobile,North America,201-1000,0.859,16.77,False,False,Free,Free,,0
U105417,2025-01-07,Paid Search,Student / Hobby,Desktop,MEA,1-10,0.281,12.64,False,False,Free,Free,,0
U103642,2025-01-07,Social,Founder,Desktop,Europe,1-10,0.723,16.83,False,False,Free,Free,,0
U102698,2025-01-07,Paid Search,Marketing Team,Desktop,North America,51-200,0.954,31.79,False,False,Free,Free,,0
U100069,2025-01-07,Organic Search,Founder,Tablet,North America,1-10,1.106,6.96,False,False,Free,Free,,0
U105862,2025-01-07,Organic Search,Student / Hobby,Desktop,Europe,51-200,0.74,38.3,False,False,Free,Free,,0
U102560,2025-01-07,Paid Search,Ops Manager,Mobile,North America,1-10,0.73,27.68,False,False,Free,Free,,0
U104257,2025-01-07,Referral,Sales Team,Desktop,APAC,11-50,0.965,7.34,False,False,Free,Free,,0
U102605,2025-01-07,Paid Search,Founder,Tablet,Europe,51-200,0.952,17.88,True,False,Free,Free,,0
U108313,2025-01-07,Social,Ops Manager,Desktop,North America,51-200,0.711,10.16,False,False,Free,Free,,0
U104232,2025-01-07,Paid Search,Student / Hobby,Desktop,North America,1-10,0.25,70.67,False,False,Free,Free,,0
U107882,2025-01-07,Social,Marketing Team,Tablet,North America,1-10,0.696,22.93,False,False,Free,Free,,0
U104430,2025-01-07,Content,Sales Team,Desktop,Europe,1-10,1.022,11.64,False,False,Free,Free,,0
U100972,2025-01-07,Organic Search,Sales Team,Desktop,APAC,1000+,0.924,28.5,False,False,Free,Free,,0
U102018,2025-01-07,Social,Ops Manager,Desktop,APAC,51-200,1.003,28.66,False,False,Free,Free,,0
U106824,2025-01-07,Organic Search,Founder,Desktop,North America,1-10,1.235,21.13,True,False,Free,Free,,0
U106209,2025-01-07,Paid Search,Founder,Tablet,APAC,1-10,0.868,13.67,True,True,Trial,Free,,0
U106211,2025-01-07,Partnership,Founder,Mobile,Europe,1000+,1.208,6.4,False,False,Free,Free,,0
U106082,2025-01-07,Organic Search,Student / Hobby,Mobile,Europe,1-10,0.438,13.22,False,False,Free,Free,,0
U104542,2025-01-07,Content,Sales Team,Desktop,Europe,1-10,1.248,10.9,False,False,Free,Free,,0
U100650,2025-01-07,Paid Search,Ops Manager,Mobile,APAC,11-50,1.005,16.31,False,False,Free,Free,,0
U102321,2025-01-07,Organic Search,Founder,Desktop,MEA,11-50,1.111,3.13,False,False,Free,Free,,0
U104147,2025-01-07,Organic Search,Marketing Team,Desktop,Europe,51-200,0.858,8.12,False,False,Free,Free,,0
U104143,2025-01-07,Referral,Student / Hobby,Mobile,APAC,11-50,0.743,26.43,False,False,Free,Free,,0
U102122,2025-01-07,Organic Search,Founder,Desktop,North America,51-200,1.018,19.51,False,False,Free,Free,,0
U104075,2025-01-07,Content,Marketing Team,Mobile,North America,201-1000,0.409,76.35,False,False,Free,Free,,0
U103454,2025-01-08,Paid Search,Sales Team,Mobile,MEA,201-1000,1.197,24.69,False,False,Free,Free,,0
U105218,2025-01-08,Paid Search,Sales Team,Desktop,APAC,1-10,0.761,32.22,False,False,Free,Free,,0
U103372,2025-01-08,Referral,Sales Team,Desktop,North America,201-1000,1.334,17.57,False,False,Free,Free,,0
U101433,2025-01-08,Paid Search,Sales Team,Desktop,North America,1-10,0.493,114.71,False,False,Free,Free,,0
U101161,2025-01-08,Content,Founder,Desktop,North America,11-50,1.755,10.3,False,False,Free,Free,,0
U107567,2025-01-08,Referral,Sales Team,Desktop,North America,11-50,1.263,8.4,True,False,Free,Free,,0
U100422,2025-01-08,Organic Search,Ops Manager,Desktop,APAC,1-10,1.367,13.46,True,False,Free,Free,,0
U102152,2025-01-08,Referral,Ops Manager,Mobile,Europe,201-1000,1.333,7.97,False,False,Free,Free,,0
U100633,2025-01-08,Referral,Founder,Desktop,North America,51-200,1.447,8.23,False,False,Free,Free,,0
U102501,2025-01-08,Organic Search,Ops Manager,Mobile,Europe,201-1000,1.057,34.66,True,False,Free,Free,,0
U108321,2025-01-08,Social,Sales Team,Desktop,North America,201-1000,0.613,24.87,False,False,Free,Free,,0
U104568,2025-01-08,Organic Search,Marketing Team,Tablet,Europe,11-50,0.856,37.41,False,False,Free,Free,,0
U108184,2025-01-08,Organic Search,Sales Team,Desktop,North America,1-10,1.107,20.13,True,False,Free,Free,,0
U104673,2025-01-08,Paid Search,Ops Manager,Desktop,Europe,1-10,0.862,12.14,True,False,Free,Free,,0
U102919,2025-01-08,Organic Search,Ops Manager,Desktop,North America,1-10,1.57,3.07,True,False,Free,Free,,0
U107389,2025-01-08,Organic Search,Sales Team,Desktop,Europe,1-10,1.084,24.0,False,False,Free,Free,,0
U104746,2025-01-08,Content,Student / Hobby,Desktop,Europe,201-1000,0.819,52.29,False,False,Free,Free,,0
U103255,2025-01-08,Paid Search,Marketing Team,Desktop,Europe,1-10,0.595,33.88,False,False,Free,Free,,0
U103282,2025-01-08,Social,Ops Manager,Desktop,Europe,1-10,0.659,7.62,False,False,Free,Free,,0
U102870,2025-01-08,Organic Search,Founder,Desktop,North America,1-10,1.179,3.3,True,False,Free,Free,,0
U100485,2025-01-08,Referral,Marketing Team,Desktop,LATAM,51-200,1.055,12.97,False,False,Free,Free,,0
U103934,2025-01-08,Paid Search,Sales Team,Mobile,LATAM,51-200,0.443,15.21,True,False,Free,Free,,0
U100723,2025-01-08,Partnership,Founder,Desktop,North America,1-10,1.079,7.13,False,False,Free,Free,,0
U107351,2025-01-08,Organic Search,Sales Team,Mobile,North America,1-10,1.13,21.51,True,False,Free,Free,,0
U101660,2025-01-08,Organic Search,Founder,Mobile,North America,11-50,1.199,11.03,False,False,Free,Free,,0
U102276,2025-01-08,Content,Marketing Team,Mobile,APAC,11-50,0.97,7.1,False,False,Free,Free,,0
U107322,2025-01-08,Organic Search,Student / Hobby,Desktop,Europe,1-10,0.517,44.11,False,False,Free,Free,,0
U101382,2025-01-08,Paid Search,Sales Team,Desktop,North America,1-10,0.54,47.98,False,False,Free,Free,,0
U106243,2025-01-08,Social,Ops Manager,Desktop,Europe,51-200,0.654,80.53,False,False,Free,Free,,0
U100164,2025-01-08,Paid Search,Marketing Team,Desktop,Europe,1-10,0.957,11.12,False,False,Free,Free,,0
U105776,2025-01-08,Paid Search,Founder,Desktop,North America,1-10,0.826,12.15,False,False,Free,Free,,0
U106727,2025-01-08,Partnership,Student / Hobby,Mobile,APAC,201-1000,0.25,22.42,True,False,Free,Free,,0
U105751,2025-01-08,Referral,Ops Manager,Desktop,North America,1-10,1.528,11.73,True,True,Trial,Free,,0
U106679,2025-01-08,Referral,Founder,Desktop,Europe,11-50,1.232,3.24,True,False,Free,Free,,0
U106275,2025-01-08,Social,Ops Manager,Tablet,Europe,51-200,0.928,9.43,False,False,Free,Free,,0
U106269,2025-01-08,Referral,Founder,Desktop,Europe,1000+,1.324,30.05,False,False,Free,Free,,0
U106181,2025-01-08,Referral,Ops Manager,Mobile,North America,1-10,1.579,14.3,False,False,Free,Free,,0
U105945,2025-01-08,Organic Search,Marketing Team,Desktop,North America,1-10,0.666,104.12,False,False,Free,Free,,0
U106056,2025-01-08,Organic Search,Founder,Desktop,LATAM,11-50,0.981,20.59,False,False,Free,Free,,0
U106547,2025-01-08,Organic Search,Ops Manager,Desktop,Europe,51-200,1.022,27.82,False,False,Free,Free,,0
U101620,2025-01-09,Referral,Founder,Mobile,MEA,11-50,1.842,23.22,True,False,Free,Free,,0
U105342,2025-01-09,Referral,Ops Manager,Desktop,North America,11-50,1.487,13.31,False,False,Free,Free,,0
U100620,2025-01-09,Paid Search,Student / Hobby,Mobile,APAC,11-50,0.649,83.89,True,True,Trial,Free,,0
U100125,2025-01-09,Organic Search,Founder,Desktop,Europe,11-50,1.313,12.97,True,True,Trial,Free,,0
U101315,2025-01-09,Paid Search,Founder,Desktop,North America,11-50,0.742,12.61,False,False,Free,Free,,0
U103443,2025-01-09,Partnership,Marketing Team,Tablet,North America,11-50,0.943,33.8,False,False,Free,Free,,0
U107208,2025-01-09,Paid Search,Sales Team,Desktop,LATAM,11-50,1.014,29.19,False,False,Free,Free,,0
U105324,2025-01-09,Content,Sales Team,Desktop,APAC,1-10,1.106,50.28,True,False,Free,Free,,0
U105317,2025-01-09,Paid Search,Ops Manager,Desktop,North America,1000+,0.885,28.25,True,False,Free,Free,,0
U104644,2025-01-09,Social,Sales Team,Desktop,APAC,11-50,0.955,26.34,False,False,Free,Free,,0
U107654,2025-01-09,Referral,Marketing Team,Desktop,North America,11-50,0.813,33.35,False,False,Free,Free,,0
U102229,2025-01-09,Organic Search,Founder,Mobile,Europe,1-10,1.164,14.57,False,False,Free,Free,,0
U105400,2025-01-09,Paid Search,Founder,Mobile,North America,201-1000,0.852,9.56,True,True,Trial,Free,,0
U105126,2025-01-09,Paid Search,Sales Team,Desktop,APAC,11-50,0.944,11.0,False,False,Free,Free,,0
U103691,2025-01-09,Partnership,Ops Manager,Mobile,North America,51-200,1.462,11.5,True,True,Paid,Starter,2025-01-15,19
U105138,2025-01-09,Organic Search,Sales Team,Desktop,North America,1000+,0.906,41.82,False,False,Free,Free,,0
U104441,2025-01-09,Paid Search,Student / Hobby,Desktop,LATAM,1-10,0.564,36.61,False,False,Free,Free,,0
U107862,2025-01-09,Content,Sales Team,Desktop,Europe,1-10,1.237,11.69,True,True,Paid,Growth,2025-01-12,59
U104014,2025-01-09,Referral,Sales Team,Mobile,North America,1-10,0.886,18.44,False,False,Free,Free,,0
U102046,2025-01-09,Referral,Founder,Mobile,North America,1-10,1.629,10.75,False,False,Free,Free,,0
U104474,2025-01-09,Organic Search,Founder,Desktop,APAC,11-50,1.172,32.28,True,True,Paid,Starter,2025-01-11,19
U100435,2025-01-09,Organic Search,Ops Manager,Desktop,Europe,1-10,1.723,7.59,False,False,Free,Free,,0
U103260,2025-01-09,Paid Search,Marketing Team,Mobile,LATAM,51-200,0.768,44.0,False,False,Free,Free,,0
U102814,2025-01-09,Organic Search,Founder,Tablet,Europe,51-200,1.311,7.24,False,False,Free,Free,,0
U102160,2025-01-09,Referral,Founder,Desktop,North America,1-10,1.685,5.38,True,False,Free,Free,,0
U107463,2025-01-09,Organic Search,Student / Hobby,Desktop,Europe,11-50,0.591,6.43,False,False,Free,Free,,0
U103134,2025-01-09,Referral,Founder,Mobile,North America,11-50,1.253,45.41,True,False,Free,Free,,0
U103176,2025-01-09,Referral,Ops Manager,Desktop,North America,11-50,1.827,9.36,False,False,Free,Free,,0
U100451,2025-01-09,Partnership,Marketing Team,Desktop,North America,201-1000,1.282,16.46,False,False,Free,Free,,0
U103353,2025-01-09,Social,Marketing Team,Desktop,North America,51-200,0.6,45.97,False,False,Free,Free,,0
U105886,2025-01-09,Social,Ops Manager,Desktop,APAC,11-50,0.961,20.51,False,False,Free,Free,,0
U102567,2025-01-09,Social,Founder,Desktop,Europe,11-50,0.984,34.99,True,False,Free,Free,,0
U103886,2025-01-09,Organic Search,Founder,Desktop,North America,1-10,1.206,15.96,False,False,Free,Free,,0
U100726,2025-01-09,Referral,Founder,Mobile,North America,1000+,1.673,10.64,False,False,Free,Free,,0
U102296,2025-01-09,Content,Student / Hobby,Desktop,Europe,11-50,0.957,23.1,False,False,Free,Free,,0
U102298,2025-01-09,Paid Search,Ops Manager,Desktop,North America,51-200,1.399,24.7,False,False,Free,Free,,0
U103838,2025-01-09,Organic Search,Founder,Tablet,North America,1000+,1.132,12.71,True,True,Paid,Starter,2025-01-14,19
U101364,2025-01-09,Paid Search,Ops Manager,Mobile,North America,1-10,1.181,16.3,True,False,Free,Free,,0
U101019,2025-01-09,Organic Search,Sales Team,Desktop,APAC,11-50,1.032,8.85,False,False,Free,Free,,0
U104276,2025-01-09,Partnership,Ops Manager,Mobile,Europe,1-10,1.73,19.76,True,False,Free,Free,,0
U107970,2025-01-09,Paid Search,Ops Manager,Desktop,North America,11-50,0.594,86.49,False,False,Free,Free,,0
U106506,2025-01-09,Organic Search,Founder,Mobile,North America,1-10,1.113,6.56,False,False,Free,Free,,0
U102118,2025-01-09,Content,Ops Manager,Desktop,North America,1-10,1.142,22.91,True,True,Paid,Starter,2025-01-12,19
U106158,2025-01-09,Referral,Student / Hobby,Mobile,Europe,51-200,0.858,11.53,True,True,Paid,Starter,2025-01-09,19
U101940,2025-01-09,Social,Founder,Mobile,North America,1-10,0.431,51.57,False,False,Free,Free,,0
U102097,2025-01-09,Paid Search,Ops Manager,Desktop,Europe,1-10,0.971,32.22,True,False,Free,Free,,0
U101386,2025-01-09,Paid Search,Ops Manager,Desktop,Europe,201-1000,1.029,39.81,False,False,Free,Free,,0
U105987,2025-01-09,Social,Sales Team,Desktop,North America,201-1000,0.765,13.78,False,False,Free,Free,,0
U105930,2025-01-10,Social,Founder,Desktop,Europe,11-50,1.122,11.76,True,False,Free,Free,,0
U106523,2025-01-10,Referral,Student / Hobby,Mobile,APAC,11-50,0.88,37.8,False,False,Free,Free,,0
U106195,2025-01-10,Organic Search,Student / Hobby,Desktop,North America,51-200,0.534,43.2,False,False,Free,Free,,0
U102811,2025-01-10,Content,Sales Team,Desktop,Europe,11-50,1.224,7.55,False,False,Free,Free,,0
U103698,2025-01-10,Social,Sales Team,Desktop,APAC,11-50,1.038,10.79,False,False,Free,Free,,0
U107872,2025-01-10,Organic Search,Founder,Desktop,North America,11-50,1.151,7.73,False,False,Free,Free,,0
U106761,2025-01-10,Organic Search,Sales Team,Mobile,North America,1-10,0.933,21.23,False,False,Free,Free,,0
U104682,2025-01-10,Social,Ops Manager,Desktop,North America,11-50,0.845,44.65,True,False,Free,Free,,0
U100281,2025-01-10,Organic Search,Sales Team,Mobile,Europe,1-10,0.663,10.14,False,False,Free,Free,,0
U105954,2025-01-10,Paid Search,Founder,Mobile,North America,1-10,0.846,33.78,False,False,Free,Free,,0
U106868,2025-01-10,Paid Search,Founder,Desktop,North America,11-50,1.159,4.08,False,False,Free,Free,,0
U107106,2025-01-10,Referral,Sales Team,Desktop,North America,51-200,1.2,53.17,True,False,Free,Free,,0
U105174,2025-01-10,Referral,Ops Manager,Mobile,North America,11-50,1.551,2.24,False,False,Free,Free,,0
U104459,2025-01-10,Content,Founder,Desktop,North America,201-1000,1.473,29.72,False,False,Free,Free,,0
U101390,2025-01-10,Partnership,Ops Manager,Mobile,North America,1-10,1.773,1.68,False,False,Free,Free,,0
U106476,2025-01-10,Organic Search,Founder,Desktop,Europe,51-200,0.906,6.66,False,False,Free,Free,,0
U102011,2025-01-10,Referral,Ops Manager,Mobile,North America,11-50,1.755,14.9,True,False,Free,Free,,0
U105972,2025-01-10,Organic Search,Ops Manager,Desktop,APAC,1-10,1.535,12.48,True,False,Free,Free,,0
U100028,2025-01-10,Organic Search,Founder,Desktop,APAC,11-50,1.126,2.45,False,False,Free,Free,,0
U102385,2025-01-10,Organic Search,Marketing Team,Desktop,North America,1-10,0.549,53.09,False,False,Free,Free,,0
U101261,2025-01-10,Referral,Student / Hobby,Desktop,Europe,201-1000,0.536,7.23,False,False,Free,Free,,0
U105033,2025-01-10,Paid Search,Ops Manager,Desktop,North America,1-10,0.578,20.69,False,False,Free,Free,,0
U102840,2025-01-10,Organic Search,Founder,Mobile,Europe,51-200,1.427,6.65,True,False,Free,Free,,0
U103096,2025-01-10,Organic Search,Founder,Mobile,North America,1000+,1.147,5.81,False,False,Free,Free,,0
U100176,2025-01-10,Referral,Sales Team,Mobile,North America,51-200,1.145,35.09,True,False,Free,Free,,0
U103595,2025-01-10,Social,Founder,Desktop,North America,1-10,0.81,23.34,False,False,Free,Free,,0
U106508,2025-01-10,Organic Search,Sales Team,Mobile,Europe,1-10,0.945,18.63,False,False,Free,Free,,0
U107321,2025-01-10,Organic Search,Founder,Desktop,APAC,1-10,0.965,14.71,True,True,Paid,Scale,2025-01-13,149
U105611,2025-01-10,Organic Search,Marketing Team,Desktop,North America,51-200,0.923,47.32,False,False,Free,Free,,0
U102388,2025-01-10,Organic Search,Sales Team,Desktop,Europe,1-10,1.165,45.03,True,False,Free,Free,,0
U100903,2025-01-10,Paid Search,Founder,Desktop,APAC,51-200,0.622,32.24,False,False,Free,Free,,0
U107534,2025-01-10,Paid Search,Sales Team,Mobile,APAC,51-200,0.721,52.87,False,False,Free,Free,,0
U108095,2025-01-10,Paid Search,Ops Manager,Desktop,LATAM,1-10,0.931,12.46,True,False,Free,Free,,0
U108138,2025-01-10,Organic Search,Ops Manager,Desktop,North America,11-50,1.717,12.58,True,True,Paid,Starter,2025-01-14,19
U103306,2025-01-10,Organic Search,Ops Manager,Mobile,APAC,51-200,0.903,27.18,False,False,Free,Free,,0
U100763,2025-01-10,Content,Sales Team,Desktop,North America,11-50,0.878,4.09,False,False,Free,Free,,0
U107716,2025-01-10,Partnership,Ops Manager,Desktop,North America,11-50,1.31,13.8,True,False,Free,Free,,0
U101926,2025-01-10,Referral,Founder,Desktop,MEA,1-10,1.816,17.09,True,False,Free,Free,,0
U105005,2025-01-10,Social,Marketing Team,Desktop,North America,11-50,0.832,29.31,False,False,Free,Free,,0
U104803,2025-01-10,Content,Ops Manager,Desktop,APAC,201-1000,1.449,39.24,True,True,Trial,Free,,0
U100555,2025-01-10,Social,Marketing Team,Mobile,Europe,1-10,0.991,12.14,False,False,Free,Free,,0
U105855,2025-01-10,Organic Search,Founder,Desktop,North America,201-1000,1.358,11.22,True,False,Free,Free,,0
U100759,2025-01-11,Paid Search,Sales Team,Desktop,Europe,11-50,0.916,5.73,False,False,Free,Free,,0
U104541,2025-01-11,Referral,Ops Manager,Mobile,North America,11-50,1.561,14.52,False,False,Free,Free,,0
U107629,2025-01-11,Paid Search,Founder,Desktop,MEA,11-50,0.977,23.02,False,False,Free,Free,,0
U101206,2025-01-11,Organic Search,Ops Manager,Desktop,Europe,1-10,1.155,13.62,True,False,Free,Free,,0
U101669,2025-01-11,Paid Search,Founder,Mobile,North America,1-10,0.844,17.66,False,False,Free,Free,,0
U107918,2025-01-11,Paid Search,Ops Manager,Desktop,North America,1-10,1.419,12.54,True,False,Free,Free,,0
U106534,2025-01-11,Social,Ops Manager,Desktop,APAC,11-50,0.67,11.99,False,False,Free,Free,,0
U101732,2025-01-11,Referral,Founder,Desktop,APAC,51-200,1.987,18.04,True,False,Free,Free,,0
U101139,2025-01-11,Paid Search,Marketing Team,Desktop,North America,51-200,0.985,15.43,False,False,Free,Free,,0
U100988,2025-01-11,Social,Founder,Desktop,APAC,51-200,0.548,71.26,False,False,Free,Free,,0
U105084,2025-01-11,Paid Search,Sales Team,Tablet,North America,11-50,1.029,24.64,False,False,Free,Free,,0
U108350,2025-01-11,Social,Marketing Team,Desktop,North America,11-50,0.578,51.84,True,True,Trial,Free,,0
U100424,2025-01-11,Referral,Marketing Team,Desktop,LATAM,51-200,1.083,27.69,False,False,Free,Free,,0
U102060,2025-01-11,Social,Marketing Team,Mobile,North America,1-10,0.79,52.37,True,False,Free,Free,,0
U101309,2025-01-11,Referral,Ops Manager,Mobile,Europe,11-50,1.67,6.26,False,False,Free,Free,,0
U104738,2025-01-11,Partnership,Founder,Desktop,North America,11-50,1.126,30.15,True,False,Free,Free,,0
U107260,2025-01-11,Organic Search,Ops Manager,Tablet,North America,201-1000,1.057,20.86,False,False,Free,Free,,0
U103645,2025-01-11,Paid Search,Marketing Team,Desktop,North America,11-50,0.449,64.27,False,False,Free,Free,,0
U100635,2025-01-11,Paid Search,Ops Manager,Desktop,Europe,51-200,1.098,12.28,True,True,Paid,Starter,2025-01-19,19
U103531,2025-01-11,Organic Search,Ops Manager,Desktop,North America,1-10,1.797,13.17,False,False,Free,Free,,0
U100821,2025-01-11,Organic Search,Ops Manager,Mobile,North America,11-50,1.188,16.01,False,False,Free,Free,,0
U104354,2025-01-11,Organic Search,Sales Team,Mobile,North America,1-10,1.163,16.13,False,False,Free,Free,,0
U102362,2025-01-11,Referral,Ops Manager,Desktop,Europe,11-50,1.697,16.45,True,True,Trial,Free,,0
U102476,2025-01-11,Organic Search,Sales Team,Desktop,North America,11-50,0.65,17.33,False,False,Free,Free,,0
U105266,2025-01-11,Organic Search,Ops Manager,Desktop,Europe,51-200,1.14,49.36,True,False,Free,Free,,0
U106372,2025-01-11,Paid Search,Founder,Mobile,North America,201-1000,0.75,20.95,False,False,Free,Free,,0
U100292,2025-01-11,Social,Ops Manager,Desktop,Europe,51-200,1.015,20.11,True,True,Paid,Scale,2025-01-16,149
U106072,2025-01-11,Partnership,Sales Team,Desktop,North America,11-50,1.146,10.8,True,False,Free,Free,,0
U108250,2025-01-11,Organic Search,Marketing Team,Desktop,North America,1-10,1.128,48.18,True,False,Free,Free,,0
U101442,2025-01-11,Paid Search,Founder,Desktop,APAC,1-10,0.913,54.3,True,True,Trial,Free,,0
U100287,2025-01-11,Organic Search,Student / Hobby,Desktop,North America,51-200,0.587,17.35,False,False,Free,Free,,0
U105207,2025-01-11,Social,Sales Team,Mobile,Europe,201-1000,0.484,24.3,False,False,Free,Free,,0
U105639,2025-01-11,Paid Search,Ops Manager,Desktop,Europe,1-10,1.17,37.88,False,False,Free,Free,,0
U102447,2025-01-11,Partnership,Sales Team,Desktop,North America,11-50,1.069,15.75,False,False,Free,Free,,0
U107771,2025-01-11,Social,Founder,Desktop,Europe,11-50,0.99,41.8,False,False,Free,Free,,0
U107445,2025-01-11,Paid Search,Founder,Mobile,North America,1-10,0.85,13.79,False,False,Free,Free,,0
U102493,2025-01-11,Paid Search,Sales Team,Mobile,North America,11-50,0.385,106.72,False,False,Free,Free,,0
U100732,2025-01-11,Organic Search,Ops Manager,Mobile,LATAM,201-1000,1.324,21.32,False,False,Free,Free,,0
U107256,2025-01-11,Organic Search,Ops Manager,Desktop,North America,201-1000,1.069,16.27,False,False,Free,Free,,0
U101486,2025-01-11,Organic Search,Marketing Team,Mobile,North America,1-10,0.869,8.06,False,False,Free,Free,,0
U100643,2025-01-11,Organic Search,Sales Team,Desktop,North America,11-50,0.756,19.6,False,False,Free,Free,,0
U102774,2025-01-11,Organic Search,Sales Team,Mobile,North America,201-1000,0.843,28.89,False,False,Free,Free,,0
U105176,2025-01-11,Social,Founder,Mobile,APAC,1-10,0.952,39.77,True,False,Free,Free,,0
U104412,2025-01-11,Organic Search,Marketing Team,Mobile,Europe,51-200,0.874,15.9,False,False,Free,Free,,0
U106263,2025-01-12,Organic Search,Ops Manager,Mobile,Europe,1-10,1.031,14.36,False,False,Free,Free,,0
U107266,2025-01-12,Organic Search,Founder,Tablet,North America,1-10,1.485,24.15,True,False,Free,Free,,0
U100513,2025-01-12,Content,Sales Team,Desktop,North America,51-200,1.13,8.89,True,True,Paid,Growth,2025-01-18,59
U107548,2025-01-12,Organic Search,Student / Hobby,Desktop,North America,1-10,0.697,25.53,False,False,Free,Free,,0
U101157,2025-01-12,Paid Search,Student / Hobby,Desktop,Europe,11-50,0.667,23.21,False,False,Free,Free,,0
U106837,2025-01-12,Paid Search,Marketing Team,Mobile,Europe,1-10,0.711,20.02,False,False,Free,Free,,0
U103414,2025-01-12,Content,Sales Team,Mobile,North America,201-1000,0.897,21.77,True,False,Free,Free,,0
U103419,2025-01-12,Social,Founder,Mobile,North America,11-50,0.999,29.7,False,False,Free,Free,,0
U106121,2025-01-12,Referral,Ops Manager,Tablet,North America,1-10,1.57,9.09,True,True,Trial,Free,,0
U107626,2025-01-12,Paid Search,Marketing Team,Desktop,North America,1-10,0.449,58.82,False,False,Free,Free,,0
U102823,2025-01-12,Social,Sales Team,Mobile,APAC,1-10,0.626,16.16,False,False,Free,Free,,0
U105465,2025-01-12,Paid Search,Founder,Desktop,North America,201-1000,0.896,15.47,False,False,Free,Free,,0
U101244,2025-01-12,Referral,Marketing Team,Desktop,APAC,1-10,1.108,25.19,True,False,Free,Free,,0
U102506,2025-01-12,Referral,Ops Manager,Desktop,North America,11-50,1.602,1.25,True,False,Free,Free,,0
U101726,2025-01-12,Organic Search,Ops Manager,Desktop,North America,1-10,1.322,12.3,True,True,Paid,Starter,2025-01-12,19
U104942,2025-01-12,Referral,Ops Manager,Mobile,Europe,1-10,1.422,25.76,False,False,Free,Free,,0
U105119,2025-01-12,Social,Ops Manager,Mobile,LATAM,1-10,0.898,5.9,False,False,Free,Free,,0
U107344,2025-01-12,Social,Student / Hobby,Mobile,Europe,11-50,0.311,31.33,False,False,Free,Free,,0
U105137,2025-01-12,Social,Marketing Team,Desktop,APAC,1-10,0.764,43.79,False,False,Free,Free,,0
U100273,2025-01-12,Social,Founder,Desktop,APAC,51-200,1.001,21.05,True,False,Free,Free,,0
U103680,2025-01-12,Social,Founder,Mobile,North America,1-10,0.78,12.06,False,False,Free,Free,,0
U103158,2025-01-12,Social,Marketing Team,Desktop,APAC,51-200,0.677,10.31,False,False,Free,Free,,0
U100271,2025-01-12,Content,Sales Team,Mobile,North America,11-50,1.305,2.6,False,False,Free,Free,,0
U100429,2025-01-12,Paid Search,Ops Manager,Desktop,North America,1000+,1.196,12.23,False,False,Free,Free,,0
U105700,2025-01-12,Organic Search,Marketing Team,Desktop,APAC,11-50,0.527,15.38,True,False,Free,Free,,0
U105185,2025-01-12,Organic Search,Founder,Desktop,North America,1-10,1.063,1.83,False,False,Free,Free,,0
U103660,2025-01-12,Content,Marketing Team,Mobile,MEA,51-200,1.557,11.36,False,False,Free,Free,,0
U106988,2025-01-12,Referral,Ops Manager,Desktop,North America,1-10,1.839,18.79,True,True,Paid,Starter,2025-01-20,19
U102351,2025-01-12,Referral,Founder,Mobile,North America,11-50,1.692,45.56,False,False,Free,Free,,0
U107723,2025-01-12,Social,Ops Manager,Desktop,APAC,51-200,0.896,38.29,True,True,Trial,Free,,0
U103977,2025-01-12,Social,Sales Team,Desktop,North America,51-200,0.549,22.12,False,False,Free,Free,,0
U101900,2025-01-12,Organic Search,Founder,Desktop,North America,51-200,1.405,7.47,False,False,Free,Free,,0
U105060,2025-01-12,Content,Ops Manager,Desktop,North America,1-10,1.374,19.39,False,False,Free,Free,,0
U105947,2025-01-12,Organic Search,Founder,Desktop,North America,51-200,1.012,14.42,True,False,Free,Free,,0
U104636,2025-01-12,Organic Search,Sales Team,Mobile,MEA,51-200,0.974,18.23,False,False,Free,Free,,0
U107008,2025-01-12,Paid Search,Marketing Team,Desktop,LATAM,1-10,0.923,4.07,False,False,Free,Free,,0
U105760,2025-01-12,Organic Search,Founder,Desktop,North America,11-50,1.389,23.83,False,False,Free,Free,,0
U107995,2025-01-12,Partnership,Ops Manager,Desktop,Europe,51-200,1.923,5.24,True,False,Free,Free,,0
U103138,2025-01-12,Paid Search,Marketing Team,Mobile,LATAM,11-50,0.845,34.47,False,False,Free,Free,,0
U100449,2025-01-12,Paid Search,Founder,Desktop,APAC,1-10,1.12,14.61,True,True,Trial,Free,,0
U100568,2025-01-13,Social,Marketing Team,Desktop,Europe,1-10,0.574,41.43,False,False,Free,Free,,0
U104208,2025-01-13,Partnership,Student / Hobby,Desktop,APAC,1-10,0.25,59.25,False,False,Free,Free,,0
U101230,2025-01-13,Referral,Ops Manager,Mobile,Europe,1-10,1.824,6.46,False,False,Free,Free,,0
U101001,2025-01-13,Organic Search,Founder,Desktop,APAC,51-200,0.818,19.23,False,False,Free,Free,,0
U107513,2025-01-13,Paid Search,Sales Team,Desktop,North America,1-10,1.042,14.73,False,False,Free,Free,,0
U105900,2025-01-13,Paid Search,Ops Manager,Desktop,North America,11-50,0.826,7.07,False,False,Free,Free,,0
U102908,2025-01-13,Referral,Marketing Team,Mobile,Europe,51-200,0.841,29.67,False,False,Free,Free,,0
U106743,2025-01-13,Paid Search,Ops Manager,Desktop,Europe,11-50,1.016,40.61,False,False,Free,Free,,0
U102925,2025-01-13,Organic Search,Founder,Mobile,APAC,11-50,1.314,6.06,False,False,Free,Free,,0
U103307,2025-01-13,Social,Founder,Desktop,LATAM,51-200,1.065,27.51,True,True,Trial,Free,,0
U106632,2025-01-13,Partnership,Ops Manager,Desktop,Europe,11-50,1.896,8.42,False,False,Free,Free,,0
U104327,2025-01-13,Referral,Student / Hobby,Desktop,North America,1-10,0.906,13.09,True,True,Paid,Starter,2025-01-21,19
U106784,2025-01-13,Content,Student / Hobby,Desktop,Europe,11-50,0.4,38.31,True,False,Free,Free,,0
U100075,2025-01-13,Organic Search,Sales Team,Desktop,Europe,1000+,1.403,8.13,True,True,Paid,Starter,2025-01-16,19
U106692,2025-01-13,Paid Search,Marketing Team,Mobile,APAC,1-10,1.041,22.07,False,False,Free,Free,,0
U107885,2025-01-13,Paid Search,Founder,Desktop,Europe,1-10,1.036,34.14,True,False,Free,Free,,0
U104324,2025-01-13,Organic Search,Sales Team,Desktop,North America,11-50,0.983,59.6,False,False,Free,Free,,0
U108241,2025-01-13,Organic Search,Marketing Team,Mobile,APAC,1-10,0.98,7.42,True,False,Free,Free,,0
U107521,2025-01-13,Referral,Sales Team,Mobile,North America,51-200,1.108,31.25,False,False,Free,Free,,0
U106005,2025-01-13,Content,Founder,Desktop,MEA,11-50,1.422,18.63,False,False,Free,Free,,0
U106990,2025-01-13,Organic Search,Founder,Desktop,LATAM,1-10,1.188,13.29,True,True,Paid,Starter,2025-01-21,19
U103705,2025-01-13,Paid Search,Ops Manager,Desktop,North America,1-10,0.96,18.82,False,False,Free,Free,,0
U102987,2025-01-13,Organic Search,Student / Hobby,Desktop,APAC,11-50,0.48,5.01,False,False,Free,Free,,0
U106016,2025-01-13,Social,Founder,Desktop,LATAM,51-200,0.49,35.52,False,False,Free,Free,,0
U105252,2025-01-13,Referral,Marketing Team,Mobile,APAC,51-200,0.949,11.72,False,False,Free,Free,,0
U105709,2025-01-13,Organic Search,Founder,Desktop,Europe,11-50,1.137,23.17,True,False,Free,Free,,0
U103765,2025-01-13,Social,Founder,Mobile,North America,1-10,1.142,48.04,False,False,Free,Free,,0
U107954,2025-01-13,Paid Search,Sales Team,Desktop,North America,11-50,0.954,7.88,False,False,Free,Free,,0
U101592,2025-01-13,Referral,Founder,Mobile,Europe,1-10,1.434,5.25,False,False,Free,Free,,0
U102194,2025-01-13,Social,Founder,Desktop,APAC,1-10,0.877,30.48,False,False,Free,Free,,0
U102259,2025-01-13,Organic Search,Ops Manager,Desktop,MEA,1-10,1.367,21.64,False,False,Free,Free,,0
U102242,2025-01-13,Organic Search,Founder,Desktop,North America,201-1000,1.173,11.14,True,True,Paid,Starter,2025-01-20,19
U103636,2025-01-13,Paid Search,Marketing Team,Desktop,North America,51-200,0.762,10.39,True,True,Trial,Free,,0
U105629,2025-01-13,Referral,Ops Manager,Desktop,North America,1-10,1.123,41.91,False,False,Free,Free,,0
U103185,2025-01-13,Organic Search,Founder,Desktop,North America,51-200,1.349,8.13,False,False,Free,Free,,0
U102803,2025-01-13,Referral,Founder,Desktop,North America,11-50,1.776,0.56,False,False,Free,Free,,0
U105607,2025-01-13,Referral,Marketing Team,Desktop,APAC,11-50,1.213,38.44,True,False,Free,Free,,0
U107064,2025-01-13,Social,Founder,Desktop,North America,1-10,0.935,13.94,True,False,Free,Free,,0
U101491,2025-01-13,Paid Search,Ops Manager,Desktop,Europe,1-10,1.008,32.79,False,False,Free,Free,,0
U101394,2025-01-13,Organic Search,Sales Team,Mobile,North America,11-50,1.471,0.72,True,False,Free,Free,,0
U108395,2025-01-13,Referral,Founder,Mobile,North America,51-200,1.511,22.42,False,False,Free,Free,,0
U103814,2025-01-13,Paid Search,Sales Team,Desktop,Europe,1-10,0.979,43.19,False,False,Free,Free,,0
U100735,2025-01-13,Organic Search,Ops Manager,Desktop,North America,51-200,0.951,8.48,False,False,Free,Free,,0
U106280,2025-01-13,Organic Search,Founder,Desktop,APAC,11-50,1.262,12.21,True,True,Trial,Free,,0
U102322,2025-01-14,Paid Search,Founder,Desktop,Europe,1-10,0.737,5.78,True,False,Free,Free,,0
U101899,2025-01-14,Content,Sales Team,Desktop,North America,1-10,1.096,10.42,False,False,Free,Free,,0
U105703,2025-01-14,Content,Ops Manager,Desktop,APAC,11-50,1.328,11.91,True,True,Trial,Free,,0
U107104,2025-01-14,Paid Search,Ops Manager,Desktop,Europe,51-200,1.131,1.49,False,False,Free,Free,,0
U107608,2025-01-14,Organic Search,Ops Manager,Desktop,APAC,11-50,1.453,30.92,True,False,Free,Free,,0
U104292,2025-01-14,Paid Search,Marketing Team,Mobile,MEA,1-10,0.933,19.61,False,False,Free,Free,,0
U101444,2025-01-14,Social,Founder,Desktop,APAC,1-10,0.816,31.37,True,False,Free,Free,,0
U103316,2025-01-14,Organic Search,Ops Manager,Desktop,North America,11-50,1.405,10.25,True,True,Trial,Free,,0
U102848,2025-01-14,Paid Search,Student / Hobby,Desktop,North America,11-50,0.338,22.84,False,False,Free,Free,,0
U104759,2025-01-14,Social,Founder,Mobile,APAC,201-1000,0.9,27.84,False,False,Free,Free,,0
U106881,2025-01-14,Organic Search,Sales Team,Desktop,North America,201-1000,0.96,31.75,True,True,Trial,Free,,0
U105809,2025-01-14,Referral,Sales Team,Mobile,APAC,11-50,1.107,3.79,False,False,Free,Free,,0
U106893,2025-01-14,Paid Search,Sales Team,Mobile,North America,1-10,0.696,31.0,False,False,Free,Free,,0
U105552,2025-01-14,Organic Search,Sales Team,Desktop,Europe,11-50,1.085,21.1,True,True,Trial,Free,,0
U105155,2025-01-14,Referral,Ops Manager,Desktop,LATAM,1-10,1.429,19.38,False,False,Free,Free,,0
U101220,2025-01-14,Social,Sales Team,Desktop,North America,1-10,0.527,6.74,False,False,Free,Free,,0
U102985,2025-01-14,Partnership,Marketing Team,Desktop,Europe,1-10,0.926,18.9,False,False,Free,Free,,0
U100728,2025-01-14,Content,Marketing Team,Desktop,LATAM,1-10,0.966,29.66,True,True,Trial,Free,,0
U108092,2025-01-14,Referral,Founder,Mobile,APAC,11-50,1.26,22.59,False,False,Free,Free,,0
U103144,2025-01-14,Organic Search,Sales Team,Desktop,North America,11-50,0.731,18.72,False,False,Free,Free,,0
U106091,2025-01-14,Referral,Marketing Team,Mobile,Europe,1-10,1.255,7.84,False,False,Free,Free,,0
U107647,2025-01-14,Referral,Founder,Tablet,North America,11-50,1.709,27.98,True,False,Free,Free,,0
U101482,2025-01-14,Social,Ops Manager,Mobile,APAC,1-10,1.012,26.5,False,False,Free,Free,,0
U103208,2025-01-14,Organic Search,Founder,Mobile,North America,1-10,1.078,33.74,False,False,Free,Free,,0
U100259,2025-01-14,Organic Search,Founder,Desktop,Europe,11-50,1.041,28.89,False,False,Free,Free,,0
U105472,2025-01-14,Social,Student / Hobby,Mobile,North America,201-1000,0.25,39.12,False,False,Free,Free,,0
U106097,2025-01-14,Referral,Sales Team,Desktop,MEA,1-10,1.38,33.77,False,False,Free,Free,,0
U103032,2025-01-14,Paid Search,Marketing Team,Desktop,North America,11-50,0.92,20.41,True,False,Free,Free,,0
U102346,2025-01-14,Referral,Ops Manager,Desktop,LATAM,11-50,1.868,4.99,True,True,Paid,Starter,2025-01-22,19
U106125,2025-01-14,Organic Search,Founder,Desktop,Europe,11-50,1.219,30.22,True,False,Free,Free,,0
U105460,2025-01-14,Organic Search,Ops Manager,Desktop,MEA,1-10,1.2,86.92,True,True,Trial,Free,,0
U108216,2025-01-14,Content,Ops Manager,Tablet,Europe,1-10,1.577,17.24,True,True,Trial,Free,,0
U100018,2025-01-14,Organic Search,Ops Manager,Desktop,North America,1000+,1.148,24.75,True,True,Trial,Free,,0
U108488,2025-01-14,Social,Ops Manager,Mobile,APAC,11-50,0.992,16.71,True,True,Trial,Free,,0
U105722,2025-01-14,Referral,Founder,Tablet,APAC,1-10,1.547,9.81,True,False,Free,Free,,0
U108323,2025-01-14,Organic Search,Sales Team,Desktop,North America,11-50,1.188,17.73,True,False,Free,Free,,0
U107384,2025-01-14,Content,Founder,Mobile,MEA,1-10,1.659,1.66,False,False,Free,Free,,0
U101402,2025-01-14,Referral,Founder,Desktop,APAC,201-1000,1.441,18.69,True,False,Free,Free,,0
U105634,2025-01-15,Content,Founder,Tablet,LATAM,1-10,1.412,13.76,False,False,Free,Free,,0
U104352,2025-01-15,Content,Sales Team,Desktop,North America,1-10,1.274,11.8,False,False,Free,Free,,0
U101908,2025-01-15,Organic Search,Founder,Desktop,North America,201-1000,1.354,8.87,True,True,Paid,Starter,2025-01-18,19
U104336,2025-01-15,Partnership,Sales Team,Tablet,North America,51-200,1.377,12.21,True,False,Free,Free,,0
U105746,2025-01-15,Referral,Ops Manager,Desktop,LATAM,1-10,1.705,7.97,True,True,Trial,Free,,0
U102228,2025-01-15,Paid Search,Sales Team,Mobile,LATAM,11-50,0.853,14.44,False,False,Free,Free,,0
U104158,2025-01-15,Content,Founder,Desktop,North America,11-50,1.541,11.94,False,False,Free,Free,,0
U104218,2025-01-15,Content,Sales Team,Desktop,APAC,11-50,0.981,29.7,False,False,Free,Free,,0
U105602,2025-01-15,Organic Search,Founder,Desktop,Europe,51-200,1.001,28.85,False,False,Free,Free,,0
U104235,2025-01-15,Social,Ops Manager,Desktop,MEA,201-1000,0.748,19.05,True,True,Trial,Free,,0
U102340,2025-01-15,Organic Search,Marketing Team,Mobile,APAC,1-10,0.654,44.61,False,False,Free,Free,,0
U102342,2025-01-15,Content,Ops Manager,Tablet,Europe,1-10,1.638,20.39,True,False,Free,Free,,0
U104256,2025-01-15,Referral,Sales Team,Desktop,North America,11-50,1.155,28.54,True,False,Free,Free,,0
U101156,2025-01-15,Paid Search,Ops Manager,Desktop,North America,51-200,1.441,14.03,True,False,Free,Free,,0
U101994,2025-01-15,Referral,Marketing Team,Desktop,Europe,51-200,0.912,44.62,False,False,Free,Free,,0
U105620,2025-01-15,Content,Founder,Mobile,Europe,1000+,1.324,13.63,True,False,Free,Free,,0
U107216,2025-01-15,Content,Sales Team,Desktop,North America,11-50,0.918,14.78,True,True,Trial,Free,,0
U106939,2025-01-15,Organic Search,Ops Manager,Mobile,North America,11-50,1.556,2.26,True,True,Paid,Growth,2025-01-16,59
U105346,2025-01-15,Social,Ops Manager,Desktop,LATAM,11-50,0.697,9.5,False,False,Free,Free,,0
U106079,2025-01-15,Organic Search,Sales Team,Desktop,Europe,51-200,1.259,19.42,True,False,Free,Free,,0
U103310,2025-01-15,Content,Marketing Team,Desktop,North America,1-10,0.961,7.56,False,False,Free,Free,,0
U102427,2025-01-15,Social,Student / Hobby,Desktop,APAC,11-50,0.25,127.29,False,False,Free,Free,,0
U104333,2025-01-15,Social,Ops Manager,Mobile,MEA,1-10,1.048,32.9,False,False,Free,Free,,0
U102668,2025-01-15,Organic Search,Student / Hobby,Desktop,North America,51-200,0.844,13.16,False,False,Free,Free,,0
U100681,2025-01-15,Organic Search,Student / Hobby,Mobile,North America,11-50,0.513,100.21,False,False,Free,Free,,0
U104189,2025-01-15,Paid Search,Marketing Team,Desktop,MEA,1-10,0.825,4.48,True,False,Free,Free,,0
U103955,2025-01-15,Organic Search,Ops Manager,Mobile,Europe,51-200,1.005,8.26,False,False,Free,Free,,0
U107933,2025-01-15,Paid Search,Founder,Mobile,LATAM,1-10,1.209,7.52,False,False,Free,Free,,0
U107843,2025-01-15,Organic Search,Founder,Desktop,APAC,11-50,1.242,9.65,False,False,Free,Free,,0
U102419,2025-01-15,Content,Marketing Team,Desktop,North America,11-50,1.137,8.92,False,False,Free,Free,,0
U101535,2025-01-15,Organic Search,Founder,Desktop,Europe,11-50,1.504,4.05,False,False,Free,Free,,0
U103263,2025-01-15,Referral,Founder,Desktop,Europe,1-10,1.931,4.28,True,False,Free,Free,,0
U102197,2025-01-15,Referral,Founder,Desktop,North America,51-200,1.777,14.7,True,True,Trial,Free,,0
U101766,2025-01-15,Paid Search,Marketing Team,Desktop,APAC,201-1000,0.833,37.32,False,False,Free,Free,,0
U105723,2025-01-15,Organic Search,Sales Team,Desktop,North America,1-10,1.255,20.96,True,True,Paid,Starter,2025-01-18,19
U104551,2025-01-15,Paid Search,Marketing Team,Desktop,MEA,1-10,0.937,32.13,True,False,Free,Free,,0
U104972,2025-01-15,Social,Marketing Team,Mobile,Europe,11-50,0.527,19.18,True,False,Free,Free,,0
U104745,2025-01-15,Referral,Marketing Team,Mobile,APAC,1000+,0.834,15.41,False,False,Free,Free,,0
U105687,2025-01-15,Social,Student / Hobby,Desktop,North America,1-10,0.623,36.01,False,False,Free,Free,,0
U103157,2025-01-15,Paid Search,Ops Manager,Mobile,LATAM,51-200,1.147,4.25,True,True,Paid,Starter,2025-01-18,19
U104725,2025-01-15,Social,Marketing Team,Mobile,APAC,1-10,0.818,19.93,False,False,Free,Free,,0
U107185,2025-01-15,Paid Search,Founder,Desktop,North America,11-50,0.94,30.51,False,False,Free,Free,,0
U103401,2025-01-15,Organic Search,Marketing Team,Desktop,Europe,1-10,1.25,20.14,False,False,Free,Free,,0
U101116,2025-01-15,Paid Search,Sales Team,Desktop,North America,1-10,0.763,30.11,True,False,Free,Free,,0
U107573,2025-01-16,Social,Founder,Desktop,APAC,1-10,0.553,27.82,False,False,Free,Free,,0
U101768,2025-01-16,Organic Search,Founder,Desktop,Europe,11-50,1.174,18.07,True,True,Paid,Growth,2025-01-22,59
U101807,2025-01-16,Paid Search,Student / Hobby,Mobile,North America,51-200,0.715,19.18,True,True,Trial,Free,,0
U102390,2025-01-16,Organic Search,Sales Team,Mobile,Europe,1-10,0.97,23.66,False,False,Free,Free,,0
U100917,2025-01-16,Organic Search,Founder,Desktop,North America,51-200,0.838,12.98,False,False,Free,Free,,0
U101966,2025-01-16,Organic Search,Sales Team,Desktop,North America,1-10,1.128,15.14,False,False,Free,Free,,0
U108248,2025-01-16,Organic Search,Ops Manager,Desktop,North America,1-10,1.438,16.5,True,False,Free,Free,,0
U104837,2025-01-16,Referral,Student / Hobby,Desktop,Europe,1-10,1.181,30.72,True,True,Paid,Growth,2025-01-19,59
U104776,2025-01-16,Organic Search,Marketing Team,Desktop,Europe,51-200,0.858,29.94,True,False,Free,Free,,0
U100511,2025-01-16,Paid Search,Marketing Team,Desktop,North America,51-200,0.642,39.42,False,False,Free,Free,,0
U103397,2025-01-16,Social,Founder,Mobile,Europe,11-50,0.563,11.7,False,False,Free,Free,,0
U103941,2025-01-16,Paid Search,Ops Manager,Desktop,Europe,11-50,1.436,17.33,True,True,Trial,Free,,0
U104580,2025-01-16,Organic Search,Ops Manager,Desktop,North America,51-200,1.194,16.63,False,False,Free,Free,,0
U102765,2025-01-16,Social,Student / Hobby,Mobile,Europe,11-50,0.319,111.25,False,False,Free,Free,,0
U107307,2025-01-16,Paid Search,Sales Team,Desktop,North America,11-50,0.353,84.8,False,False,Free,Free,,0
U105209,2025-01-16,Organic Search,Founder,Desktop,APAC,11-50,1.034,25.69,False,False,Free,Free,,0
U103435,2025-01-16,Organic Search,Marketing Team,Desktop,APAC,1-10,0.623,42.14,False,False,Free,Free,,0
U106267,2025-01-16,Content,Ops Manager,Desktop,APAC,1-10,1.255,2.74,True,False,Free,Free,,0
U107898,2025-01-16,Paid Search,Founder,Desktop,APAC,1-10,0.814,24.44,False,False,Free,Free,,0
U102792,2025-01-16,Content,Marketing Team,Tablet,APAC,1-10,1.009,10.09,False,False,Free,Free,,0
U107011,2025-01-16,Organic Search,Sales Team,Tablet,LATAM,1-10,0.579,42.84,False,False,Free,Free,,0
U105958,2025-01-16,Referral,Student / Hobby,Desktop,Europe,11-50,0.585,49.6,False,False,Free,Free,,0
U103580,2025-01-16,Referral,Founder,Desktop,North America,51-200,1.303,8.7,False,False,Free,Free,,0
U103986,2025-01-16,Organic Search,Ops Manager,Desktop,MEA,51-200,1.207,23.24,True,False,Free,Free,,0
U105812,2025-01-16,Referral,Sales Team,Mobile,APAC,11-50,1.388,30.81,False,False,Free,Free,,0
U104293,2025-01-16,Referral,Marketing Team,Desktop,APAC,11-50,1.13,12.34,True,True,Paid,Growth,2025-01-17,59
U105210,2025-01-16,Organic Search,Marketing Team,Desktop,North America,201-1000,1.322,15.08,False,False,Free,Free,,0
U101826,2025-01-16,Social,Marketing Team,Tablet,North America,51-200,0.708,48.74,True,False,Free,Free,,0
U106647,2025-01-16,Social,Ops Manager,Desktop,MEA,11-50,0.845,17.4,False,False,Free,Free,,0
U106236,2025-01-16,Partnership,Student / Hobby,Desktop,North America,11-50,0.667,35.2,True,False,Free,Free,,0
U108175,2025-01-16,Paid Search,Sales Team,Tablet,LATAM,51-200,0.929,16.98,False,False,Free,Free,,0
U104089,2025-01-16,Organic Search,Founder,Desktop,Europe,51-200,1.208,8.51,False,False,Free,Free,,0
U103975,2025-01-16,Paid Search,Founder,Tablet,North America,1-10,0.762,27.02,False,False,Free,Free,,0
U102324,2025-01-17,Paid Search,Student / Hobby,Mobile,North America,1-10,0.25,144.47,False,False,Free,Free,,0
U100794,2025-01-17,Organic Search,Sales Team,Desktop,North America,1-10,1.121,26.01,False,False,Free,Free,,0
U106425,2025-01-17,Organic Search,Ops Manager,Desktop,APAC,201-1000,1.474,18.73,False,False,Free,Free,,0
U102312,2025-01-17,Content,Sales Team,Mobile,North America,1-10,1.28,10.26,True,False,Free,Free,,0
U103778,2025-01-17,Organic Search,Sales Team,Desktop,Europe,1000+,1.152,18.38,False,False,Free,Free,,0
U103993,2025-01-17,Referral,Ops Manager,Desktop,North America,11-50,2.046,2.28,True,False,Free,Free,,0
U107298,2025-01-17,Referral,Founder,Mobile,Europe,1-10,1.391,28.42,False,False,Free,Free,,0
U101376,2025-01-17,Partnership,Student / Hobby,Desktop,North America,51-200,1.032,39.72,False,False,Free,Free,,0
U107377,2025-01-17,Social,Sales Team,Tablet,MEA,201-1000,0.6,83.75,False,False,Free,Free,,0
U103261,2025-01-17,Paid Search,Ops Manager,Desktop,Europe,1-10,1.115,7.83,True,False,Free,Free,,0
U103169,2025-01-17,Paid Search,Sales Team,Mobile,Europe,11-50,0.787,6.4,False,False,Free,Free,,0
U108083,2025-01-17,Social,Marketing Team,Desktop,Europe,201-1000,0.651,51.15,False,False,Free,Free,,0
U105648,2025-01-17,Organic Search,Student / Hobby,Desktop,North America,1-10,0.25,154.85,False,False,Free,Free,,0
U108456,2025-01-17,Paid Search,Founder,Mobile,North America,1-10,0.98,40.15,False,False,Free,Free,,0
U106846,2025-01-17,Paid Search,Ops Manager,Desktop,Europe,51-200,1.022,17.4,False,False,Free,Free,,0
U103186,2025-01-17,Organic Search,Ops Manager,Desktop,North America,1-10,1.333,29.97,True,True,Trial,Free,,0
U101567,2025-01-17,Organic Search,Ops Manager,Desktop,LATAM,1000+,1.202,4.74,False,False,Free,Free,,0
U102583,2025-01-17,Organic Search,Ops Manager,Desktop,North America,201-1000,1.251,13.84,True,False,Free,Free,,0
U105761,2025-01-17,Content,Marketing Team,Desktop,Europe,1-10,0.907,3.14,True,False,Free,Free,,0
U104578,2025-01-17,Organic Search,Sales Team,Desktop,APAC,1-10,0.757,6.11,False,False,Free,Free,,0
U101790,2025-01-17,Referral,Marketing Team,Mobile,APAC,201-1000,1.35,3.9,True,False,Free,Free,,0
U108097,2025-01-17,Referral,Ops Manager,Tablet,Europe,1-10,1.419,8.8,False,False,Free,Free,,0
U106554,2025-01-17,Organic Search,Ops Manager,Mobile,Europe,1-10,1.373,5.06,True,False,Free,Free,,0
U108333,2025-01-17,Social,Founder,Desktop,APAC,1-10,0.862,17.51,False,False,Free,Free,,0
U104679,2025-01-17,Social,Ops Manager,Desktop,North America,1-10,0.953,30.34,False,False,Free,Free,,0
U100548,2025-01-17,Social,Sales Team,Desktop,Europe,1-10,0.484,19.73,False,False,Free,Free,,0
U105362,2025-01-17,Organic Search,Ops Manager,Desktop,North America,1-10,1.348,13.92,True,True,Trial,Free,,0
U103009,2025-01-17,Content,Student / Hobby,Desktop,APAC,201-1000,0.566,46.12,False,False,Free,Free,,0
U101958,2025-01-17,Organic Search,Ops Manager,Desktop,North America,1-10,1.396,14.97,False,False,Free,Free,,0
U101428,2025-01-17,Content,Ops Manager,Desktop,Europe,1-10,1.065,27.45,False,False,Free,Free,,0
U104191,2025-01-17,Paid Search,Ops Manager,Mobile,North America,1-10,0.751,11.15,False,False,Free,Free,,0
U102754,2025-01-17,Social,Founder,Desktop,North America,1-10,0.776,4.18,True,False,Free,Free,,0
U100561,2025-01-18,Paid Search,Sales Team,Desktop,North America,1-10,1.242,5.06,False,False,Free,Free,,0
U104291,2025-01-18,Paid Search,Founder,Mobile,North America,1-10,0.685,27.47,False,False,Free,Free,,0
U101183,2025-01-18,Organic Search,Founder,Mobile,APAC,51-200,1.404,11.6,True,False,Free,Free,,0
U103751,2025-01-18,Organic Search,Sales Team,Desktop,North America,1-10,0.682,51.65,False,False,Free,Free,,0
U107043,2025-01-18,Referral,Marketing Team,Desktop,North America,1-10,1.202,15.45,False,False,Free,Free,,0
U102631,2025-01-18,Paid Search,Ops Manager,Desktop,Europe,1-10,1.251,18.22,False,False,Free,Free,,0
U100664,2025-01-18,Content,Founder,Desktop,North America,1-10,1.176,21.21,True,True,Paid,Growth,2025-01-26,59
U103781,2025-01-18,Paid Search,Founder,Desktop,APAC,1-10,0.841,11.0,False,False,Free,Free,,0
U108262,2025-01-18,Paid Search,Marketing Team,Mobile,North America,1-10,0.946,25.57,False,False,Free,Free,,0
U105755,2025-01-18,Referral,Sales Team,Desktop,Europe,51-200,1.594,10.16,True,False,Free,Free,,0
U103005,2025-01-18,Paid Search,Sales Team,Mobile,North America,51-200,0.938,12.05,False,False,Free,Free,,0
U104664,2025-01-18,Organic Search,Founder,Desktop,North America,11-50,1.369,13.41,True,True,Paid,Starter,2025-01-23,19
U100140,2025-01-18,Organic Search,Founder,Mobile,North America,51-200,1.011,5.76,True,False,Free,Free,,0
U104778,2025-01-18,Social,Sales Team,Desktop,APAC,201-1000,0.555,15.48,False,False,Free,Free,,0
U102938,2025-01-18,Referral,Founder,Desktop,North America,11-50,1.409,37.89,False,False,Free,Free,,0
U103860,2025-01-18,Organic Search,Ops Manager,Mobile,North America,1-10,1.327,20.51,True,False,Free,Free,,0
U100123,2025-01-18,Partnership,Ops Manager,Desktop,APAC,1-10,1.066,15.64,False,False,Free,Free,,0
U106084,2025-01-18,Organic Search,Sales Team,Mobile,North America,51-200,0.674,28.52,False,False,Free,Free,,0
U107874,2025-01-18,Paid Search,Founder,Desktop,Europe,51-200,0.982,11.52,True,False,Free,Free,,0
U105890,2025-01-18,Organic Search,Founder,Desktop,APAC,51-200,1.139,27.97,True,False,Free,Free,,0
U104521,2025-01-18,Referral,Marketing Team,Mobile,North America,11-50,0.93,12.99,False,False,Free,Free,,0
U105387,2025-01-18,Referral,Sales Team,Desktop,Europe,11-50,1.201,5.07,True,True,Paid,Scale,2025-01-18,149
U108039,2025-01-18,Organic Search,Ops Manager,Mobile,Europe,1-10,1.55,14.71,True,False,Free,Free,,0
U100628,2025-01-18,Organic Search,Student / Hobby,Desktop,Europe,1000+,0.667,66.58,False,False,Free,Free,,0
U106756,2025-01-18,Paid Search,Ops Manager,Desktop,Europe,11-50,1.097,15.57,False,False,Free,Free,,0
U103097,2025-01-18,Organic Search,Ops Manager,Desktop,North America,11-50,1.202,30.85,False,False,Free,Free,,0
U107282,2025-01-18,Referral,Founder,Desktop,North America,11-50,1.553,7.87,False,False,Free,Free,,0
U100339,2025-01-18,Organic Search,Founder,Mobile,Europe,51-200,1.145,9.08,False,False,Free,Free,,0
U103319,2025-01-18,Referral,Ops Manager,Desktop,North America,11-50,1.447,8.47,False,False,Free,Free,,0
U106530,2025-01-18,Referral,Marketing Team,Desktop,MEA,1-10,1.038,5.98,False,False,Free,Free,,0
U103656,2025-01-18,Referral,Sales Team,Desktop,APAC,1000+,1.319,9.29,False,False,Free,Free,,0
U106111,2025-01-18,Content,Founder,Desktop,North America,51-200,1.545,12.82,True,True,Trial,Free,,0
U106863,2025-01-18,Content,Ops Manager,Desktop,LATAM,1-10,1.557,8.22,False,False,Free,Free,,0
U105152,2025-01-19,Organic Search,Founder,Desktop,Europe,1-10,1.094,22.97,True,False,Free,Free,,0
U103427,2025-01-19,Content,Ops Manager,Desktop,North America,51-200,1.361,14.33,True,False,Free,Free,,0
U103745,2025-01-19,Partnership,Ops Manager,Tablet,North America,1-10,1.691,2.22,True,False,Free,Free,,0
U101427,2025-01-19,Paid Search,Ops Manager,Desktop,LATAM,51-200,1.281,25.71,True,True,Trial,Free,,0
U105321,2025-01-19,Content,Ops Manager,Desktop,North America,1-10,1.502,10.29,False,False,Free,Free,,0
U107532,2025-01-19,Organic Search,Sales Team,Desktop,LATAM,201-1000,1.175,47.92,False,False,Free,Free,,0
U102349,2025-01-19,Organic Search,Marketing Team,Desktop,APAC,11-50,1.25,12.55,False,False,Free,Free,,0
U100413,2025-01-19,Organic Search,Founder,Mobile,North America,51-200,1.034,13.55,True,True,Trial,Free,,0
U100364,2025-01-19,Organic Search,Sales Team,Desktop,North America,201-1000,0.671,27.22,True,False,Free,Free,,0
U107969,2025-01-19,Referral,Sales Team,Mobile,Europe,51-200,1.128,11.94,False,False,Free,Free,,0
U104855,2025-01-19,Content,Founder,Mobile,North America,51-200,1.363,45.57,False,False,Free,Free,,0
U100086,2025-01-19,Paid Search,Student / Hobby,Tablet,APAC,11-50,0.411,44.54,True,False,Free,Free,,0
U101456,2025-01-19,Organic Search,Founder,Mobile,North America,1-10,1.579,18.92,False,False,Free,Free,,0
U102129,2025-01-19,Referral,Ops Manager,Desktop,Europe,11-50,1.761,24.83,True,True,Trial,Free,,0
U103763,2025-01-19,Social,Founder,Desktop,APAC,1-10,0.797,44.05,False,False,Free,Free,,0
U102463,2025-01-19,Referral,Marketing Team,Desktop,APAC,51-200,1.02,22.82,False,False,Free,Free,,0
U107833,2025-01-19,Organic Search,Ops Manager,Desktop,North America,1-10,1.521,11.58,True,False,Free,Free,,0
U107437,2025-01-19,Organic Search,Student / Hobby,Mobile,APAC,1-10,0.697,6.26,False,False,Free,Free,,0
U102216,2025-01-19,Paid Search,Sales Team,Tablet,Europe,1-10,0.607,48.46,False,False,Free,Free,,0
U103594,2025-01-19,Paid Search,Sales Team,Mobile,Europe,11-50,0.817,33.84,True,False,Free,Free,,0
U101624,2025-01-19,Organic Search,Ops Manager,Desktop,North America,1-10,1.118,26.13,True,False,Free,Free,,0
U104019,2025-01-19,Partnership,Founder,Desktop,Europe,51-200,1.154,23.95,True,True,Trial,Free,,0
U102896,2025-01-19,Social,Sales Team,Desktop,North America,1-10,0.654,29.36,False,False,Free,Free,,0
U101810,2025-01-19,Organic Search,Ops Manager,Mobile,North America,1-10,1.006,24.14,True,False,Free,Free,,0
U103289,2025-01-19,Social,Sales Team,Mobile,North America,1-10,0.678,17.59,False,False,Free,Free,,0
U108415,2025-01-19,Organic Search,Sales Team,Desktop,LATAM,51-200,1.101,26.11,False,False,Free,Free,,0
U102064,2025-01-19,Organic Search,Founder,Mobile,LATAM,51-200,1.111,7.67,False,False,Free,Free,,0
U103966,2025-01-19,Organic Search,Ops Manager,Desktop,North America,1-10,1.019,22.2,True,True,Paid,Starter,2025-01-22,19
U101764,2025-01-19,Paid Search,Ops Manager,Mobile,LATAM,11-50,0.897,41.04,False,False,Free,Free,,0
U104536,2025-01-19,Organic Search,Sales Team,Desktop,Europe,1-10,0.623,63.61,False,False,Free,Free,,0
U101991,2025-01-19,Organic Search,Marketing Team,Desktop,LATAM,11-50,0.934,30.72,False,False,Free,Free,,0
U103981,2025-01-19,Organic Search,Student / Hobby,Mobile,North America,51-200,0.358,92.22,False,False,Free,Free,,0
U100098,2025-01-19,Paid Search,Student / Hobby,Tablet,Europe,1-10,0.759,1.32,False,False,Free,Free,,0
U104707,2025-01-19,Organic Search,Ops Manager,Desktop,APAC,1-10,1.463,4.76,True,True,Trial,Free,,0
U105780,2025-01-19,Referral,Marketing Team,Tablet,Europe,1-10,1.334,5.01,True,True,Paid,Scale,2025-01-22,149
U107773,2025-01-19,Referral,Founder,Desktop,APAC,1-10,1.297,19.66,False,False,Free,Free,,0
U106306,2025-01-19,Paid Search,Ops Manager,Desktop,Europe,1-10,0.945,21.24,False,False,Free,Free,,0
U106284,2025-01-19,Organic Search,Founder,Desktop,Europe,201-1000,1.099,10.63,False,False,Free,Free,,0
U102597,2025-01-19,Partnership,Sales Team,Desktop,North America,1-10,1.107,18.03,False,False,Free,Free,,0
U103686,2025-01-20,Organic Search,Sales Team,Desktop,North America,51-200,0.843,16.74,False,False,Free,Free,,0
U101041,2025-01-20,Partnership,Student / Hobby,Desktop,North America,11-50,0.865,5.98,False,False,Free,Free,,0
U101170,2025-01-20,Social,Founder,Tablet,North America,11-50,1.01,7.47,False,False,Free,Free,,0
U101836,2025-01-20,Referral,Founder,Desktop,North America,1-10,1.387,3.11,False,False,Free,Free,,0
U103284,2025-01-20,Referral,Founder,Desktop,Europe,51-200,1.777,3.9,True,True,Paid,Starter,2025-01-21,19
U108452,2025-01-20,Social,Founder,Mobile,North America,201-1000,1.077,19.46,False,False,Free,Free,,0
U105300,2025-01-20,Organic Search,Marketing Team,Mobile,Europe,11-50,0.739,30.3,False,False,Free,Free,,0
U103018,2025-01-20,Paid Search,Sales Team,Desktop,North America,201-1000,0.352,56.15,False,False,Free,Free,,0
U101707,2025-01-20,Partnership,Marketing Team,Desktop,Europe,1-10,1.011,31.12,False,False,Free,Free,,0
U100845,2025-01-20,Referral,Sales Team,Desktop,North America,51-200,1.374,5.21,False,False,Free,Free,,0
U102264,2025-01-20,Organic Search,Sales Team,Desktop,North America,201-1000,1.159,15.51,False,False,Free,Free,,0
U103693,2025-01-20,Referral,Ops Manager,Desktop,MEA,11-50,1.397,2.82,True,False,Free,Free,,0
U107413,2025-01-20,Organic Search,Marketing Team,Desktop,LATAM,1-10,0.872,13.47,True,False,Free,Free,,0
U100350,2025-01-20,Referral,Founder,Desktop,North America,1-10,1.752,16.35,False,False,Free,Free,,0
U100005,2025-01-20,Organic Search,Student / Hobby,Desktop,North America,201-1000,0.285,134.3,False,False,Free,Free,,0
U104106,2025-01-20,Paid Search,Ops Manager,Mobile,North America,11-50,0.619,22.54,True,False,Free,Free,,0
U106599,2025-01-20,Social,Founder,Desktop,APAC,1-10,0.88,24.38,True,False,Free,Free,,0
U106745,2025-01-20,Organic Search,Ops Manager,Desktop,Europe,51-200,1.674,15.2,True,True,Paid,Starter,2025-01-21,19
U100337,2025-01-20,Social,Founder,Mobile,North America,1-10,1.03,10.53,False,False,Free,Free,,0
U102286,2025-01-20,Social,Marketing Team,Desktop,North America,11-50,0.691,12.74,False,False,Free,Free,,0
U105436,2025-01-20,Paid Search,Ops Manager,Tablet,North America,51-200,1.438,13.35,True,True,Paid,Growth,2025-01-24,59
U101408,2025-01-20,Content,Ops Manager,Desktop,LATAM,11-50,0.914,17.8,False,False,Free,Free,,0
U101133,2025-01-20,Social,Founder,Desktop,APAC,11-50,1.119,13.53,True,True,Trial,Free,,0
U102741,2025-01-20,Content,Ops Manager,Desktop,LATAM,1-10,1.355,19.28,True,False,Free,Free,,0
U102233,2025-01-20,Organic Search,Marketing Team,Tablet,North America,51-200,1.266,30.58,False,False,Free,Free,,0
U103997,2025-01-20,Referral,Sales Team,Desktop,North America,1-10,0.972,24.68,False,False,Free,Free,,0
U106246,2025-01-20,Referral,Student / Hobby,Desktop,Europe,1-10,0.761,11.2,False,False,Free,Free,,0
U107772,2025-01-20,Organic Search,Founder,Mobile,APAC,1-10,1.149,20.16,False,False,Free,Free,,0
U103948,2025-01-20,Referral,Founder,Tablet,APAC,1-10,1.536,24.75,False,False,Free,Free,,0
U100188,2025-01-20,Organic Search,Founder,Desktop,North America,1000+,1.312,20.07,False,False,Free,Free,,0
U102147,2025-01-20,Referral,Marketing Team,Desktop,North America,51-200,1.469,9.09,True,True,Paid,Starter,2025-01-23,19
U102150,2025-01-20,Paid Search,Marketing Team,Mobile,North America,1-10,1.083,14.75,True,False,Free,Free,,0
U100455,2025-01-20,Social,Sales Team,Tablet,North America,11-50,0.372,41.03,False,False,Free,Free,,0
U103210,2025-01-20,Social,Sales Team,Desktop,North America,201-1000,0.868,14.82,False,False,Free,Free,,0
U107739,2025-01-20,Social,Sales Team,Desktop,North America,1-10,0.399,12.48,False,False,Free,Free,,0
U107993,2025-01-20,Content,Sales Team,Desktop,North America,11-50,0.936,10.65,False,False,Free,Free,,0
U103198,2025-01-20,Partnership,Ops Manager,Mobile,North America,1-10,1.264,13.0,False,False,Free,Free,,0
U107144,2025-01-20,Paid Search,Founder,Mobile,North America,1-10,0.983,14.69,False,False,Free,Free,,0
U108150,2025-01-20,Paid Search,Ops Manager,Mobile,North America,1-10,0.913,12.76,False,False,Free,Free,,0
U103940,2025-01-20,Social,Founder,Desktop,APAC,11-50,1.073,4.97,True,False,Free,Free,,0
U102882,2025-01-20,Social,Ops Manager,Mobile,LATAM,11-50,0.734,47.46,False,False,Free,Free,,0
U107366,2025-01-20,Social,Founder,Mobile,Europe,11-50,0.57,11.66,False,False,Free,Free,,0
U101297,2025-01-20,Organic Search,Ops Manager,Desktop,North America,11-50,1.219,6.12,True,False,Free,Free,,0
U108420,2025-01-20,Paid Search,Founder,Mobile,North America,11-50,1.008,26.3,False,False,Free,Free,,0
U102514,2025-01-21,Paid Search,Ops Manager,Mobile,North America,1-10,1.039,24.78,True,True,Paid,Starter,2025-01-26,19
U103000,2025-01-21,Organic Search,Ops Manager,Desktop,North America,51-200,1.176,31.26,False,False,Free,Free,,0
U101236,2025-01-21,Organic Search,Sales Team,Desktop,Europe,51-200,0.771,67.88,False,False,Free,Free,,0
U101642,2025-01-21,Content,Marketing Team,Desktop,APAC,1-10,1.318,7.75,False,False,Free,Free,,0
U107420,2025-01-21,Paid Search,Student / Hobby,Mobile,APAC,201-1000,0.394,42.24,True,True,Trial,Free,,0
U105470,2025-01-21,Paid Search,Ops Manager,Desktop,North America,11-50,1.492,9.31,True,True,Paid,Starter,2025-01-21,19
U103052,2025-01-21,Organic Search,Founder,Desktop,MEA,1-10,1.351,4.33,True,False,Free,Free,,0
U102568,2025-01-21,Paid Search,Ops Manager,Mobile,APAC,1-10,1.173,23.68,False,False,Free,Free,,0
U106085,2025-01-21,Organic Search,Ops Manager,Mobile,North America,11-50,1.568,17.22,True,False,Free,Free,,0
U105719,2025-01-21,Paid Search,Ops Manager,Mobile,APAC,1-10,1.278,29.0,True,False,Free,Free,,0
U103234,2025-01-21,Paid Search,Marketing Team,Mobile,North America,11-50,1.05,35.4,False,False,Free,Free,,0
U100294,2025-01-21,Referral,Founder,Desktop,Europe,1000+,1.616,27.26,False,False,Free,Free,,0
U101153,2025-01-21,Paid Search,Marketing Team,Desktop,North America,11-50,0.908,6.18,True,False,Free,Free,,0
U106746,2025-01-21,Social,Ops Manager,Desktop,North America,11-50,0.955,9.37,False,False,Free,Free,,0
U106156,2025-01-21,Paid Search,Ops Manager,Mobile,Europe,11-50,1.256,4.93,True,True,Paid,Scale,2025-01-24,149
U101371,2025-01-21,Partnership,Founder,Mobile,MEA,51-200,1.228,52.49,False,False,Free,Free,,0
U103167,2025-01-21,Content,Marketing Team,Mobile,North America,51-200,1.169,6.52,False,False,Free,Free,,0
U100109,2025-01-21,Referral,Marketing Team,Mobile,LATAM,1-10,1.265,8.69,True,True,Paid,Starter,2025-01-25,19
U106143,2025-01-21,Social,Marketing Team,Desktop,Europe,11-50,0.297,103.16,True,False,Free,Free,,0
U102983,2025-01-21,Referral,Sales Team,Desktop,North America,1-10,1.174,15.37,False,False,Free,Free,,0
U106646,2025-01-21,Organic Search,Founder,Desktop,North America,1-10,1.418,27.4,False,False,Free,Free,,0
U100894,2025-01-21,Partnership,Ops Manager,Mobile,Europe,1-10,1.635,1.67,False,False,Free,Free,,0
U105223,2025-01-21,Organic Search,Founder,Desktop,North America,1-10,1.328,7.68,False,False,Free,Free,,0
U102035,2025-01-21,Organic Search,Sales Team,Mobile,APAC,1-10,0.831,52.89,False,False,Free,Free,,0
U102424,2025-01-21,Referral,Founder,Desktop,Europe,1-10,1.293,24.35,False,False,Free,Free,,0
U106048,2025-01-21,Referral,Sales Team,Desktop,LATAM,1-10,1.377,8.59,False,False,Free,Free,,0
U105702,2025-01-21,Paid Search,Ops Manager,Desktop,North America,51-200,0.859,12.12,False,False,Free,Free,,0
U103133,2025-01-21,Social,Sales Team,Desktop,North America,51-200,0.937,8.09,False,False,Free,Free,,0
U102157,2025-01-21,Social,Ops Manager,Desktop,North America,1-10,0.594,22.43,False,False,Free,Free,,0
U106735,2025-01-21,Content,Sales Team,Tablet,North America,51-200,1.124,21.88,True,False,Free,Free,,0
U100921,2025-01-21,Organic Search,Sales Team,Desktop,LATAM,1-10,1.275,13.52,True,True,Paid,Growth,2025-01-21,59
U105836,2025-01-21,Paid Search,Founder,Desktop,North America,1-10,1.222,24.67,False,False,Free,Free,,0
U105849,2025-01-21,Paid Search,Student / Hobby,Mobile,APAC,1-10,0.482,23.08,False,False,Free,Free,,0
U101251,2025-01-21,Paid Search,Student / Hobby,Desktop,Europe,11-50,0.401,24.52,True,False,Free,Free,,0
U106965,2025-01-21,Referral,Founder,Desktop,Europe,1-10,1.632,19.05,True,False,Free,Free,,0
U100869,2025-01-21,Referral,Founder,Desktop,Europe,1000+,1.747,25.29,True,True,Paid,Starter,2025-01-21,19
U103410,2025-01-22,Social,Marketing Team,Desktop,APAC,11-50,0.61,58.97,False,False,Free,Free,,0
U100129,2025-01-22,Social,Founder,Desktop,MEA,11-50,1.005,26.4,False,False,Free,Free,,0
U103344,2025-01-22,Paid Search,Ops Manager,Desktop,Europe,1-10,1.081,23.08,True,False,Free,Free,,0
U103318,2025-01-22,Organic Search,Sales Team,Desktop,North America,51-200,1.013,9.63,False,False,Free,Free,,0
U100865,2025-01-22,Paid Search,Ops Manager,Desktop,North America,1-10,1.139,8.2,False,False,Free,Free,,0
U100940,2025-01-22,Social,Ops Manager,Desktop,Europe,1-10,0.851,20.61,True,True,Paid,Starter,2025-01-23,19
U103257,2025-01-22,Partnership,Sales Team,Desktop,North America,51-200,1.065,21.99,False,False,Free,Free,,0
U102458,2025-01-22,Partnership,Marketing Team,Desktop,North America,1-10,1.005,11.42,False,False,Free,Free,,0
U101278,2025-01-22,Content,Sales Team,Desktop,APAC,1-10,0.906,20.55,True,False,Free,Free,,0
U108090,2025-01-22,Paid Search,Founder,Mobile,APAC,1-10,0.592,45.48,False,False,Free,Free,,0
U100718,2025-01-22,Referral,Founder,Desktop,LATAM,11-50,1.257,4.15,False,False,Free,Free,,0
U100583,2025-01-22,Organic Search,Founder,Mobile,North America,1000+,0.982,11.09,False,False,Free,Free,,0
U104091,2025-01-22,Content,Founder,Mobile,North America,11-50,1.315,21.7,True,True,Paid,Starter,2025-01-26,19
U104990,2025-01-22,Referral,Ops Manager,Desktop,North America,11-50,1.608,23.92,False,False,Free,Free,,0
U107037,2025-01-22,Social,Sales Team,Desktop,MEA,1-10,0.66,6.4,False,False,Free,Free,,0
U105715,2025-01-22,Referral,Marketing Team,Desktop,Europe,1-10,1.459,6.27,True,False,Free,Free,,0
U102782,2025-01-22,Organic Search,Marketing Team,Mobile,APAC,201-1000,0.965,12.87,False,False,Free,Free,,0
U105912,2025-01-22,Referral,Founder,Desktop,APAC,1-10,1.706,5.13,True,True,Paid,Starter,2025-01-22,19
U104200,2025-01-22,Paid Search,Founder,Desktop,North America,1-10,1.091,16.9,True,False,Free,Free,,0
U102864,2025-01-22,Social,Ops Manager,Desktop,North America,1-10,0.95,6.61,False,False,Free,Free,,0
U105720,2025-01-22,Referral,Ops Manager,Desktop,North America,51-200,1.373,7.9,True,True,Trial,Free,,0
U101936,2025-01-22,Social,Ops Manager,Desktop,North America,1-10,1.135,15.98,False,False,Free,Free,,0
U107959,2025-01-22,Organic Search,Marketing Team,Mobile,North America,51-200,0.978,26.44,False,False,Free,Free,,0
U104331,2025-01-22,Referral,Ops Manager,Desktop,North America,1-10,1.556,12.93,False,False,Free,Free,,0
U107893,2025-01-22,Partnership,Ops Manager,Desktop,APAC,201-1000,1.474,25.75,True,True,Trial,Free,,0
U104187,2025-01-22,Content,Sales Team,Desktop,Europe,1-10,1.252,19.64,False,False,Free,Free,,0
U100725,2025-01-22,Paid Search,Ops Manager,Mobile,MEA,51-200,1.038,19.12,False,False,Free,Free,,0
U107025,2025-01-22,Paid Search,Sales Team,Desktop,North America,51-200,0.835,61.12,False,False,Free,Free,,0
U105224,2025-01-22,Content,Student / Hobby,Desktop,Europe,11-50,0.864,52.59,True,False,Free,Free,,0
U105511,2025-01-22,Organic Search,Founder,Desktop,North America,1-10,1.287,10.67,False,False,Free,Free,,0
U102763,2025-01-22,Paid Search,Sales Team,Desktop,Europe,201-1000,0.806,35.53,False,False,Free,Free,,0
U105249,2025-01-22,Paid Search,Ops Manager,Desktop,LATAM,1-10,1.18,7.48,False,False,Free,Free,,0
U102210,2025-01-22,Social,Ops Manager,Mobile,Europe,201-1000,1.055,8.09,True,False,Free,Free,,0
U105563,2025-01-22,Organic Search,Founder,Mobile,Europe,1-10,1.269,5.8,False,False,Free,Free,,0
U100290,2025-01-22,Paid Search,Sales Team,Desktop,North America,51-200,0.665,13.76,False,False,Free,Free,,0
U102963,2025-01-22,Social,Sales Team,Desktop,LATAM,1-10,0.593,31.6,True,False,Free,Free,,0
U101341,2025-01-22,Partnership,Founder,Desktop,North America,1000+,1.5,26.86,False,False,Free,Free,,0
U105221,2025-01-22,Organic Search,Ops Manager,Desktop,LATAM,1-10,1.592,34.09,False,False,Free,Free,,0
U103523,2025-01-23,Social,Ops Manager,Desktop,APAC,51-200,0.752,36.46,True,False,Free,Free,,0
U104609,2025-01-23,Social,Founder,Desktop,North America,51-200,0.4,143.88,False,False,Free,Free,,0
U105463,2025-01-23,Social,Student / Hobby,Desktop,North America,11-50,0.43,49.92,True,True,Paid,Starter,2025-01-26,19
U104625,2025-01-23,Paid Search,Ops Manager,Desktop,LATAM,1-10,0.751,12.58,False,False,Free,Free,,0
U106880,2025-01-23,Organic Search,Sales Team,Desktop,North America,1-10,0.964,32.4,False,False,Free,Free,,0
U104658,2025-01-23,Social,Founder,Mobile,North America,11-50,0.776,20.01,False,False,Free,Free,,0
U100240,2025-01-23,Paid Search,Founder,Desktop,Europe,1-10,0.828,21.09,False,False,Free,Free,,0
U104494,2025-01-23,Paid Search,Sales Team,Desktop,Europe,1-10,0.748,20.51,False,False,Free,Free,,0
U108338,2025-01-23,Paid Search,Ops Manager,Desktop,APAC,201-1000,0.78,16.15,False,False,Free,Free,,0
U105692,2025-01-23,Organic Search,Founder,Desktop,LATAM,1-10,1.306,23.52,False,False,Free,Free,,0
U104887,2025-01-23,Paid Search,Sales Team,Desktop,LATAM,1-10,0.703,33.11,False,False,Free,Free,,0
U100258,2025-01-23,Referral,Ops Manager,Desktop,APAC,11-50,1.471,9.95,True,True,Trial,Free,,0
U103209,2025-01-23,Referral,Founder,Desktop,APAC,1000+,1.779,1.97,True,False,Free,Free,,0
U100409,2025-01-23,Organic Search,Sales Team,Mobile,North America,51-200,0.813,21.45,False,False,Free,Free,,0
U105238,2025-01-23,Paid Search,Founder,Desktop,MEA,1-10,0.78,7.79,False,False,Free,Free,,0
U101473,2025-01-23,Paid Search,Ops Manager,Desktop,Europe,201-1000,1.111,22.2,True,False,Free,Free,,0
U106606,2025-01-23,Social,Ops Manager,Desktop,North America,51-200,0.814,35.77,False,False,Free,Free,,0
U102416,2025-01-23,Paid Search,Marketing Team,Mobile,APAC,11-50,0.658,17.77,False,False,Free,Free,,0
U101575,2025-01-23,Social,Marketing Team,Desktop,North America,1-10,0.6,48.22,False,False,Free,Free,,0
U106609,2025-01-23,Referral,Sales Team,Desktop,Europe,11-50,1.12,14.85,True,True,Trial,Free,,0
U102659,2025-01-23,Paid Search,Founder,Mobile,LATAM,11-50,0.762,52.37,False,False,Free,Free,,0
U102483,2025-01-23,Organic Search,Ops Manager,Desktop,APAC,11-50,1.423,27.94,False,False,Free,Free,,0
U108383,2025-01-23,Organic Search,Marketing Team,Tablet,LATAM,1000+,1.119,4.22,False,False,Free,Free,,0
U103280,2025-01-23,Paid Search,Ops Manager,Mobile,North America,51-200,0.713,37.73,True,False,Free,Free,,0
U103527,2025-01-23,Referral,Founder,Desktop,North America,201-1000,1.473,19.57,True,False,Free,Free,,0
U104445,2025-01-23,Referral,Student / Hobby,Desktop,North America,201-1000,0.783,33.93,False,False,Free,Free,,0
U102119,2025-01-23,Referral,Marketing Team,Desktop,APAC,51-200,0.886,4.5,False,False,Free,Free,,0
U107845,2025-01-23,Referral,Sales Team,Desktop,LATAM,1-10,1.157,32.22,False,False,Free,Free,,0
U103959,2025-01-23,Paid Search,Student / Hobby,Tablet,North America,1-10,0.695,6.76,True,False,Free,Free,,0
U106433,2025-01-23,Organic Search,Student / Hobby,Desktop,Europe,1-10,0.577,32.08,False,False,Free,Free,,0
U102022,2025-01-23,Paid Search,Ops Manager,Mobile,North America,51-200,1.371,12.37,True,True,Paid,Starter,2025-01-24,19
U108285,2025-01-23,Partnership,Sales Team,Desktop,Europe,51-200,1.361,4.61,False,False,Free,Free,,0
U104203,2025-01-23,Organic Search,Marketing Team,Tablet,Europe,51-200,1.062,24.38,False,False,Free,Free,,0
U103631,2025-01-23,Paid Search,Founder,Desktop,Europe,201-1000,1.021,22.47,False,False,Free,Free,,0
U105991,2025-01-23,Organic Search,Sales Team,Desktop,Europe,11-50,1.11,20.21,False,False,Free,Free,,0
U107226,2025-01-23,Content,Marketing Team,Desktop,North America,51-200,1.435,26.13,True,False,Free,Free,,0
U100636,2025-01-23,Partnership,Founder,Desktop,Europe,51-200,1.256,67.01,False,False,Free,Free,,0
U107494,2025-01-23,Paid Search,Ops Manager,Mobile,APAC,51-200,1.167,12.49,False,False,Free,Free,,0
U107421,2025-01-23,Organic Search,Student / Hobby,Desktop,North America,11-50,0.679,20.77,False,False,Free,Free,,0
U101252,2025-01-23,Social,Student / Hobby,Desktop,Europe,11-50,0.25,59.57,False,False,Free,Free,,0
U106814,2025-01-23,Organic Search,Ops Manager,Tablet,North America,11-50,0.96,35.86,True,False,Free,Free,,0
U100155,2025-01-23,Organic Search,Founder,Desktop,Europe,1-10,0.575,22.78,False,False,Free,Free,,0
U102889,2025-01-23,Social,Marketing Team,Mobile,North America,1-10,0.492,19.57,True,False,Free,Free,,0
U107623,2025-01-23,Organic Search,Sales Team,Desktop,North America,11-50,1.079,27.42,True,False,Free,Free,,0
U100161,2025-01-23,Paid Search,Sales Team,Desktop,North America,201-1000,1.067,2.25,True,False,Free,Free,,0
U100230,2025-01-23,Partnership,Founder,Desktop,APAC,11-50,0.972,26.8,False,False,Free,Free,,0
U103082,2025-01-24,Paid Search,Ops Manager,Mobile,North America,1-10,1.21,25.02,False,False,Free,Free,,0
U100404,2025-01-24,Content,Ops Manager,Desktop,APAC,51-200,1.477,21.14,True,False,Free,Free,,0
U100742,2025-01-24,Social,Sales Team,Desktop,Europe,11-50,1.046,26.99,True,False,Free,Free,,0
U105635,2025-01-24,Paid Search,Founder,Desktop,North America,1-10,1.143,9.64,False,False,Free,Free,,0
U106602,2025-01-24,Organic Search,Ops Manager,Mobile,Europe,11-50,0.925,32.28,True,False,Free,Free,,0
U108236,2025-01-24,Organic Search,Marketing Team,Mobile,Europe,11-50,0.708,18.87,False,False,Free,Free,,0
U103549,2025-01-24,Organic Search,Sales Team,Mobile,North America,201-1000,1.142,18.62,False,False,Free,Free,,0
U108193,2025-01-24,Partnership,Marketing Team,Desktop,Europe,1-10,1.189,17.66,False,False,Free,Free,,0
U100769,2025-01-24,Organic Search,Marketing Team,Desktop,MEA,11-50,0.68,17.31,True,False,Free,Free,,0
U102217,2025-01-24,Referral,Marketing Team,Tablet,Europe,201-1000,1.449,11.07,False,False,Free,Free,,0
U105286,2025-01-24,Organic Search,Marketing Team,Desktop,LATAM,1000+,1.014,22.0,True,False,Free,Free,,0
U108449,2025-01-24,Referral,Student / Hobby,Desktop,APAC,1000+,0.746,17.19,False,False,Free,Free,,0
U105515,2025-01-24,Partnership,Sales Team,Mobile,North America,11-50,1.198,37.73,True,True,Trial,Free,,0
U105503,2025-01-24,Paid Search,Marketing Team,Desktop,North America,11-50,0.718,15.02,True,False,Free,Free,,0
U102489,2025-01-24,Paid Search,Sales Team,Desktop,Europe,11-50,0.912,15.14,False,False,Free,Free,,0
U107549,2025-01-24,Referral,Sales Team,Mobile,APAC,1-10,1.258,10.46,False,False,Free,Free,,0
U105462,2025-01-24,Partnership,Marketing Team,Tablet,North America,1-10,1.181,8.13,False,False,Free,Free,,0
U106324,2025-01-24,Referral,Sales Team,Mobile,North America,1-10,0.971,17.35,False,False,Free,Free,,0
U103873,2025-01-24,Paid Search,Founder,Mobile,APAC,201-1000,0.582,24.6,False,False,Free,Free,,0
U107459,2025-01-24,Organic Search,Sales Team,Desktop,APAC,1-10,1.367,10.37,False,False,Free,Free,,0
U100733,2025-01-24,Paid Search,Sales Team,Desktop,North America,51-200,0.59,22.78,True,False,Free,Free,,0
U100908,2025-01-24,Referral,Ops Manager,Mobile,North America,51-200,1.624,26.2,True,True,Paid,Scale,2025-02-01,149
U100608,2025-01-24,Paid Search,Student / Hobby,Mobile,APAC,1-10,0.362,40.0,False,False,Free,Free,,0
U104750,2025-01-24,Content,Ops Manager,Mobile,North America,201-1000,1.565,19.06,True,False,Free,Free,,0
U106226,2025-01-24,Social,Ops Manager,Desktop,MEA,11-50,1.075,31.07,False,False,Free,Free,,0
U104214,2025-01-24,Organic Search,Ops Manager,Desktop,Europe,1-10,1.267,24.45,True,False,Free,Free,,0
U103398,2025-01-24,Referral,Ops Manager,Desktop,North America,1-10,1.056,7.7,False,False,Free,Free,,0
U104515,2025-01-24,Paid Search,Ops Manager,Desktop,APAC,51-200,1.163,13.87,False,False,Free,Free,,0
U103008,2025-01-24,Paid Search,Founder,Desktop,Europe,51-200,0.646,35.48,False,False,Free,Free,,0
U103232,2025-01-24,Referral,Sales Team,Desktop,North America,11-50,1.169,13.05,True,True,Trial,Free,,0
U106258,2025-01-24,Organic Search,Sales Team,Desktop,Europe,1-10,1.009,25.64,False,False,Free,Free,,0
U106614,2025-01-24,Organic Search,Ops Manager,Tablet,North America,1-10,1.197,38.77,False,False,Free,Free,,0
U106860,2025-01-24,Content,Marketing Team,Desktop,North America,201-1000,0.835,31.51,False,False,Free,Free,,0
U105794,2025-01-24,Paid Search,Sales Team,Desktop,LATAM,1000+,1.169,9.78,False,False,Free,Free,,0
U107699,2025-01-24,Organic Search,Ops Manager,Desktop,North America,11-50,1.115,8.69,False,False,Free,Free,,0
U106427,2025-01-24,Social,Ops Manager,Mobile,North America,11-50,0.806,25.4,False,False,Free,Free,,0
U101517,2025-01-24,Organic Search,Student / Hobby,Desktop,Europe,51-200,0.485,53.48,False,False,Free,Free,,0
U107531,2025-01-24,Paid Search,Founder,Desktop,Europe,11-50,0.845,6.08,True,True,Trial,Free,,0
U101122,2025-01-24,Social,Marketing Team,Desktop,North America,1-10,0.25,168.46,False,False,Free,Free,,0
U104488,2025-01-24,Partnership,Ops Manager,Mobile,Europe,11-50,1.552,12.01,False,False,Free,Free,,0
U104677,2025-01-24,Paid Search,Marketing Team,Desktop,APAC,51-200,1.036,29.06,True,False,Free,Free,,0
U107635,2025-01-25,Referral,Ops Manager,Desktop,Europe,11-50,1.384,7.84,True,False,Free,Free,,0
U100099,2025-01-25,Content,Sales Team,Desktop,North America,51-200,0.981,10.68,False,False,Free,Free,,0
U100973,2025-01-25,Paid Search,Founder,Mobile,North America,51-200,0.922,7.87,False,False,Free,Free,,0
U107727,2025-01-25,Social,Founder,Desktop,Europe,1-10,0.945,16.25,False,False,Free,Free,,0
U102781,2025-01-25,Organic Search,Sales Team,Desktop,North America,11-50,0.947,12.1,False,False,Free,Free,,0
U102875,2025-01-25,Organic Search,Founder,Desktop,North America,1-10,1.414,4.74,True,False,Free,Free,,0
U102805,2025-01-25,Organic Search,Founder,Desktop,Europe,1-10,1.299,3.59,False,False,Free,Free,,0
U102005,2025-01-25,Referral,Marketing Team,Mobile,North America,11-50,1.417,14.15,False,False,Free,Free,,0
U104065,2025-01-25,Social,Founder,Mobile,North America,51-200,1.139,38.24,False,False,Free,Free,,0
U106002,2025-01-25,Content,Student / Hobby,Desktop,North America,201-1000,0.386,26.12,False,False,Free,Free,,0
U108370,2025-01-25,Paid Search,Sales Team,Desktop,APAC,1-10,0.522,37.53,False,False,Free,Free,,0
U106475,2025-01-25,Social,Ops Manager,Desktop,North America,51-200,0.272,13.65,False,False,Free,Free,,0
U107288,2025-01-25,Paid Search,Founder,Desktop,North America,51-200,0.933,46.03,False,False,Free,Free,,0
U100510,2025-01-25,Social,Student / Hobby,Desktop,North America,51-200,0.653,26.17,False,False,Free,Free,,0
U104372,2025-01-25,Paid Search,Sales Team,Desktop,North America,1-10,0.389,77.23,False,False,Free,Free,,0
U100389,2025-01-25,Paid Search,Founder,Desktop,Europe,11-50,0.501,37.46,False,False,Free,Free,,0
U105115,2025-01-25,Organic Search,Ops Manager,Mobile,LATAM,1-10,1.254,30.88,False,False,Free,Free,,0
U104197,2025-01-25,Organic Search,Sales Team,Desktop,Europe,51-200,0.915,15.5,False,False,Free,Free,,0
U105897,2025-01-25,Social,Ops Manager,Desktop,North America,11-50,0.869,40.53,False,False,Free,Free,,0
U100269,2025-01-25,Paid Search,Ops Manager,Mobile,MEA,51-200,0.988,1.71,False,False,Free,Free,,0
U104366,2025-01-25,Referral,Ops Manager,Tablet,North America,1-10,1.498,27.07,True,True,Trial,Free,,0
U104866,2025-01-25,Social,Sales Team,Desktop,Europe,1-10,0.494,17.93,True,False,Free,Free,,0
U106563,2025-01-25,Referral,Founder,Mobile,North America,1-10,1.669,10.37,True,True,Paid,Starter,2025-02-01,19
U108358,2025-01-25,Referral,Marketing Team,Desktop,LATAM,11-50,1.385,5.83,True,False,Free,Free,,0
U101182,2025-01-25,Paid Search,Sales Team,Mobile,North America,1000+,0.717,18.61,False,False,Free,Free,,0
U101107,2025-01-25,Paid Search,Founder,Desktop,North America,11-50,0.93,34.56,True,False,Free,Free,,0
U106092,2025-01-25,Social,Ops Manager,Desktop,North America,1-10,0.633,15.85,False,False,Free,Free,,0
U101685,2025-01-25,Referral,Founder,Desktop,North America,51-200,1.715,8.23,True,True,Paid,Growth,2025-01-27,59
U101393,2025-01-25,Organic Search,Founder,Desktop,Europe,1-10,0.857,31.15,True,False,Free,Free,,0
U106953,2025-01-25,Social,Founder,Desktop,North America,1-10,0.784,30.36,True,False,Free,Free,,0
U107079,2025-01-25,Partnership,Sales Team,Mobile,North America,1000+,0.797,5.92,True,False,Free,Free,,0
U106130,2025-01-25,Organic Search,Ops Manager,Tablet,Europe,51-200,1.333,32.74,False,False,Free,Free,,0
U100363,2025-01-25,Social,Ops Manager,Tablet,APAC,1-10,0.653,24.57,False,False,Free,Free,,0
U103245,2025-01-25,Organic Search,Sales Team,Desktop,North America,11-50,0.937,43.91,False,False,Free,Free,,0
U102191,2025-01-25,Social,Ops Manager,Desktop,Europe,1-10,1.348,25.08,False,False,Free,Free,,0
U101253,2025-01-25,Paid Search,Founder,Desktop,APAC,1-10,0.602,11.57,False,False,Free,Free,,0
U101350,2025-01-25,Content,Ops Manager,Mobile,APAC,11-50,1.46,7.55,True,True,Trial,Free,,0
U100060,2025-01-25,Organic Search,Ops Manager,Desktop,LATAM,51-200,1.362,12.88,True,False,Free,Free,,0
U107177,2025-01-25,Referral,Founder,Desktop,APAC,1-10,1.774,7.57,True,True,Trial,Free,,0
U106028,2025-01-25,Content,Ops Manager,Mobile,Europe,1-10,1.532,7.53,False,False,Free,Free,,0
U107385,2025-01-25,Organic Search,Founder,Desktop,LATAM,11-50,1.154,22.22,True,True,Paid,Starter,2025-01-29,19
U102201,2025-01-25,Social,Founder,Desktop,Europe,11-50,0.551,10.72,False,False,Free,Free,,0
U103352,2025-01-25,Referral,Sales Team,Desktop,Europe,11-50,1.161,1.28,False,False,Free,Free,,0
U104839,2025-01-26,Referral,Founder,Desktop,North America,1-10,1.466,26.67,True,True,Trial,Free,,0
U102866,2025-01-26,Paid Search,Founder,Mobile,North America,1-10,0.7,68.32,False,False,Free,Free,,0
U104908,2025-01-26,Paid Search,Sales Team,Mobile,Europe,1-10,1.238,19.63,True,True,Trial,Free,,0
U107563,2025-01-26,Referral,Founder,Desktop,APAC,1-10,1.766,13.09,False,False,Free,Free,,0
U104911,2025-01-26,Social,Student / Hobby,Desktop,North America,201-1000,0.25,35.88,False,False,Free,Free,,0
U107034,2025-01-26,Content,Ops Manager,Desktop,LATAM,1-10,1.038,5.64,True,False,Free,Free,,0
U105054,2025-01-26,Paid Search,Marketing Team,Desktop,North America,201-1000,0.577,30.34,False,False,Free,Free,,0
U105697,2025-01-26,Content,Sales Team,Desktop,North America,1-10,0.935,16.18,False,False,Free,Free,,0
U108367,2025-01-26,Referral,Ops Manager,Desktop,North America,1-10,1.942,23.13,True,True,Paid,Growth,2025-02-02,59
U100392,2025-01-26,Social,Ops Manager,Desktop,Europe,1-10,1.017,9.3,False,False,Free,Free,,0
U105193,2025-01-26,Paid Search,Ops Manager,Mobile,APAC,1-10,1.297,0.61,True,True,Trial,Free,,0
U105220,2025-01-26,Social,Founder,Desktop,North America,1-10,1.028,33.02,False,False,Free,Free,,0
U100362,2025-01-26,Paid Search,Founder,Desktop,APAC,11-50,0.833,27.47,False,False,Free,Free,,0
U106896,2025-01-26,Social,Marketing Team,Desktop,North America,1-10,0.809,31.79,False,False,Free,Free,,0
U100473,2025-01-26,Organic Search,Ops Manager,Desktop,Europe,1-10,1.29,21.94,False,False,Free,Free,,0
U106537,2025-01-26,Organic Search,Founder,Mobile,North America,11-50,1.654,1.81,False,False,Free,Free,,0
U106819,2025-01-26,Social,Founder,Desktop,APAC,201-1000,1.08,13.55,False,False,Free,Free,,0
U101765,2025-01-26,Paid Search,Founder,Mobile,North America,11-50,0.727,7.0,True,False,Free,Free,,0
U107757,2025-01-26,Organic Search,Marketing Team,Desktop,MEA,201-1000,0.85,36.72,False,False,Free,Free,,0
U100938,2025-01-26,Organic Search,Founder,Desktop,Europe,1-10,1.28,7.47,True,True,Paid,Starter,2025-01-30,19
U103154,2025-01-26,Referral,Founder,Mobile,North America,11-50,1.711,14.7,True,True,Paid,Starter,2025-02-03,19
U102421,2025-01-26,Paid Search,Founder,Mobile,North America,1-10,0.616,7.68,False,False,Free,Free,,0
U106015,2025-01-26,Content,Student / Hobby,Mobile,North America,1-10,0.793,40.03,False,False,Free,Free,,0
U102513,2025-01-26,Referral,Ops Manager,Mobile,LATAM,11-50,2.15,5.13,False,False,Free,Free,,0
U103874,2025-01-26,Organic Search,Ops Manager,Desktop,MEA,1-10,1.465,13.83,False,False,Free,Free,,0
U100193,2025-01-26,Referral,Sales Team,Desktop,Europe,11-50,0.937,25.1,False,False,Free,Free,,0
U100525,2025-01-26,Organic Search,Founder,Tablet,North America,1-10,1.158,43.4,False,False,Free,Free,,0
U107876,2025-01-26,Referral,Founder,Desktop,Europe,11-50,1.551,27.15,True,False,Free,Free,,0
U100209,2025-01-26,Paid Search,Ops Manager,Desktop,North America,11-50,0.973,6.01,False,False,Free,Free,,0
U100619,2025-01-26,Paid Search,Founder,Desktop,North America,201-1000,0.887,16.43,False,False,Free,Free,,0
U106637,2025-01-26,Organic Search,Founder,Desktop,Europe,201-1000,1.454,11.93,False,False,Free,Free,,0
U106698,2025-01-26,Organic Search,Student / Hobby,Desktop,North America,1000+,0.556,11.19,False,False,Free,Free,,0
U104514,2025-01-26,Paid Search,Sales Team,Desktop,MEA,11-50,1.036,15.53,False,False,Free,Free,,0
U105873,2025-01-26,Referral,Ops Manager,Desktop,APAC,51-200,1.526,5.52,True,True,Paid,Starter,2025-01-30,19
U101255,2025-01-26,Social,Sales Team,Mobile,APAC,51-200,0.779,10.81,False,False,Free,Free,,0
U102579,2025-01-26,Organic Search,Student / Hobby,Desktop,Europe,1-10,0.515,23.68,True,False,Free,Free,,0
U106704,2025-01-26,Organic Search,Ops Manager,Desktop,North America,11-50,2.007,8.11,False,False,Free,Free,,0
U100218,2025-01-26,Organic Search,Ops Manager,Mobile,North America,1-10,0.93,24.65,False,False,Free,Free,,0
U108306,2025-01-26,Organic Search,Sales Team,Desktop,APAC,1-10,0.92,30.4,False,False,Free,Free,,0
U108069,2025-01-27,Referral,Sales Team,Desktop,Europe,11-50,1.44,7.33,False,False,Free,Free,,0
U108115,2025-01-27,Paid Search,Sales Team,Desktop,North America,11-50,0.537,57.87,False,False,Free,Free,,0
U101275,2025-01-27,Content,Sales Team,Desktop,MEA,1-10,1.315,6.17,False,False,Free,Free,,0
U108067,2025-01-27,Referral,Student / Hobby,Mobile,North America,51-200,0.633,33.23,False,False,Free,Free,,0
U101415,2025-01-27,Organic Search,Marketing Team,Desktop,North America,11-50,1.251,4.48,True,True,Paid,Starter,2025-01-27,19
U101887,2025-01-27,Organic Search,Founder,Desktop,APAC,11-50,0.97,22.1,True,True,Trial,Free,,0
U102594,2025-01-27,Social,Marketing Team,Desktop,North America,11-50,0.941,14.46,False,False,Free,Free,,0
U102399,2025-01-27,Referral,Ops Manager,Desktop,North America,1-10,1.826,10.0,True,True,Paid,Growth,2025-02-03,59
U102266,2025-01-27,Paid Search,Ops Manager,Mobile,Europe,51-200,1.128,9.45,False,False,Free,Free,,0
U101532,2025-01-27,Organic Search,Founder,Desktop,North America,11-50,0.958,47.14,False,False,Free,Free,,0
U102099,2025-01-27,Organic Search,Sales Team,Desktop,Europe,1-10,0.956,23.01,False,False,Free,Free,,0
U101674,2025-01-27,Referral,Founder,Desktop,North America,1-10,1.656,13.27,True,True,Paid,Starter,2025-01-27,19
U106616,2025-01-27,Paid Search,Sales Team,Desktop,North America,1-10,0.79,8.78,False,False,Free,Free,,0
U108085,2025-01-27,Social,Sales Team,Desktop,North America,1-10,0.327,53.46,False,False,Free,Free,,0
U107863,2025-01-27,Organic Search,Ops Manager,Desktop,North America,11-50,1.465,22.79,False,False,Free,Free,,0
U106388,2025-01-27,Paid Search,Marketing Team,Desktop,North America,201-1000,0.609,41.53,True,False,Free,Free,,0
U100009,2025-01-27,Paid Search,Ops Manager,Desktop,Europe,51-200,0.951,18.31,False,False,Free,Free,,0
U105576,2025-01-27,Paid Search,Founder,Mobile,Europe,1-10,1.215,13.44,False,False,Free,Free,,0
U104035,2025-01-27,Referral,Sales Team,Mobile,Europe,1000+,1.638,6.64,True,True,Trial,Free,,0
U104854,2025-01-27,Organic Search,Founder,Desktop,APAC,1-10,1.178,13.68,True,False,Free,Free,,0
U102973,2025-01-27,Social,Student / Hobby,Desktop,APAC,1-10,0.25,91.59,True,False,Free,Free,,0
U104342,2025-01-27,Social,Founder,Tablet,North America,1-10,1.025,10.85,False,False,Free,Free,,0
U104306,2025-01-27,Referral,Ops Manager,Desktop,North America,1-10,1.502,11.22,False,False,Free,Free,,0
U107055,2025-01-27,Content,Sales Team,Desktop,North America,1000+,1.008,6.88,False,False,Free,Free,,0
U104653,2025-01-27,Organic Search,Ops Manager,Desktop,Europe,1-10,1.295,16.04,True,True,Paid,Starter,2025-01-30,19
U100437,2025-01-27,Content,Founder,Desktop,MEA,201-1000,1.259,27.4,True,False,Free,Free,,0
U104182,2025-01-27,Organic Search,Student / Hobby,Desktop,North America,1-10,0.688,64.31,False,False,Free,Free,,0
U106991,2025-01-27,Paid Search,Sales Team,Mobile,North America,51-200,0.914,30.79,True,False,Free,Free,,0
U105163,2025-01-27,Referral,Founder,Desktop,Europe,1-10,1.196,26.14,True,False,Free,Free,,0
U100815,2025-01-27,Social,Marketing Team,Desktop,North America,201-1000,0.697,16.62,False,False,Free,Free,,0
U105869,2025-01-27,Organic Search,Marketing Team,Desktop,North America,51-200,0.76,8.83,False,False,Free,Free,,0
U100805,2025-01-27,Content,Ops Manager,Mobile,LATAM,1-10,1.04,22.48,False,False,Free,Free,,0
U102890,2025-01-27,Paid Search,Ops Manager,Desktop,North America,11-50,1.119,15.65,False,False,Free,Free,,0
U105169,2025-01-27,Social,Sales Team,Desktop,North America,11-50,0.492,23.81,False,False,Free,Free,,0
U100964,2025-01-27,Organic Search,Student / Hobby,Desktop,MEA,51-200,0.369,36.38,False,False,Free,Free,,0
U103788,2025-01-27,Organic Search,Founder,Desktop,Europe,1-10,1.274,10.34,True,True,Paid,Scale,2025-02-02,149
U104654,2025-01-27,Organic Search,Founder,Desktop,APAC,11-50,1.178,8.01,True,False,Free,Free,,0
U105476,2025-01-27,Referral,Student / Hobby,Desktop,North America,11-50,0.666,14.68,False,False,Free,Free,,0
U101040,2025-01-27,Social,Founder,Desktop,North America,1-10,1.053,18.47,True,True,Paid,Growth,2025-01-31,59
U103668,2025-01-27,Organic Search,Ops Manager,Desktop,MEA,1-10,1.248,10.45,True,False,Free,Free,,0
U104341,2025-01-27,Organic Search,Marketing Team,Mobile,Europe,11-50,0.592,17.1,False,False,Free,Free,,0
U107309,2025-01-27,Organic Search,Founder,Tablet,LATAM,1000+,0.835,29.04,True,False,Free,Free,,0
U106033,2025-01-27,Referral,Ops Manager,Desktop,North America,11-50,1.6,6.71,False,False,Free,Free,,0
U107388,2025-01-27,Organic Search,Sales Team,Desktop,Europe,11-50,1.005,3.26,False,False,Free,Free,,0
U106118,2025-01-28,Organic Search,Student / Hobby,Desktop,North America,1-10,0.302,38.1,False,False,Free,Free,,0
U107350,2025-01-28,Organic Search,Marketing Team,Mobile,Europe,1000+,0.419,60.85,False,False,Free,Free,,0
U106364,2025-01-28,Organic Search,Student / Hobby,Desktop,North America,201-1000,0.651,51.05,False,False,Free,Free,,0
U100888,2025-01-28,Content,Sales Team,Mobile,Europe,1000+,0.967,3.82,False,False,Free,Free,,0
U107539,2025-01-28,Social,Founder,Desktop,North America,11-50,0.82,51.62,False,False,Free,Free,,0
U103128,2025-01-28,Social,Ops Manager,Desktop,North America,201-1000,0.935,15.19,False,False,Free,Free,,0
U105793,2025-01-28,Organic Search,Marketing Team,Mobile,MEA,11-50,1.198,7.56,False,False,Free,Free,,0
U107133,2025-01-28,Social,Sales Team,Mobile,LATAM,1-10,0.441,29.99,False,False,Free,Free,,0
U104505,2025-01-28,Organic Search,Student / Hobby,Mobile,Europe,11-50,0.832,25.44,False,False,Free,Free,,0
U103495,2025-01-28,Organic Search,Ops Manager,Desktop,LATAM,1-10,1.643,8.6,True,True,Paid,Growth,2025-01-31,59
U107197,2025-01-28,Organic Search,Founder,Desktop,Europe,201-1000,1.126,13.58,False,False,Free,Free,,0
U100217,2025-01-28,Social,Founder,Desktop,North America,11-50,0.62,48.0,False,False,Free,Free,,0
U104284,2025-01-28,Paid Search,Ops Manager,Desktop,North America,201-1000,0.932,22.34,False,False,Free,Free,,0
U100207,2025-01-28,Paid Search,Ops Manager,Mobile,North America,51-200,0.81,16.77,False,False,Free,Free,,0
U100037,2025-01-28,Paid Search,Marketing Team,Mobile,North America,51-200,0.697,39.72,False,False,Free,Free,,0
U107284,2025-01-28,Referral,Marketing Team,Desktop,Europe,11-50,1.364,3.43,False,False,Free,Free,,0
U103602,2025-01-28,Referral,Student / Hobby,Desktop,North America,11-50,1.13,12.7,False,False,Free,Free,,0
U103962,2025-01-28,Social,Marketing Team,Desktop,Europe,11-50,0.571,49.67,False,False,Free,Free,,0
U102059,2025-01-28,Referral,Founder,Desktop,Europe,1-10,1.627,5.2,True,False,Free,Free,,0
U107811,2025-01-28,Paid Search,Marketing Team,Desktop,LATAM,51-200,0.692,49.88,False,False,Free,Free,,0
U102102,2025-01-28,Organic Search,Student / Hobby,Desktop,MEA,11-50,0.544,55.23,False,False,Free,Free,,0
U107339,2025-01-28,Referral,Founder,Mobile,North America,1-10,1.779,4.51,True,True,Trial,Free,,0
U106023,2025-01-28,Paid Search,Founder,Desktop,MEA,1-10,0.712,39.46,False,False,Free,Free,,0
U106108,2025-01-28,Paid Search,Founder,Desktop,LATAM,11-50,1.464,5.9,False,False,Free,Free,,0
U101769,2025-01-28,Organic Search,Founder,Desktop,North America,11-50,0.748,71.64,True,False,Free,Free,,0
U103236,2025-01-28,Paid Search,Founder,Desktop,APAC,11-50,1.061,24.65,True,True,Paid,Growth,2025-02-02,59
U106724,2025-01-28,Content,Student / Hobby,Desktop,MEA,201-1000,0.794,33.62,False,False,Free,Free,,0
U101551,2025-01-28,Organic Search,Sales Team,Mobile,Europe,11-50,0.528,40.82,False,False,Free,Free,,0
U101003,2025-01-28,Organic Search,Founder,Desktop,North America,1-10,1.216,21.2,False,False,Free,Free,,0
U106295,2025-01-28,Paid Search,Ops Manager,Desktop,APAC,51-200,1.157,19.76,False,False,Free,Free,,0
U101511,2025-01-28,Paid Search,Ops Manager,Desktop,LATAM,1000+,1.209,11.75,False,False,Free,Free,,0
U104739,2025-01-28,Organic Search,Ops Manager,Desktop,North America,51-200,1.201,22.9,True,False,Free,Free,,0
U105659,2025-01-28,Organic Search,Ops Manager,Desktop,Europe,51-200,0.862,11.86,False,False,Free,Free,,0
U104678,2025-01-28,Referral,Marketing Team,Desktop,APAC,1000+,1.331,23.79,True,True,Paid,Starter,2025-02-03,19
U105664,2025-01-28,Referral,Founder,Mobile,APAC,1-10,1.859,5.42,True,True,Paid,Starter,2025-02-02,19
U100963,2025-01-28,Social,Marketing Team,Tablet,North America,11-50,0.25,51.03,False,False,Free,Free,,0
U105441,2025-01-28,Paid Search,Ops Manager,Desktop,North America,51-200,1.226,29.19,False,False,Free,Free,,0
U101052,2025-01-28,Paid Search,Founder,Desktop,APAC,11-50,1.076,7.65,False,False,Free,Free,,0
U100335,2025-01-28,Referral,Sales Team,Desktop,North America,1-10,1.286,18.89,True,False,Free,Free,,0
U100341,2025-01-29,Social,Founder,Desktop,APAC,11-50,0.841,60.62,True,False,Free,Free,,0
U106391,2025-01-29,Paid Search,Ops Manager,Desktop,LATAM,51-200,1.112,38.12,True,False,Free,Free,,0
U104617,2025-01-29,Organic Search,Marketing Team,Desktop,North America,11-50,0.916,21.83,False,False,Free,Free,,0
U106394,2025-01-29,Paid Search,Founder,Desktop,LATAM,1-10,1.306,1.65,True,True,Paid,Starter,2025-01-29,19
U104188,2025-01-29,Referral,Founder,Desktop,North America,201-1000,1.939,12.54,True,True,Trial,Free,,0
U106057,2025-01-29,Social,Ops Manager,Mobile,APAC,1-10,0.676,6.38,False,False,Free,Free,,0
U107434,2025-01-29,Paid Search,Ops Manager,Mobile,North America,51-200,1.413,2.66,False,False,Free,Free,,0
U105910,2025-01-29,Organic Search,Founder,Mobile,Europe,11-50,1.432,16.5,False,False,Free,Free,,0
U100671,2025-01-29,Paid Search,Ops Manager,Desktop,Europe,1-10,1.152,2.65,True,False,Free,Free,,0
U100679,2025-01-29,Social,Ops Manager,Desktop,North America,51-200,0.879,17.58,False,False,Free,Free,,0
U106663,2025-01-29,Referral,Founder,Mobile,LATAM,1-10,1.492,17.02,True,True,Paid,Starter,2025-01-31,19
U104043,2025-01-29,Organic Search,Founder,Mobile,North America,11-50,1.426,17.76,False,False,Free,Free,,0
U101240,2025-01-29,Paid Search,Student / Hobby,Desktop,APAC,51-200,0.25,15.35,False,False,Free,Free,,0
U103899,2025-01-29,Partnership,Sales Team,Tablet,North America,1-10,1.409,1.75,True,True,Trial,Free,,0
U106430,2025-01-29,Paid Search,Ops Manager,Desktop,APAC,1-10,0.998,32.42,True,False,Free,Free,,0
U102780,2025-01-29,Paid Search,Sales Team,Tablet,Europe,1-10,0.801,19.44,False,False,Free,Free,,0
U102728,2025-01-29,Organic Search,Founder,Mobile,Europe,1-10,1.052,14.16,False,False,Free,Free,,0
U102237,2025-01-29,Social,Ops Manager,Desktop,Europe,201-1000,1.106,44.19,True,False,Free,Free,,0
U105227,2025-01-29,Partnership,Founder,Mobile,LATAM,1-10,1.54,5.7,True,False,Free,Free,,0
U103812,2025-01-29,Referral,Marketing Team,Mobile,North America,1-10,1.51,6.5,False,False,Free,Free,,0
U107997,2025-01-29,Referral,Ops Manager,Desktop,Europe,11-50,1.46,17.53,True,False,Free,Free,,0
U101189,2025-01-29,Paid Search,Founder,Desktop,North America,11-50,0.996,40.32,True,True,Paid,Scale,2025-01-29,149
U100302,2025-01-29,Content,Ops Manager,Mobile,APAC,11-50,1.411,9.49,False,False,Free,Free,,0
U107137,2025-01-29,Organic Search,Ops Manager,Desktop,APAC,51-200,1.307,12.8,True,True,Trial,Free,,0
U101803,2025-01-29,Content,Ops Manager,Desktop,Europe,1-10,1.541,23.85,False,False,Free,Free,,0
U100918,2025-01-29,Organic Search,Sales Team,Desktop,North America,201-1000,0.889,21.85,False,False,Free,Free,,0
U101117,2025-01-29,Paid Search,Sales Team,Mobile,North America,201-1000,0.982,17.77,False,False,Free,Free,,0
U106192,2025-01-29,Paid Search,Marketing Team,Desktop,North America,1-10,0.501,60.14,False,False,Free,Free,,0
U106676,2025-01-29,Referral,Ops Manager,Desktop,Europe,201-1000,1.639,11.2,True,True,Trial,Free,,0
U106070,2025-01-29,Referral,Founder,Desktop,MEA,1-10,1.781,6.72,False,False,Free,Free,,0
U104789,2025-01-29,Paid Search,Ops Manager,Desktop,Europe,1-10,1.028,25.88,True,False,Free,Free,,0
U102379,2025-01-29,Referral,Student / Hobby,Desktop,APAC,51-200,0.778,56.56,False,False,Free,Free,,0
U104847,2025-01-29,Organic Search,Marketing Team,Desktop,North America,1-10,0.812,18.45,False,False,Free,Free,,0
U104705,2025-01-29,Social,Student / Hobby,Desktop,North America,201-1000,0.449,29.19,False,False,Free,Free,,0
U104849,2025-01-29,Paid Search,Founder,Desktop,Europe,11-50,0.976,41.05,False,False,Free,Free,,0
U107224,2025-01-29,Organic Search,Sales Team,Desktop,North America,1-10,0.74,12.35,False,False,Free,Free,,0
U103369,2025-01-29,Paid Search,Ops Manager,Mobile,North America,1-10,1.106,27.7,False,False,Free,Free,,0
U100474,2025-01-29,Referral,Ops Manager,Desktop,North America,11-50,1.56,7.61,False,False,Free,Free,,0
U108226,2025-01-29,Social,Sales Team,Mobile,Europe,11-50,0.548,51.44,False,False,Free,Free,,0
U101654,2025-01-29,Organic Search,Ops Manager,Mobile,LATAM,1-10,1.548,13.13,False,False,Free,Free,,0
U103412,2025-01-29,Referral,Ops Manager,Desktop,North America,1-10,1.252,10.03,False,False,Free,Free,,0
U100050,2025-01-30,Organic Search,Ops Manager,Desktop,North America,1-10,1.014,8.23,False,False,Free,Free,,0
U101368,2025-01-30,Social,Sales Team,Mobile,Europe,11-50,0.812,7.64,False,False,Free,Free,,0
U105468,2025-01-30,Paid Search,Marketing Team,Desktop,LATAM,11-50,0.881,12.98,False,False,Free,Free,,0
U101602,2025-01-30,Organic Search,Ops Manager,Desktop,North America,1-10,1.063,3.0,True,True,Trial,Free,,0
U108348,2025-01-30,Paid Search,Founder,Desktop,Europe,51-200,1.31,20.48,True,True,Paid,Growth,2025-02-03,59
U103891,2025-01-30,Paid Search,Marketing Team,Desktop,LATAM,1-10,0.764,27.19,True,False,Free,Free,,0
U100310,2025-01-30,Referral,Founder,Mobile,North America,51-200,1.183,13.05,False,False,Free,Free,,0
U100545,2025-01-30,Organic Search,Sales Team,Mobile,LATAM,51-200,1.109,25.91,True,False,Free,Free,,0
U104539,2025-01-30,Organic Search,Sales Team,Desktop,APAC,1-10,1.089,7.15,False,False,Free,Free,,0
U101757,2025-01-30,Paid Search,Marketing Team,Mobile,North America,51-200,0.473,75.86,False,False,Free,Free,,0
U107058,2025-01-30,Partnership,Founder,Desktop,APAC,1-10,1.319,18.41,False,False,Free,Free,,0
U106855,2025-01-30,Referral,Ops Manager,Desktop,North America,1-10,2.05,15.89,True,True,Paid,Growth,2025-02-02,59
U105363,2025-01-30,Partnership,Founder,Tablet,North America,51-200,1.405,1.49,True,True,Paid,Growth,2025-02-06,59
U105241,2025-01-30,Paid Search,Ops Manager,Desktop,Europe,1000+,0.854,10.37,False,False,Free,Free,,0
U107912,2025-01-30,Organic Search,Founder,Desktop,MEA,11-50,0.821,17.14,True,True,Paid,Starter,2025-02-07,19
U104676,2025-01-30,Content,Founder,Desktop,North America,201-1000,0.885,29.18,False,False,Free,Free,,0
U102013,2025-01-30,Organic Search,Marketing Team,Desktop,Europe,1-10,0.837,3.34,False,False,Free,Free,,0
U104428,2025-01-30,Referral,Founder,Desktop,LATAM,11-50,1.604,22.8,True,False,Free,Free,,0
U100231,2025-01-30,Social,Founder,Desktop,APAC,11-50,0.684,17.9,False,False,Free,Free,,0
U102008,2025-01-30,Content,Founder,Desktop,Europe,1-10,1.339,8.26,True,False,Free,Free,,0
U107961,2025-01-30,Paid Search,Marketing Team,Desktop,North America,11-50,0.602,31.56,False,False,Free,Free,,0
U103929,2025-01-30,Referral,Ops Manager,Desktop,North America,1-10,1.778,5.24,True,False,Free,Free,,0
U105903,2025-01-30,Social,Marketing Team,Desktop,North America,1-10,0.972,17.66,False,False,Free,Free,,0
U101054,2025-01-30,Organic Search,Founder,Desktop,North America,51-200,1.582,4.45,True,False,Free,Free,,0
U103163,2025-01-30,Referral,Ops Manager,Mobile,Europe,11-50,1.51,7.6,False,False,Free,Free,,0
U102714,2025-01-30,Organic Search,Founder,Desktop,North America,11-50,1.453,8.25,True,False,Free,Free,,0
U107659,2025-01-30,Partnership,Ops Manager,Mobile,APAC,1-10,1.71,7.44,False,False,Free,Free,,0
U106262,2025-01-30,Content,Ops Manager,Mobile,LATAM,201-1000,1.302,22.76,True,False,Free,Free,,0
U107624,2025-01-30,Partnership,Ops Manager,Desktop,Europe,51-200,1.507,5.17,True,True,Paid,Scale,2025-02-05,149
U103026,2025-01-30,Social,Sales Team,Desktop,APAC,11-50,0.945,40.74,False,False,Free,Free,,0
U101105,2025-01-30,Referral,Ops Manager,Mobile,LATAM,11-50,1.593,8.96,True,True,Trial,Free,,0
U103225,2025-01-30,Social,Founder,Tablet,North America,201-1000,0.95,19.1,True,False,Free,Free,,0
U103270,2025-01-30,Referral,Sales Team,Desktop,North America,51-200,1.257,6.54,True,False,Free,Free,,0
U106100,2025-01-30,Organic Search,Founder,Tablet,North America,1-10,1.372,24.35,True,False,Free,Free,,0
U103391,2025-01-30,Social,Ops Manager,Desktop,Europe,1-10,0.833,26.89,False,False,Free,Free,,0
U102334,2025-01-30,Paid Search,Student / Hobby,Desktop,Europe,11-50,0.25,62.62,False,False,Free,Free,,0
U100153,2025-01-30,Social,Student / Hobby,Desktop,Europe,51-200,0.25,202.61,False,False,Free,Free,,0
U103572,2025-01-30,Referral,Marketing Team,Desktop,North America,11-50,1.556,16.04,True,False,Free,Free,,0
U100059,2025-01-30,Organic Search,Ops Manager,Mobile,Europe,51-200,1.569,11.55,False,False,Free,Free,,0
U108252,2025-01-30,Paid Search,Ops Manager,Desktop,APAC,1000+,1.003,11.78,False,False,Free,Free,,0
U103978,2025-01-30,Social,Student / Hobby,Mobile,APAC,1-10,0.377,22.32,False,False,Free,Free,,0
U102184,2025-01-30,Content,Ops Manager,Desktop,APAC,1-10,1.102,21.63,True,False,Free,Free,,0
U100764,2025-01-30,Partnership,Ops Manager,Desktop,Europe,11-50,1.87,11.87,True,False,Free,Free,,0
U107358,2025-01-30,Organic Search,Ops Manager,Mobile,North America,201-1000,1.285,5.52,False,False,Free,Free,,0
U101151,2025-01-31,Paid Search,Student / Hobby,Desktop,APAC,11-50,0.25,85.26,False,False,Free,Free,,0
U107376,2025-01-31,Social,Ops Manager,Desktop,North America,1-10,0.913,6.53,False,False,Free,Free,,0
U107828,2025-01-31,Organic Search,Founder,Desktop,North America,1-10,1.51,10.94,False,False,Free,Free,,0
U100204,2025-01-31,Content,Founder,Mobile,Europe,1-10,1.156,19.34,False,False,Free,Free,,0
U102606,2025-01-31,Referral,Sales Team,Desktop,LATAM,11-50,0.901,37.14,False,False,Free,Free,,0
U102891,2025-01-31,Organic Search,Student / Hobby,Desktop,LATAM,11-50,0.723,3.88,False,False,Free,Free,,0
U100417,2025-01-31,Organic Search,Founder,Desktop,LATAM,1-10,1.196,40.86,False,False,Free,Free,,0
U104369,2025-01-31,Referral,Ops Manager,Mobile,North America,51-200,1.628,31.68,False,False,Free,Free,,0
U105064,2025-01-31,Organic Search,Founder,Desktop,Europe,11-50,0.999,28.28,True,True,Trial,Free,,0
U105325,2025-01-31,Social,Ops Manager,Mobile,MEA,1-10,0.841,13.24,False,False,Free,Free,,0
U106224,2025-01-31,Social,Founder,Desktop,Europe,1-10,0.778,20.8,False,False,Free,Free,,0
U100264,2025-01-31,Partnership,Marketing Team,Desktop,LATAM,11-50,1.555,20.08,False,False,Free,Free,,0
U103215,2025-01-31,Paid Search,Founder,Mobile,North America,51-200,0.966,8.02,False,False,Free,Free,,0
U100261,2025-01-31,Social,Ops Manager,Desktop,North America,201-1000,0.539,3.45,False,False,Free,Free,,0
U100462,2025-01-31,Referral,Marketing Team,Desktop,North America,1-10,1.011,3.64,False,False,Free,Free,,0
U103189,2025-01-31,Paid Search,Sales Team,Desktop,North America,11-50,0.763,1.65,False,False,Free,Free,,0
U106558,2025-01-31,Organic Search,Founder,Desktop,APAC,1-10,1.019,17.98,True,False,Free,Free,,0
U105757,2025-01-31,Paid Search,Marketing Team,Desktop,North America,51-200,0.669,23.55,False,False,Free,Free,,0
U107110,2025-01-31,Organic Search,Founder,Mobile,North America,1-10,1.534,36.8,True,False,Free,Free,,0
U102477,2025-01-31,Social,Sales Team,Mobile,Europe,1-10,0.844,28.39,False,False,Free,Free,,0
U102517,2025-01-31,Organic Search,Marketing Team,Mobile,North America,51-200,0.89,12.33,False,False,Free,Free,,0
U106205,2025-01-31,Content,Sales Team,Desktop,Europe,1-10,1.167,30.75,False,False,Free,Free,,0
U100128,2025-01-31,Content,Sales Team,Desktop,North America,11-50,1.047,17.67,False,False,Free,Free,,0
U105326,2025-01-31,Partnership,Ops Manager,Desktop,Europe,1-10,1.613,3.36,False,False,Free,Free,,0
U107587,2025-01-31,Referral,Ops Manager,Desktop,APAC,1-10,1.66,22.25,True,False,Free,Free,,0
U103972,2025-01-31,Paid Search,Founder,Desktop,APAC,11-50,1.067,17.15,True,True,Trial,Free,,0
U103607,2025-01-31,Organic Search,Student / Hobby,Desktop,North America,1-10,0.88,11.35,False,False,Free,Free,,0
U103901,2025-01-31,Organic Search,Student / Hobby,Mobile,LATAM,11-50,0.408,29.74,False,False,Free,Free,,0
U100806,2025-01-31,Social,Marketing Team,Desktop,North America,51-200,0.783,52.9,False,False,Free,Free,,0
U103970,2025-01-31,Content,Ops Manager,Desktop,MEA,1-10,1.532,2.98,False,False,Free,Free,,0
U107665,2025-01-31,Paid Search,Founder,Mobile,Europe,51-200,1.059,17.06,True,False,Free,Free,,0
U107294,2025-01-31,Social,Ops Manager,Desktop,North America,11-50,0.646,61.44,False,False,Free,Free,,0
U105488,2025-01-31,Organic Search,Sales Team,Tablet,APAC,1-10,1.093,11.36,False,False,Free,Free,,0
U102049,2025-01-31,Paid Search,Founder,Desktop,APAC,1-10,0.748,24.11,False,False,Free,Free,,0
U101165,2025-01-31,Content,Marketing Team,Desktop,MEA,11-50,1.369,16.65,False,False,Free,Free,,0
U105404,2025-01-31,Organic Search,Ops Manager,Mobile,APAC,51-200,1.141,20.54,False,False,Free,Free,,0
U105371,2025-01-31,Social,Student / Hobby,Desktop,North America,11-50,0.537,13.02,False,False,Free,Free,,0
U105519,2025-01-31,Referral,Student / Hobby,Desktop,North America,11-50,0.406,28.37,False,False,Free,Free,,0
U107972,2025-02-01,Paid Search,Marketing Team,Mobile,North America,11-50,0.498,13.26,False,False,Free,Free,,0
U106027,2025-02-01,Social,Founder,Desktop,Europe,1-10,0.541,53.24,False,False,Free,Free,,0
U102383,2025-02-01,Partnership,Ops Manager,Desktop,APAC,51-200,1.766,2.91,True,False,Free,Free,,0
U101990,2025-02-01,Paid Search,Founder,Mobile,Europe,1-10,0.574,56.21,False,False,Free,Free,,0
U104414,2025-02-01,Social,Founder,Desktop,APAC,1-10,0.564,24.35,False,False,Free,Free,,0
U107894,2025-02-01,Organic Search,Sales Team,Desktop,Europe,11-50,1.168,7.11,False,False,Free,Free,,0
U105042,2025-02-01,Partnership,Sales Team,Mobile,APAC,1-10,1.445,3.59,False,False,Free,Free,,0
U104457,2025-02-01,Paid Search,Sales Team,Desktop,Europe,51-200,0.852,26.71,False,False,Free,Free,,0
U104466,2025-02-01,Social,Sales Team,Mobile,North America,11-50,0.894,13.8,False,False,Free,Free,,0
U100552,2025-02-01,Social,Ops Manager,Desktop,Europe,51-200,0.826,18.19,False,False,Free,Free,,0
U103058,2025-02-01,Social,Founder,Mobile,North America,11-50,1.054,29.5,False,False,Free,Free,,0
U102953,2025-02-01,Organic Search,Founder,Desktop,North America,11-50,1.002,26.67,False,False,Free,Free,,0
U100762,2025-02-01,Referral,Sales Team,Mobile,North America,201-1000,1.356,8.75,False,False,Free,Free,,0
U106515,2025-02-01,Organic Search,Marketing Team,Desktop,North America,1-10,0.944,21.25,False,False,Free,Free,,0
U106339,2025-02-01,Paid Search,Ops Manager,Mobile,APAC,11-50,0.978,34.5,True,False,Free,Free,,0
U102376,2025-02-01,Paid Search,Marketing Team,Mobile,North America,11-50,1.132,8.39,False,False,Free,Free,,0
U105560,2025-02-01,Referral,Sales Team,Desktop,Europe,201-1000,1.209,13.3,False,False,Free,Free,,0
U105943,2025-02-01,Paid Search,Student / Hobby,Mobile,Europe,1-10,0.25,74.93,False,False,Free,Free,,0
U105419,2025-02-01,Organic Search,Founder,Desktop,Europe,1-10,0.934,11.75,True,False,Free,Free,,0
U102174,2025-02-01,Organic Search,Founder,Mobile,Europe,11-50,1.504,7.01,False,False,Free,Free,,0
U105571,2025-02-01,Referral,Sales Team,Mobile,North America,51-200,1.267,18.43,True,False,Free,Free,,0
U100376,2025-02-01,Organic Search,Marketing Team,Mobile,APAC,1-10,0.854,24.59,False,False,Free,Free,,0
U104720,2025-02-01,Social,Ops Manager,Desktop,North America,201-1000,0.896,42.58,True,True,Trial,Free,,0
U106198,2025-02-01,Paid Search,Sales Team,Mobile,MEA,51-200,0.62,13.19,False,False,Free,Free,,0
U104252,2025-02-01,Referral,Founder,Desktop,North America,51-200,1.45,23.62,True,False,Free,Free,,0
U102903,2025-02-01,Paid Search,Sales Team,Desktop,Europe,1-10,0.797,49.19,False,False,Free,Free,,0
U105078,2025-02-01,Content,Student / Hobby,Mobile,Europe,201-1000,0.622,65.73,False,False,Free,Free,,0
U100849,2025-02-01,Paid Search,Ops Manager,Desktop,Europe,201-1000,0.939,5.08,False,False,Free,Free,,0
U104881,2025-02-01,Organic Search,Founder,Desktop,APAC,11-50,1.352,7.31,False,False,Free,Free,,0
U102526,2025-02-01,Organic Search,Ops Manager,Desktop,APAC,11-50,1.484,2.45,False,False,Free,Free,,0
U107730,2025-02-01,Paid Search,Founder,Desktop,North America,1-10,1.059,9.76,False,False,Free,Free,,0
U102360,2025-02-01,Referral,Sales Team,Tablet,North America,1-10,1.176,7.53,True,False,Free,Free,,0
U101529,2025-02-01,Organic Search,Sales Team,Mobile,Europe,11-50,0.932,26.52,False,False,Free,Free,,0
U101915,2025-02-01,Referral,Ops Manager,Desktop,Europe,1-10,1.756,19.83,False,False,Free,Free,,0
U106512,2025-02-01,Paid Search,Ops Manager,Desktop,APAC,11-50,0.901,12.81,False,False,Free,Free,,0
U102912,2025-02-01,Referral,Student / Hobby,Desktop,Europe,1-10,0.905,35.45,False,False,Free,Free,,0
U100469,2025-02-01,Organic Search,Founder,Desktop,North America,1-10,0.913,7.77,True,False,Free,Free,,0
U106314,2025-02-02,Organic Search,Founder,Mobile,North America,1-10,1.211,15.42,False,False,Free,Free,,0
U105568,2025-02-02,Social,Marketing Team,Mobile,LATAM,1-10,0.944,34.23,False,False,Free,Free,,0
U100985,2025-02-02,Organic Search,Founder,Mobile,APAC,1-10,1.144,11.69,True,False,Free,Free,,0
U101443,2025-02-02,Paid Search,Founder,Desktop,North America,51-200,1.171,47.75,False,False,Free,Free,,0
U106895,2025-02-02,Organic Search,Sales Team,Mobile,MEA,1-10,0.974,49.14,False,False,Free,Free,,0
U105263,2025-02-02,Social,Ops Manager,Tablet,North America,201-1000,1.117,19.05,False,False,Free,Free,,0
U105440,2025-02-02,Social,Marketing Team,Desktop,North America,201-1000,0.658,12.45,False,False,Free,Free,,0
U100091,2025-02-02,Paid Search,Sales Team,Mobile,MEA,51-200,0.706,18.52,False,False,Free,Free,,0
U106711,2025-02-02,Organic Search,Founder,Desktop,North America,1-10,1.029,11.87,False,False,Free,Free,,0
U108066,2025-02-02,Paid Search,Founder,Desktop,APAC,1-10,0.728,22.23,True,False,Free,Free,,0
U101004,2025-02-02,Paid Search,Founder,Desktop,Europe,1-10,0.925,32.56,False,False,Free,Free,,0
U104936,2025-02-02,Paid Search,Ops Manager,Tablet,North America,11-50,1.491,7.61,True,False,Free,Free,,0
U102916,2025-02-02,Paid Search,Founder,Desktop,Europe,1-10,1.202,13.04,False,False,Free,Free,,0
U100268,2025-02-02,Social,Ops Manager,Desktop,North America,1-10,1.206,9.79,False,False,Free,Free,,0
U101396,2025-02-02,Paid Search,Ops Manager,Desktop,North America,1-10,1.13,12.92,False,False,Free,Free,,0
U102683,2025-02-02,Social,Marketing Team,Desktop,Europe,11-50,0.691,6.95,False,False,Free,Free,,0
U106216,2025-02-02,Content,Ops Manager,Desktop,North America,1-10,0.732,24.98,True,False,Free,Free,,0
U100442,2025-02-02,Organic Search,Ops Manager,Desktop,North America,201-1000,1.175,13.58,False,False,Free,Free,,0
U102951,2025-02-02,Social,Marketing Team,Desktop,Europe,11-50,0.654,70.68,False,False,Free,Free,,0
U101519,2025-02-02,Organic Search,Marketing Team,Mobile,North America,1000+,0.923,36.23,True,False,Free,Free,,0
U106398,2025-02-02,Social,Student / Hobby,Mobile,APAC,11-50,0.58,17.99,False,False,Free,Free,,0
U104660,2025-02-02,Social,Founder,Desktop,Europe,11-50,0.708,14.53,False,False,Free,Free,,0
U106004,2025-02-02,Organic Search,Sales Team,Desktop,Europe,11-50,0.856,25.43,False,False,Free,Free,,0
U108247,2025-02-02,Organic Search,Founder,Mobile,APAC,1-10,0.984,13.55,False,False,Free,Free,,0
U104079,2025-02-02,Referral,Founder,Desktop,LATAM,1-10,1.623,21.52,True,True,Paid,Growth,2025-02-02,59
U101843,2025-02-02,Paid Search,Ops Manager,Mobile,North America,1-10,0.974,5.19,False,False,Free,Free,,0
U103539,2025-02-02,Referral,Ops Manager,Desktop,APAC,1-10,1.687,17.64,False,False,Free,Free,,0
U104126,2025-02-02,Paid Search,Ops Manager,Desktop,Europe,201-1000,0.942,14.62,False,False,Free,Free,,0
U104388,2025-02-02,Referral,Sales Team,Desktop,Europe,1-10,1.602,5.81,True,True,Paid,Starter,2025-02-09,19
U100029,2025-02-02,Paid Search,Student / Hobby,Desktop,North America,1-10,0.308,143.44,False,False,Free,Free,,0
U101904,2025-02-02,Partnership,Sales Team,Desktop,North America,11-50,0.952,14.57,True,True,Paid,Growth,2025-02-08,59
U100195,2025-02-02,Social,Student / Hobby,Desktop,APAC,1-10,0.357,84.09,False,False,Free,Free,,0
U104840,2025-02-02,Paid Search,Ops Manager,Desktop,North America,11-50,0.905,57.9,False,False,Free,Free,,0
U104286,2025-02-02,Organic Search,Sales Team,Desktop,North America,201-1000,1.33,15.06,False,False,Free,Free,,0
U103425,2025-02-02,Paid Search,Founder,Mobile,Europe,1-10,0.513,8.22,False,False,Free,Free,,0
U105874,2025-02-02,Referral,Ops Manager,Desktop,MEA,11-50,1.432,6.5,False,False,Free,Free,,0
U101154,2025-02-02,Organic Search,Ops Manager,Desktop,LATAM,1-10,1.531,5.44,True,False,Free,Free,,0
U103528,2025-02-02,Referral,Sales Team,Mobile,North America,1-10,1.453,15.52,False,False,Free,Free,,0
U104224,2025-02-02,Content,Sales Team,Mobile,North America,11-50,1.089,14.58,False,False,Free,Free,,0
U106063,2025-02-02,Content,Ops Manager,Tablet,LATAM,11-50,1.248,19.46,True,True,Trial,Free,,0
U107444,2025-02-02,Social,Student / Hobby,Mobile,North America,11-50,0.25,37.39,False,False,Free,Free,,0
U103199,2025-02-02,Paid Search,Founder,Desktop,North America,1-10,1.13,6.22,True,False,Free,Free,,0
U103794,2025-02-02,Organic Search,Ops Manager,Mobile,North America,51-200,1.688,13.49,True,True,Trial,Free,,0
U100703,2025-02-02,Paid Search,Sales Team,Desktop,APAC,51-200,0.772,21.09,True,False,Free,Free,,0
U102209,2025-02-02,Partnership,Ops Manager,Desktop,APAC,11-50,1.62,3.63,True,True,Paid,Starter,2025-02-08,19
U105735,2025-02-02,Partnership,Sales Team,Mobile,Europe,201-1000,0.867,6.39,False,False,Free,Free,,0
U105962,2025-02-02,Social,Marketing Team,Desktop,APAC,1-10,0.48,26.71,False,False,Free,Free,,0
U106017,2025-02-02,Social,Founder,Desktop,Europe,51-200,0.946,29.97,False,False,Free,Free,,0
U100523,2025-02-02,Paid Search,Marketing Team,Desktop,North America,1-10,0.343,57.91,False,False,Free,Free,,0
U106446,2025-02-02,Organic Search,Ops Manager,Desktop,LATAM,1-10,1.474,7.73,False,False,Free,Free,,0
U103706,2025-02-02,Referral,Sales Team,Desktop,Europe,1-10,1.628,16.84,True,False,Free,Free,,0
U101111,2025-02-02,Organic Search,Student / Hobby,Desktop,Europe,11-50,0.373,59.89,False,False,Free,Free,,0
U101964,2025-02-02,Social,Ops Manager,Desktop,MEA,1-10,1.369,9.93,True,False,Free,Free,,0
U101784,2025-02-02,Organic Search,Founder,Mobile,North America,11-50,1.35,29.36,True,False,Free,Free,,0
U106142,2025-02-02,Organic Search,Ops Manager,Desktop,North America,11-50,1.109,26.48,False,False,Free,Free,,0
U108453,2025-02-02,Paid Search,Founder,Desktop,APAC,1-10,0.645,31.45,False,False,Free,Free,,0
U107140,2025-02-02,Organic Search,Ops Manager,Mobile,APAC,1-10,1.384,30.94,True,True,Trial,Free,,0
U102009,2025-02-02,Paid Search,Marketing Team,Desktop,APAC,11-50,0.835,17.19,False,False,Free,Free,,0
U104008,2025-02-02,Social,Student / Hobby,Desktop,North America,1-10,0.404,26.38,False,False,Free,Free,,0
U101434,2025-02-03,Organic Search,Student / Hobby,Desktop,North America,1-10,0.25,179.46,False,False,Free,Free,,0
U107352,2025-02-03,Social,Founder,Desktop,LATAM,1-10,0.907,23.4,True,True,Trial,Free,,0
U107701,2025-02-03,Paid Search,Ops Manager,Desktop,APAC,201-1000,0.654,48.63,False,False,Free,Free,,0
U106710,2025-02-03,Partnership,Student / Hobby,Desktop,North America,1-10,0.696,12.55,False,False,Free,Free,,0
U103968,2025-02-03,Organic Search,Marketing Team,Desktop,North America,1-10,0.815,15.7,False,False,Free,Free,,0
U103618,2025-02-03,Referral,Sales Team,Desktop,North America,11-50,1.211,14.57,False,False,Free,Free,,0
U103657,2025-02-03,Organic Search,Student / Hobby,Desktop,Europe,1000+,0.25,35.51,False,False,Free,Free,,0
U105334,2025-02-03,Paid Search,Founder,Mobile,LATAM,1-10,1.053,30.02,False,False,Free,Free,,0
U105979,2025-02-03,Partnership,Founder,Desktop,North America,51-200,1.28,23.92,True,True,Trial,Free,,0
U107283,2025-02-03,Organic Search,Student / Hobby,Desktop,APAC,1-10,0.984,72.95,False,False,Free,Free,,0
U102989,2025-02-03,Paid Search,Founder,Desktop,APAC,11-50,0.951,11.87,False,False,Free,Free,,0
U106800,2025-02-03,Paid Search,Ops Manager,Mobile,North America,1-10,1.061,27.07,False,False,Free,Free,,0
U107965,2025-02-03,Content,Founder,Desktop,Europe,1-10,1.02,14.53,True,True,Paid,Starter,2025-02-09,19
U107583,2025-02-03,Referral,Student / Hobby,Desktop,Europe,1-10,0.528,45.7,False,False,Free,Free,,0
U104671,2025-02-03,Organic Search,Founder,Mobile,APAC,51-200,0.787,34.99,False,False,Free,Free,,0
U106416,2025-02-03,Paid Search,Sales Team,Mobile,APAC,11-50,0.534,67.54,False,False,Free,Free,,0
U102957,2025-02-03,Organic Search,Ops Manager,Mobile,Europe,201-1000,0.998,55.35,True,True,Paid,Starter,2025-02-06,19
U102442,2025-02-03,Partnership,Ops Manager,Desktop,Europe,1-10,1.8,7.07,True,True,Paid,Starter,2025-02-09,19
U106555,2025-02-03,Content,Student / Hobby,Mobile,APAC,11-50,0.496,3.83,False,False,Free,Free,,0
U103117,2025-02-03,Social,Sales Team,Tablet,North America,1-10,0.736,41.49,False,False,Free,Free,,0
U104922,2025-02-03,Paid Search,Ops Manager,Desktop,North America,1000+,0.844,8.55,False,False,Free,Free,,0
U104961,2025-02-03,Social,Ops Manager,Desktop,North America,201-1000,0.539,50.94,True,False,Free,Free,,0
U104962,2025-02-03,Content,Founder,Desktop,Europe,51-200,1.328,18.36,False,False,Free,Free,,0
U104565,2025-02-03,Social,Marketing Team,Desktop,North America,11-50,0.91,18.11,False,False,Free,Free,,0
U104984,2025-02-03,Paid Search,Founder,Desktop,North America,11-50,1.203,40.71,False,False,Free,Free,,0
U106311,2025-02-03,Organic Search,Ops Manager,Desktop,LATAM,1-10,1.319,13.08,True,True,Trial,Free,,0
U103806,2025-02-03,Paid Search,Founder,Desktop,North America,11-50,1.328,18.89,True,True,Paid,Growth,2025-02-11,59
U105049,2025-02-03,Paid Search,Sales Team,Desktop,North America,11-50,0.443,24.23,False,False,Free,Free,,0
U105826,2025-02-03,Social,Ops Manager,Mobile,North America,11-50,1.299,9.61,True,True,Trial,Free,,0
U105062,2025-02-03,Content,Founder,Tablet,North America,201-1000,0.942,58.56,False,False,Free,Free,,0
U102923,2025-02-03,Social,Ops Manager,Desktop,Europe,1-10,0.901,24.54,True,False,Free,Free,,0
U104399,2025-02-03,Referral,Student / Hobby,Desktop,APAC,1-10,0.794,23.15,False,False,Free,Free,,0
U103343,2025-02-03,Social,Ops Manager,Desktop,Europe,11-50,1.096,11.73,False,False,Free,Free,,0
U107489,2025-02-03,Referral,Sales Team,Desktop,Europe,51-200,1.364,4.24,True,False,Free,Free,,0
U105888,2025-02-03,Social,Founder,Mobile,North America,51-200,0.545,37.15,False,False,Free,Free,,0
U106494,2025-02-03,Social,Founder,Desktop,North America,1-10,0.697,12.6,True,False,Free,Free,,0
U106401,2025-02-03,Social,Sales Team,Desktop,North America,11-50,0.448,233.09,False,False,Free,Free,,0
U106604,2025-02-03,Paid Search,Founder,Mobile,North America,1-10,1.068,13.09,False,False,Free,Free,,0
U108497,2025-02-03,Referral,Student / Hobby,Desktop,Europe,1-10,0.698,1.62,False,False,Free,Free,,0
U108272,2025-02-03,Paid Search,Founder,Desktop,APAC,51-200,0.779,12.56,False,False,Free,Free,,0
U100089,2025-02-03,Referral,Ops Manager,Mobile,LATAM,1-10,1.276,14.78,False,False,Free,Free,,0
U100927,2025-02-03,Partnership,Founder,Mobile,North America,1-10,1.623,8.49,True,True,Paid,Starter,2025-02-03,19
U101330,2025-02-03,Referral,Founder,Desktop,APAC,51-200,1.587,7.08,True,False,Free,Free,,0
U100375,2025-02-03,Organic Search,Founder,Tablet,North America,1-10,1.019,34.64,True,False,Free,Free,,0
U108360,2025-02-03,Social,Sales Team,Desktop,LATAM,201-1000,0.691,29.1,False,False,Free,Free,,0
U100954,2025-02-03,Referral,Founder,Desktop,North America,11-50,1.116,20.79,False,False,Free,Free,,0
U104009,2025-02-04,Content,Marketing Team,Desktop,APAC,1-10,0.945,3.8,False,False,Free,Free,,0
U108228,2025-02-04,Social,Marketing Team,Desktop,North America,11-50,0.689,21.9,False,False,Free,Free,,0
U104374,2025-02-04,Organic Search,Sales Team,Desktop,MEA,11-50,1.371,8.24,True,True,Paid,Starter,2025-02-06,19
U106304,2025-02-04,Organic Search,Ops Manager,Desktop,Europe,51-200,1.458,12.55,False,False,Free,Free,,0
U107189,2025-02-04,Referral,Marketing Team,Desktop,APAC,11-50,1.28,19.07,False,False,Free,Free,,0
U100538,2025-02-04,Referral,Marketing Team,Desktop,APAC,1-10,1.471,23.31,True,True,Trial,Free,,0
U102696,2025-02-04,Content,Ops Manager,Desktop,North America,201-1000,1.369,3.99,False,False,Free,Free,,0
U101360,2025-02-04,Organic Search,Ops Manager,Desktop,MEA,51-200,1.421,5.95,False,False,Free,Free,,0
U105677,2025-02-04,Partnership,Marketing Team,Mobile,North America,11-50,1.007,17.24,True,False,Free,Free,,0
U104410,2025-02-04,Paid Search,Student / Hobby,Tablet,Europe,11-50,0.377,3.53,False,False,Free,Free,,0
U108341,2025-02-04,Organic Search,Founder,Tablet,North America,1-10,1.094,13.21,False,False,Free,Free,,0
U100925,2025-02-04,Partnership,Ops Manager,Desktop,North America,1-10,1.681,6.11,True,True,Trial,Free,,0
U106836,2025-02-04,Referral,Marketing Team,Desktop,Europe,11-50,1.179,5.86,True,True,Paid,Growth,2025-02-11,59
U104573,2025-02-04,Paid Search,Sales Team,Desktop,APAC,1-10,0.881,40.95,True,False,Free,Free,,0
U104467,2025-02-04,Referral,Marketing Team,Desktop,North America,1-10,1.133,8.94,False,False,Free,Free,,0
U102771,2025-02-04,Social,Founder,Desktop,APAC,1-10,0.612,75.78,True,False,Free,Free,,0
U100266,2025-02-04,Referral,Founder,Mobile,Europe,1-10,1.705,14.65,True,False,Free,Free,,0
U105875,2025-02-04,Paid Search,Founder,Desktop,North America,11-50,0.751,22.86,False,False,Free,Free,,0
U107428,2025-02-04,Organic Search,Ops Manager,Mobile,Europe,1-10,1.327,6.68,False,False,Free,Free,,0
U107160,2025-02-04,Organic Search,Founder,Desktop,APAC,1000+,0.85,72.16,False,False,Free,Free,,0
U102810,2025-02-04,Paid Search,Sales Team,Tablet,North America,11-50,1.061,7.73,False,False,Free,Free,,0
U103534,2025-02-04,Content,Founder,Desktop,Europe,11-50,1.074,30.39,True,False,Free,Free,,0
U103760,2025-02-04,Referral,Ops Manager,Desktop,North America,1-10,1.559,39.83,False,False,Free,Free,,0
U100539,2025-02-04,Organic Search,Founder,Desktop,LATAM,1-10,1.308,13.22,False,False,Free,Free,,0
U104063,2025-02-04,Organic Search,Marketing Team,Desktop,Europe,1000+,0.843,18.84,False,False,Free,Free,,0
U102521,2025-02-04,Content,Ops Manager,Desktop,North America,51-200,1.736,5.52,False,False,Free,Free,,0
U103121,2025-02-04,Content,Founder,Desktop,North America,11-50,1.394,29.96,True,False,Free,Free,,0
U105408,2025-02-04,Organic Search,Marketing Team,Mobile,APAC,51-200,0.84,112.45,False,False,Free,Free,,0
U101298,2025-02-04,Content,Founder,Desktop,Europe,1-10,1.082,16.24,False,False,Free,Free,,0
U101661,2025-02-04,Referral,Founder,Desktop,Europe,201-1000,1.549,10.53,True,True,Paid,Growth,2025-02-05,59
U100968,2025-02-04,Social,Marketing Team,Desktop,MEA,51-200,0.348,129.99,False,False,Free,Free,,0
U100175,2025-02-04,Referral,Marketing Team,Mobile,North America,1-10,1.371,2.85,False,False,Free,Free,,0
U100798,2025-02-04,Organic Search,Founder,Desktop,LATAM,1-10,1.429,10.96,True,True,Paid,Starter,2025-02-10,19
U105107,2025-02-04,Organic Search,Founder,Mobile,APAC,201-1000,1.051,16.26,True,True,Trial,Free,,0
U102110,2025-02-04,Content,Sales Team,Desktop,North America,1-10,1.187,9.66,True,False,Free,Free,,0
U100778,2025-02-04,Paid Search,Founder,Desktop,North America,51-200,0.808,33.8,True,False,Free,Free,,0
U102881,2025-02-04,Referral,Sales Team,Mobile,North America,1-10,0.994,18.83,True,False,Free,Free,,0
U100889,2025-02-04,Social,Founder,Desktop,North America,1-10,0.819,10.06,True,False,Free,Free,,0
U103374,2025-02-04,Organic Search,Marketing Team,Desktop,North America,1-10,0.768,35.09,False,False,Free,Free,,0
U102588,2025-02-04,Paid Search,Sales Team,Desktop,Europe,201-1000,0.961,4.89,True,False,Free,Free,,0
U103235,2025-02-04,Organic Search,Founder,Tablet,North America,1-10,1.376,11.11,True,True,Trial,Free,,0
U106707,2025-02-05,Paid Search,Founder,Desktop,North America,1-10,1.064,43.7,False,False,Free,Free,,0
U108286,2025-02-05,Content,Founder,Desktop,LATAM,1-10,1.163,3.92,False,False,Free,Free,,0
U101470,2025-02-05,Social,Founder,Tablet,North America,11-50,0.749,23.01,False,False,Free,Free,,0
U107061,2025-02-05,Paid Search,Marketing Team,Desktop,Europe,1-10,0.548,59.16,False,False,Free,Free,,0
U102944,2025-02-05,Referral,Sales Team,Desktop,Europe,11-50,1.593,11.43,False,False,Free,Free,,0
U102341,2025-02-05,Partnership,Founder,Desktop,North America,1000+,1.329,7.53,True,True,Trial,Free,,0
U101267,2025-02-05,Organic Search,Ops Manager,Mobile,North America,201-1000,1.191,18.54,True,True,Trial,Free,,0
U102725,2025-02-05,Organic Search,Sales Team,Desktop,North America,1000+,0.805,39.53,True,False,Free,Free,,0
U100084,2025-02-05,Referral,Founder,Desktop,North America,11-50,1.372,11.04,True,True,Paid,Growth,2025-02-07,59
U101164,2025-02-05,Paid Search,Student / Hobby,Mobile,North America,11-50,0.25,82.9,False,False,Free,Free,,0
U105004,2025-02-05,Social,Founder,Desktop,North America,1-10,0.923,10.53,False,False,Free,Free,,0
U102709,2025-02-05,Paid Search,Ops Manager,Desktop,North America,51-200,0.926,27.79,False,False,Free,Free,,0
U104997,2025-02-05,Referral,Sales Team,Desktop,APAC,1-10,1.427,2.61,True,True,Paid,Growth,2025-02-06,59
U101762,2025-02-05,Partnership,Ops Manager,Mobile,North America,51-200,1.861,1.54,False,False,Free,Free,,0
U106245,2025-02-05,Referral,Founder,Mobile,North America,1-10,1.551,6.07,False,False,Free,Free,,0
U107934,2025-02-05,Referral,Marketing Team,Desktop,APAC,11-50,1.084,20.23,False,False,Free,Free,,0
U105203,2025-02-05,Organic Search,Founder,Desktop,LATAM,51-200,1.665,4.83,False,False,Free,Free,,0
U105205,2025-02-05,Content,Marketing Team,Desktop,North America,51-200,1.012,25.01,False,False,Free,Free,,0
U101781,2025-02-05,Organic Search,Founder,Desktop,Europe,201-1000,0.845,42.27,False,False,Free,Free,,0
U101590,2025-02-05,Paid Search,Marketing Team,Mobile,North America,201-1000,0.841,35.19,False,False,Free,Free,,0
U101100,2025-02-05,Paid Search,Student / Hobby,Desktop,North America,51-200,0.262,96.07,False,False,Free,Free,,0
U107524,2025-02-05,Social,Ops Manager,Desktop,North America,1-10,0.919,14.23,False,False,Free,Free,,0
U105061,2025-02-05,Content,Founder,Desktop,Europe,1-10,1.125,8.77,False,False,Free,Free,,0
U105507,2025-02-05,Social,Ops Manager,Desktop,LATAM,201-1000,0.814,10.55,True,False,Free,Free,,0
U106811,2025-02-05,Organic Search,Marketing Team,Desktop,APAC,11-50,0.849,57.41,False,False,Free,Free,,0
U104376,2025-02-05,Organic Search,Sales Team,Desktop,North America,11-50,1.161,30.09,False,False,Free,Free,,0
U101845,2025-02-05,Social,Ops Manager,Mobile,North America,1-10,0.954,23.17,False,False,Free,Free,,0
U107035,2025-02-05,Paid Search,Sales Team,Mobile,North America,11-50,0.77,63.73,False,False,Free,Free,,0
U100131,2025-02-05,Referral,Founder,Mobile,Europe,1-10,1.384,22.02,False,False,Free,Free,,0
U107941,2025-02-05,Organic Search,Ops Manager,Mobile,North America,201-1000,1.094,12.35,False,False,Free,Free,,0
U103735,2025-02-05,Organic Search,Founder,Desktop,North America,51-200,1.709,5.01,True,True,Trial,Free,,0
U103100,2025-02-05,Social,Sales Team,Desktop,North America,1-10,0.711,42.56,False,False,Free,Free,,0
U108246,2025-02-05,Social,Ops Manager,Desktop,Europe,51-200,0.672,69.86,False,False,Free,Free,,0
U104709,2025-02-05,Referral,Ops Manager,Desktop,North America,11-50,1.792,12.87,False,False,Free,Free,,0
U108402,2025-02-05,Organic Search,Student / Hobby,Desktop,Europe,1-10,0.327,47.68,False,False,Free,Free,,0
U107367,2025-02-05,Organic Search,Founder,Desktop,Europe,11-50,1.337,17.11,True,True,Paid,Starter,2025-02-09,19
U102186,2025-02-05,Paid Search,Founder,Mobile,North America,1-10,1.063,16.44,False,False,Free,Free,,0
U106926,2025-02-05,Content,Sales Team,Desktop,North America,11-50,0.822,3.63,True,False,Free,Free,,0
U105926,2025-02-05,Organic Search,Founder,Mobile,North America,11-50,0.788,2.79,False,False,Free,Free,,0
U108041,2025-02-05,Paid Search,Founder,Mobile,North America,51-200,0.987,16.2,True,False,Free,Free,,0
U107209,2025-02-06,Paid Search,Founder,Mobile,MEA,201-1000,1.076,9.14,True,True,Trial,Free,,0
U107316,2025-02-06,Organic Search,Sales Team,Mobile,Europe,11-50,1.017,11.93,False,False,Free,Free,,0
U105175,2025-02-06,Content,Ops Manager,Tablet,Europe,1-10,1.527,15.76,True,False,Free,Free,,0
U106968,2025-02-06,Organic Search,Founder,Tablet,North America,1-10,1.502,5.71,False,False,Free,Free,,0
U100516,2025-02-06,Organic Search,Ops Manager,Mobile,North America,11-50,1.342,14.5,False,False,Free,Free,,0
U102743,2025-02-06,Paid Search,Sales Team,Tablet,Europe,1-10,0.882,32.03,True,False,Free,Free,,0
U106030,2025-02-06,Organic Search,Ops Manager,Mobile,MEA,1-10,1.361,9.24,False,False,Free,Free,,0
U105501,2025-02-06,Organic Search,Founder,Mobile,Europe,11-50,1.116,51.4,False,False,Free,Free,,0
U103142,2025-02-06,Partnership,Ops Manager,Desktop,APAC,1-10,1.557,5.13,True,True,Paid,Growth,2025-02-14,59
U105564,2025-02-06,Organic Search,Founder,Desktop,North America,11-50,0.814,10.54,False,False,Free,Free,,0
U104012,2025-02-06,Paid Search,Marketing Team,Mobile,North America,11-50,0.693,27.35,False,False,Free,Free,,0
U101225,2025-02-06,Organic Search,Founder,Desktop,APAC,11-50,1.414,5.22,False,False,Free,Free,,0
U105202,2025-02-06,Content,Founder,Desktop,Europe,11-50,1.01,23.99,False,False,Free,Free,,0
U103184,2025-02-06,Referral,Sales Team,Mobile,Europe,51-200,1.09,6.14,False,False,Free,Free,,0
U100352,2025-02-06,Social,Student / Hobby,Tablet,North America,11-50,0.619,70.96,True,False,Free,Free,,0
U107672,2025-02-06,Organic Search,Founder,Desktop,APAC,11-50,1.31,3.02,True,False,Free,Free,,0
U106385,2025-02-06,Paid Search,Marketing Team,Desktop,APAC,1-10,0.516,43.92,False,False,Free,Free,,0
U101185,2025-02-06,Partnership,Ops Manager,Desktop,APAC,11-50,1.536,4.21,True,False,Free,Free,,0
U108088,2025-02-06,Referral,Sales Team,Desktop,APAC,1-10,1.146,4.85,False,False,Free,Free,,0
U100454,2025-02-06,Organic Search,Ops Manager,Mobile,APAC,11-50,1.356,34.19,True,False,Free,Free,,0
U101526,2025-02-06,Referral,Marketing Team,Desktop,APAC,11-50,1.189,29.59,False,False,Free,Free,,0
U103682,2025-02-06,Organic Search,Ops Manager,Desktop,North America,1-10,1.675,5.86,True,False,Free,Free,,0
U100808,2025-02-06,Organic Search,Ops Manager,Mobile,North America,201-1000,1.123,14.39,False,False,Free,Free,,0
U108361,2025-02-06,Organic Search,Sales Team,Tablet,APAC,51-200,1.286,16.19,False,False,Free,Free,,0
U108482,2025-02-06,Organic Search,Sales Team,Desktop,North America,1-10,1.052,51.97,False,False,Free,Free,,0
U100272,2025-02-06,Social,Marketing Team,Desktop,APAC,201-1000,0.44,21.72,True,False,Free,Free,,0
U102548,2025-02-06,Organic Search,Ops Manager,Tablet,APAC,11-50,1.387,10.58,True,True,Paid,Starter,2025-02-09,19
U105824,2025-02-06,Organic Search,Marketing Team,Tablet,Europe,11-50,0.356,33.51,False,False,Free,Free,,0
U104199,2025-02-06,Paid Search,Marketing Team,Mobile,Europe,11-50,0.381,35.85,True,False,Free,Free,,0
U105081,2025-02-06,Organic Search,Sales Team,Desktop,APAC,201-1000,0.866,8.62,True,False,Free,Free,,0
U102317,2025-02-06,Content,Ops Manager,Tablet,North America,11-50,1.564,8.82,True,False,Free,Free,,0
U107530,2025-02-06,Organic Search,Ops Manager,Desktop,North America,1-10,1.356,42.44,True,False,Free,Free,,0
U104074,2025-02-06,Social,Ops Manager,Desktop,North America,1-10,0.932,43.82,True,False,Free,Free,,0
U105454,2025-02-06,Organic Search,Ops Manager,Mobile,North America,1000+,1.472,31.12,False,False,Free,Free,,0
U103518,2025-02-06,Paid Search,Ops Manager,Desktop,North America,1-10,1.006,16.63,False,False,Free,Free,,0
U105683,2025-02-06,Organic Search,Founder,Desktop,North America,1-10,1.177,7.15,False,False,Free,Free,,0
U108385,2025-02-06,Social,Founder,Desktop,APAC,1000+,1.155,8.73,True,True,Paid,Starter,2025-02-14,19
U105111,2025-02-06,Content,Marketing Team,Desktop,Europe,11-50,1.494,3.47,True,False,Free,Free,,0
U108440,2025-02-06,Organic Search,Founder,Desktop,LATAM,51-200,1.504,18.13,False,False,Free,Free,,0
U105132,2025-02-06,Referral,Sales Team,Desktop,North America,51-200,1.176,36.43,False,False,Free,Free,,0
U104465,2025-02-06,Social,Founder,Desktop,MEA,51-200,0.998,44.98,False,False,Free,Free,,0
U104236,2025-02-06,Organic Search,Ops Manager,Desktop,North America,51-200,1.222,9.9,False,False,Free,Free,,0
U101975,2025-02-06,Social,Founder,Desktop,North America,11-50,0.904,8.69,False,False,Free,Free,,0
U106536,2025-02-06,Paid Search,Student / Hobby,Desktop,North America,11-50,0.345,29.99,False,False,Free,Free,,0
U105632,2025-02-07,Social,Founder,Desktop,North America,1-10,0.736,13.98,False,False,Free,Free,,0
U104827,2025-02-07,Referral,Ops Manager,Desktop,North America,11-50,1.393,12.78,False,False,Free,Free,,0
U100115,2025-02-07,Paid Search,Sales Team,Tablet,North America,1-10,0.719,11.66,False,False,Free,Free,,0
U105517,2025-02-07,Paid Search,Sales Team,Desktop,North America,11-50,1.033,10.54,False,False,Free,Free,,0
U101544,2025-02-07,Organic Search,Sales Team,Desktop,North America,1-10,1.259,10.92,True,False,Free,Free,,0
U100196,2025-02-07,Paid Search,Student / Hobby,Desktop,Europe,201-1000,0.25,101.28,False,False,Free,Free,,0
U101124,2025-02-07,Organic Search,Sales Team,Desktop,MEA,11-50,0.895,22.92,False,False,Free,Free,,0
U103644,2025-02-07,Referral,Founder,Desktop,North America,1-10,1.565,12.61,False,False,Free,Free,,0
U108102,2025-02-07,Referral,Ops Manager,Desktop,LATAM,11-50,1.371,19.33,True,False,Free,Free,,0
U100851,2025-02-07,Content,Sales Team,Mobile,Europe,1-10,1.058,21.93,False,False,Free,Free,,0
U101016,2025-02-07,Organic Search,Founder,Mobile,North America,1-10,1.106,4.37,True,False,Free,Free,,0
U100943,2025-02-07,Content,Marketing Team,Desktop,APAC,201-1000,1.189,11.64,True,False,Free,Free,,0
U106242,2025-02-07,Paid Search,Sales Team,Desktop,APAC,51-200,0.792,25.87,False,False,Free,Free,,0
U107471,2025-02-07,Referral,Ops Manager,Desktop,North America,11-50,1.888,5.7,False,False,Free,Free,,0
U102113,2025-02-07,Organic Search,Founder,Desktop,North America,11-50,1.569,16.4,True,False,Free,Free,,0
U104228,2025-02-07,Referral,Marketing Team,Desktop,North America,1-10,1.136,9.73,True,False,Free,Free,,0
U104639,2025-02-07,Paid Search,Marketing Team,Desktop,Europe,11-50,0.511,23.13,False,False,Free,Free,,0
U106513,2025-02-07,Referral,Founder,Desktop,Europe,11-50,1.334,6.26,True,True,Trial,Free,,0
U101598,2025-02-07,Referral,Ops Manager,Desktop,North America,11-50,1.666,5.77,True,False,Free,Free,,0
U104090,2025-02-07,Paid Search,Marketing Team,Mobile,LATAM,1-10,0.828,4.76,True,True,Trial,Free,,0
U105554,2025-02-07,Organic Search,Founder,Mobile,North America,51-200,1.011,21.39,False,False,Free,Free,,0
U101239,2025-02-07,Organic Search,Sales Team,Mobile,North America,11-50,1.059,38.51,False,False,Free,Free,,0
U104903,2025-02-07,Paid Search,Marketing Team,Desktop,North America,11-50,0.718,16.71,False,False,Free,Free,,0
U106962,2025-02-07,Paid Search,Marketing Team,Tablet,North America,1-10,1.059,30.44,True,False,Free,Free,,0
U103945,2025-02-07,Referral,Marketing Team,Mobile,North America,11-50,1.559,1.63,False,False,Free,Free,,0
U101912,2025-02-07,Social,Ops Manager,Desktop,North America,11-50,0.931,9.31,False,False,Free,Free,,0
U100587,2025-02-07,Referral,Ops Manager,Desktop,Europe,1-10,1.791,7.41,True,False,Free,Free,,0
U107793,2025-02-07,Organic Search,Founder,Mobile,APAC,11-50,1.455,5.59,False,False,Free,Free,,0
U105878,2025-02-07,Social,Founder,Desktop,North America,51-200,0.801,25.32,True,True,Paid,Growth,2025-02-07,59
U105279,2025-02-07,Organic Search,Sales Team,Mobile,LATAM,51-200,1.038,12.69,True,True,Paid,Starter,2025-02-12,19
U101896,2025-02-07,Social,Founder,Desktop,North America,1-10,1.079,27.58,False,False,Free,Free,,0
U103804,2025-02-07,Paid Search,Ops Manager,Desktop,APAC,201-1000,0.756,8.09,False,False,Free,Free,,0
U101944,2025-02-07,Content,Founder,Desktop,North America,201-1000,1.212,16.8,True,True,Trial,Free,,0
U106584,2025-02-07,Paid Search,Ops Manager,Mobile,North America,1-10,0.873,18.75,True,False,Free,Free,,0
U105457,2025-02-07,Organic Search,Ops Manager,Mobile,Europe,1-10,1.266,39.23,True,False,Free,Free,,0
U101184,2025-02-07,Paid Search,Sales Team,Desktop,Europe,201-1000,1.028,19.41,True,False,Free,Free,,0
U100553,2025-02-08,Organic Search,Ops Manager,Mobile,North America,1-10,1.318,5.31,True,False,Free,Free,,0
U103068,2025-02-08,Organic Search,Ops Manager,Mobile,APAC,1-10,1.41,22.99,False,False,Free,Free,,0
U107468,2025-02-08,Organic Search,Founder,Mobile,North America,51-200,1.044,13.72,False,False,Free,Free,,0
U105237,2025-02-08,Paid Search,Ops Manager,Desktop,North America,51-200,0.951,10.74,True,False,Free,Free,,0
U104422,2025-02-08,Organic Search,Sales Team,Desktop,Europe,1-10,1.125,28.59,False,False,Free,Free,,0
U107868,2025-02-08,Paid Search,Ops Manager,Desktop,North America,1-10,1.226,21.33,True,True,Paid,Growth,2025-02-08,59
U106326,2025-02-08,Referral,Sales Team,Mobile,APAC,1-10,0.963,42.83,False,False,Free,Free,,0
U102970,2025-02-08,Paid Search,Ops Manager,Desktop,Europe,1-10,1.108,4.84,True,True,Paid,Growth,2025-02-11,59
U104221,2025-02-08,Content,Sales Team,Desktop,Europe,201-1000,0.966,14.25,False,False,Free,Free,,0
U102737,2025-02-08,Referral,Ops Manager,Desktop,MEA,1-10,1.658,9.26,False,False,Free,Free,,0
U107707,2025-02-08,Organic Search,Ops Manager,Desktop,Europe,11-50,1.318,19.33,False,False,Free,Free,,0
U104070,2025-02-08,Referral,Founder,Desktop,North America,11-50,1.712,3.41,True,True,Paid,Starter,2025-02-09,19
U105309,2025-02-08,Paid Search,Marketing Team,Desktop,Europe,1-10,0.683,11.75,False,False,Free,Free,,0
U107365,2025-02-08,Partnership,Founder,Desktop,North America,1-10,1.47,13.84,False,False,Free,Free,,0
U104796,2025-02-08,Social,Sales Team,Mobile,North America,1-10,0.835,11.03,False,False,Free,Free,,0
U102084,2025-02-08,Content,Founder,Mobile,Europe,1-10,1.175,49.06,False,False,Free,Free,,0
U101463,2025-02-08,Organic Search,Founder,Desktop,North America,201-1000,1.149,23.29,True,False,Free,Free,,0
U102809,2025-02-08,Organic Search,Marketing Team,Desktop,North America,1-10,0.802,22.47,True,False,Free,Free,,0
U102314,2025-02-08,Organic Search,Marketing Team,Desktop,North America,1-10,1.052,14.45,False,False,Free,Free,,0
U103564,2025-02-08,Referral,Ops Manager,Desktop,North America,1-10,1.105,14.84,False,False,Free,Free,,0
U107089,2025-02-08,Organic Search,Sales Team,Desktop,Europe,11-50,1.033,14.83,False,False,Free,Free,,0
U103685,2025-02-08,Referral,Ops Manager,Desktop,North America,11-50,1.768,12.36,True,True,Paid,Growth,2025-02-16,59
U101834,2025-02-08,Partnership,Founder,Desktop,APAC,11-50,1.651,19.52,True,False,Free,Free,,0
U105650,2025-02-08,Referral,Ops Manager,Desktop,Europe,51-200,1.654,9.79,True,False,Free,Free,,0
U104598,2025-02-08,Organic Search,Marketing Team,Desktop,North America,1-10,0.843,14.52,True,False,Free,Free,,0
U106139,2025-02-08,Organic Search,Marketing Team,Desktop,APAC,11-50,0.773,17.22,False,False,Free,Free,,0
U104351,2025-02-08,Organic Search,Marketing Team,Desktop,MEA,51-200,0.717,36.31,True,False,Free,Free,,0
U103150,2025-02-08,Paid Search,Sales Team,Mobile,APAC,11-50,0.792,10.01,True,False,Free,Free,,0
U105747,2025-02-08,Paid Search,Founder,Desktop,LATAM,11-50,1.049,12.89,True,True,Paid,Starter,2025-02-09,19
U103039,2025-02-08,Paid Search,Sales Team,Desktop,North America,11-50,0.844,48.91,False,False,Free,Free,,0
U100456,2025-02-08,Organic Search,Founder,Tablet,North America,11-50,1.479,12.49,False,False,Free,Free,,0
U104000,2025-02-08,Content,Marketing Team,Mobile,North America,1-10,1.103,12.24,False,False,Free,Free,,0
U106074,2025-02-08,Social,Sales Team,Desktop,North America,51-200,0.699,53.51,False,False,Free,Free,,0
U104006,2025-02-08,Paid Search,Ops Manager,Desktop,Europe,11-50,1.1,22.25,False,False,Free,Free,,0
U104397,2025-02-08,Paid Search,Sales Team,Mobile,MEA,1-10,0.675,26.79,False,False,Free,Free,,0
U100282,2025-02-08,Social,Marketing Team,Desktop,North America,11-50,0.733,15.95,False,False,Free,Free,,0
U107927,2025-02-09,Referral,Sales Team,Desktop,Europe,1-10,1.703,4.73,False,False,Free,Free,,0
U103267,2025-02-09,Partnership,Founder,Desktop,North America,1-10,1.052,20.61,True,False,Free,Free,,0
U101697,2025-02-09,Social,Marketing Team,Desktop,Europe,1-10,0.821,26.55,False,False,Free,Free,,0
U106204,2025-02-09,Referral,Founder,Desktop,North America,1-10,1.351,16.91,False,False,Free,Free,,0
U102282,2025-02-09,Content,Founder,Desktop,North America,1-10,1.479,21.33,True,False,Free,Free,,0
U101369,2025-02-09,Social,Founder,Desktop,North America,1-10,0.701,22.57,False,False,Free,Free,,0
U100899,2025-02-09,Organic Search,Marketing Team,Desktop,North America,1-10,1.089,23.7,True,False,Free,Free,,0
U101472,2025-02-09,Social,Founder,Desktop,LATAM,201-1000,0.748,29.36,False,False,Free,Free,,0
U101628,2025-02-09,Paid Search,Founder,Mobile,North America,11-50,1.266,6.59,False,False,Free,Free,,0
U105384,2025-02-09,Referral,Founder,Desktop,APAC,1-10,1.502,7.31,True,True,Trial,Free,,0
U107830,2025-02-09,Social,Sales Team,Desktop,North America,11-50,0.849,39.4,False,False,Free,Free,,0
U104094,2025-02-09,Social,Student / Hobby,Desktop,North America,1-10,0.808,20.85,False,False,Free,Free,,0
U104508,2025-02-09,Referral,Sales Team,Desktop,North America,1-10,1.517,3.44,False,False,Free,Free,,0
U101337,2025-02-09,Referral,Founder,Desktop,North America,11-50,1.446,13.8,False,False,Free,Free,,0
U104797,2025-02-09,Referral,Founder,Desktop,Europe,1000+,1.216,26.5,False,False,Free,Free,,0
U103109,2025-02-09,Paid Search,Founder,Desktop,APAC,11-50,0.86,12.07,True,False,Free,Free,,0
U103168,2025-02-09,Referral,Founder,Desktop,LATAM,1-10,1.606,6.96,True,True,Paid,Scale,2025-02-12,149
U105414,2025-02-09,Organic Search,Marketing Team,Desktop,Europe,1-10,0.499,30.77,False,False,Free,Free,,0
U103442,2025-02-09,Organic Search,Ops Manager,Desktop,North America,51-200,1.346,40.85,True,True,Trial,Free,,0
U100663,2025-02-09,Organic Search,Sales Team,Desktop,APAC,1-10,1.109,14.1,False,False,Free,Free,,0
U107426,2025-02-09,Referral,Sales Team,Desktop,APAC,1-10,1.345,23.81,True,False,Free,Free,,0
U104940,2025-02-09,Paid Search,Founder,Desktop,North America,1000+,1.177,7.94,False,False,Free,Free,,0
U103155,2025-02-09,Organic Search,Sales Team,Mobile,Europe,11-50,0.993,19.39,False,False,Free,Free,,0
U104216,2025-02-09,Referral,Founder,Desktop,Europe,201-1000,1.418,3.68,True,False,Free,Free,,0
U101645,2025-02-09,Paid Search,Ops Manager,Desktop,APAC,51-200,1.123,4.72,True,False,Free,Free,,0
U100716,2025-02-09,Paid Search,Student / Hobby,Mobile,MEA,11-50,0.289,98.95,False,False,Free,Free,,0
U102204,2025-02-09,Content,Founder,Mobile,North America,1-10,1.083,31.17,True,True,Paid,Starter,2025-02-12,19
U107290,2025-02-09,Paid Search,Student / Hobby,Desktop,North America,1-10,0.67,69.44,True,False,Free,Free,,0
U107503,2025-02-09,Partnership,Ops Manager,Desktop,North America,11-50,1.902,21.36,False,False,Free,Free,,0
U103942,2025-02-09,Organic Search,Founder,Desktop,APAC,51-200,1.207,23.68,False,False,Free,Free,,0
U108407,2025-02-09,Content,Ops Manager,Desktop,LATAM,11-50,1.374,30.96,True,False,Free,Free,,0
U100980,2025-02-09,Paid Search,Marketing Team,Desktop,APAC,11-50,0.919,34.86,True,True,Trial,Free,,0
U107906,2025-02-09,Referral,Ops Manager,Desktop,LATAM,51-200,1.694,8.47,False,False,Free,Free,,0
U102748,2025-02-09,Referral,Marketing Team,Mobile,North America,1-10,0.998,22.71,False,False,Free,Free,,0
U104253,2025-02-09,Organic Search,Ops Manager,Mobile,APAC,11-50,1.179,9.03,False,False,Free,Free,,0
U103742,2025-02-09,Paid Search,Founder,Desktop,North America,1-10,0.773,42.97,False,False,Free,Free,,0
U102078,2025-02-09,Social,Sales Team,Desktop,APAC,11-50,1.175,17.11,True,True,Paid,Scale,2025-02-17,149
U101888,2025-02-09,Content,Ops Manager,Desktop,APAC,51-200,1.266,2.32,False,False,Free,Free,,0
U100767,2025-02-09,Content,Marketing Team,Mobile,North America,201-1000,1.292,1.97,False,False,Free,Free,,0
U104427,2025-02-09,Social,Sales Team,Mobile,North America,11-50,0.601,30.94,False,False,Free,Free,,0
U101277,2025-02-10,Organic Search,Marketing Team,Mobile,APAC,201-1000,0.737,47.15,False,False,Free,Free,,0
U107926,2025-02-10,Organic Search,Marketing Team,Mobile,APAC,1-10,1.046,22.7,True,False,Free,Free,,0
U102124,2025-02-10,Organic Search,Ops Manager,Desktop,North America,11-50,1.174,2.57,False,False,Free,Free,,0
U100036,2025-02-10,Referral,Founder,Desktop,APAC,1-10,1.108,3.11,False,False,Free,Free,,0
U104716,2025-02-10,Content,Ops Manager,Desktop,Europe,1-10,1.359,7.86,True,False,Free,Free,,0
U106081,2025-02-10,Paid Search,Marketing Team,Tablet,APAC,201-1000,0.411,43.55,False,False,Free,Free,,0
U100589,2025-02-10,Social,Founder,Desktop,North America,1-10,1.105,15.57,False,False,Free,Free,,0
U101196,2025-02-10,Paid Search,Marketing Team,Tablet,APAC,1-10,0.969,19.5,True,False,Free,Free,,0
U104988,2025-02-10,Paid Search,Marketing Team,Desktop,North America,1-10,0.79,31.86,False,False,Free,Free,,0
U103126,2025-02-10,Content,Founder,Desktop,APAC,1-10,1.13,28.34,False,False,Free,Free,,0
U105038,2025-02-10,Partnership,Ops Manager,Desktop,North America,11-50,1.582,13.13,True,True,Paid,Starter,2025-02-12,19
U101110,2025-02-10,Organic Search,Student / Hobby,Desktop,Europe,1-10,0.341,158.41,False,False,Free,Free,,0
U102478,2025-02-10,Paid Search,Sales Team,Mobile,Europe,1-10,0.827,30.88,False,False,Free,Free,,0
U102224,2025-02-10,Organic Search,Sales Team,Desktop,North America,1-10,1.188,11.61,False,False,Free,Free,,0
U102398,2025-02-10,Referral,Sales Team,Mobile,North America,51-200,1.172,20.17,True,True,Trial,Free,,0
U107229,2025-02-10,Organic Search,Sales Team,Desktop,APAC,51-200,1.239,13.6,False,False,Free,Free,,0
U104576,2025-02-10,Paid Search,Founder,Desktop,North America,1-10,0.947,11.88,False,False,Free,Free,,0
U100444,2025-02-10,Organic Search,Sales Team,Desktop,North America,1-10,0.818,15.05,True,False,Free,Free,,0
U107159,2025-02-10,Organic Search,Student / Hobby,Desktop,North America,51-200,0.464,61.62,False,False,Free,Free,,0
U108331,2025-02-10,Paid Search,Founder,Desktop,MEA,11-50,0.604,74.96,True,False,Free,Free,,0
U104207,2025-02-10,Organic Search,Ops Manager,Mobile,LATAM,11-50,1.579,5.55,False,False,Free,Free,,0
U107525,2025-02-10,Paid Search,Sales Team,Mobile,North America,51-200,0.759,45.69,False,False,Free,Free,,0
U106669,2025-02-10,Referral,Founder,Desktop,North America,11-50,1.41,9.1,True,True,Trial,Free,,0
U103125,2025-02-10,Referral,Marketing Team,Mobile,LATAM,1-10,0.914,17.86,False,False,Free,Free,,0
U103943,2025-02-10,Organic Search,Marketing Team,Desktop,APAC,1-10,0.552,73.2,False,False,Free,Free,,0
U101597,2025-02-10,Organic Search,Ops Manager,Desktop,North America,201-1000,1.485,2.43,True,True,Paid,Scale,2025-02-15,149
U104022,2025-02-10,Paid Search,Founder,Desktop,Europe,1-10,0.738,64.5,False,False,Free,Free,,0
U106816,2025-02-10,Organic Search,Ops Manager,Desktop,North America,11-50,0.994,14.58,True,True,Paid,Growth,2025-02-11,59
U105459,2025-02-10,Referral,Founder,Desktop,Europe,1-10,1.212,9.36,True,True,Trial,Free,,0
U106141,2025-02-10,Organic Search,Ops Manager,Desktop,LATAM,1000+,1.024,49.59,False,False,Free,Free,,0
U103285,2025-02-10,Organic Search,Founder,Desktop,APAC,11-50,1.142,4.56,False,False,Free,Free,,0
U106798,2025-02-10,Paid Search,Ops Manager,Desktop,Europe,1-10,0.905,31.87,False,False,Free,Free,,0
U105388,2025-02-10,Organic Search,Sales Team,Desktop,Europe,11-50,0.849,31.17,False,False,Free,Free,,0
U106138,2025-02-10,Social,Ops Manager,Desktop,APAC,201-1000,1.25,10.3,False,False,Free,Free,,0
U101405,2025-02-10,Organic Search,Student / Hobby,Desktop,LATAM,1-10,0.259,90.87,False,False,Free,Free,,0
U103900,2025-02-10,Paid Search,Sales Team,Desktop,Europe,1-10,0.558,62.76,False,False,Free,Free,,0
U105229,2025-02-10,Referral,Ops Manager,Desktop,North America,11-50,1.736,8.4,False,False,Free,Free,,0
U105177,2025-02-10,Social,Ops Manager,Mobile,LATAM,1-10,0.71,18.31,False,False,Free,Free,,0
U106818,2025-02-10,Paid Search,Founder,Desktop,North America,51-200,0.693,31.38,False,False,Free,Free,,0
U105518,2025-02-10,Paid Search,Founder,Desktop,North America,11-50,0.894,28.5,False,False,Free,Free,,0
U103630,2025-02-10,Content,Founder,Desktop,APAC,11-50,1.202,29.83,True,True,Trial,Free,,0
U101629,2025-02-11,Paid Search,Founder,Desktop,North America,1-10,1.099,21.19,False,False,Free,Free,,0
U107857,2025-02-11,Paid Search,Ops Manager,Mobile,North America,1-10,1.141,5.19,False,False,Free,Free,,0
U106102,2025-02-11,Referral,Sales Team,Tablet,North America,1-10,1.702,13.49,True,True,Trial,Free,,0
U104629,2025-02-11,Organic Search,Sales Team,Mobile,North America,11-50,0.922,42.95,True,False,Free,Free,,0
U100419,2025-02-11,Referral,Ops Manager,Desktop,North America,1-10,1.45,4.24,False,False,Free,Free,,0
U102584,2025-02-11,Referral,Sales Team,Desktop,North America,1-10,1.138,44.11,False,False,Free,Free,,0
U102617,2025-02-11,Paid Search,Ops Manager,Desktop,North America,1-10,1.317,5.82,True,False,Free,Free,,0
U107233,2025-02-11,Content,Student / Hobby,Desktop,APAC,1-10,0.506,42.77,False,False,Free,Free,,0
U105688,2025-02-11,Partnership,Student / Hobby,Desktop,North America,51-200,0.655,18.05,False,False,Free,Free,,0
U102246,2025-02-11,Referral,Ops Manager,Mobile,APAC,1-10,1.154,3.06,False,False,Free,Free,,0
U106193,2025-02-11,Paid Search,Ops Manager,Mobile,North America,51-200,1.254,22.21,False,False,Free,Free,,0
U108268,2025-02-11,Paid Search,Marketing Team,Desktop,North America,11-50,0.634,10.69,False,False,Free,Free,,0
U101520,2025-02-11,Organic Search,Marketing Team,Desktop,APAC,201-1000,0.717,26.98,False,False,Free,Free,,0
U105716,2025-02-11,Content,Ops Manager,Desktop,North America,51-200,0.855,19.94,False,False,Free,Free,,0
U105015,2025-02-11,Referral,Ops Manager,Desktop,APAC,1000+,1.718,8.85,False,False,Free,Free,,0
U107220,2025-02-11,Paid Search,Ops Manager,Mobile,MEA,1000+,0.608,39.08,False,False,Free,Free,,0
U107801,2025-02-11,Content,Marketing Team,Tablet,Europe,51-200,1.124,15.89,True,False,Free,Free,,0
U107222,2025-02-11,Paid Search,Founder,Mobile,APAC,51-200,1.061,19.87,True,False,Free,Free,,0
U101233,2025-02-11,Content,Sales Team,Mobile,Europe,1-10,0.928,20.23,False,False,Free,Free,,0
U103102,2025-02-11,Organic Search,Sales Team,Mobile,North America,11-50,1.089,18.49,False,False,Free,Free,,0
U102640,2025-02-11,Referral,Ops Manager,Desktop,North America,1-10,1.735,7.29,False,False,Free,Free,,0
U104751,2025-02-11,Referral,Marketing Team,Desktop,North America,11-50,1.274,24.39,False,False,Free,Free,,0
U105840,2025-02-11,Referral,Sales Team,Tablet,North America,11-50,1.135,7.89,False,False,Free,Free,,0
U101445,2025-02-11,Social,Ops Manager,Desktop,North America,11-50,0.969,15.98,False,False,Free,Free,,0
U104249,2025-02-11,Referral,Founder,Mobile,Europe,11-50,1.613,11.65,True,True,Trial,Free,,0
U105036,2025-02-11,Referral,Marketing Team,Desktop,APAC,1-10,0.885,21.85,False,False,Free,Free,,0
U101591,2025-02-11,Paid Search,Sales Team,Desktop,North America,1-10,0.877,71.08,False,False,Free,Free,,0
U103228,2025-02-11,Content,Founder,Mobile,APAC,201-1000,0.888,6.18,False,False,Free,Free,,0
U106185,2025-02-11,Paid Search,Sales Team,Desktop,APAC,51-200,1.29,37.2,False,False,Free,Free,,0
U100026,2025-02-11,Organic Search,Ops Manager,Desktop,Europe,11-50,1.519,11.85,True,False,Free,Free,,0
U108124,2025-02-11,Content,Marketing Team,Desktop,North America,1-10,1.143,18.84,True,True,Trial,Free,,0
U103974,2025-02-11,Paid Search,Marketing Team,Mobile,Europe,1-10,1.144,15.32,True,True,Trial,Free,,0
U102328,2025-02-11,Organic Search,Ops Manager,Desktop,APAC,1-10,1.31,11.04,False,False,Free,Free,,0
U107042,2025-02-11,Referral,Founder,Mobile,North America,201-1000,1.763,21.6,False,False,Free,Free,,0
U106405,2025-02-11,Paid Search,Ops Manager,Mobile,Europe,11-50,0.614,49.23,False,False,Free,Free,,0
U100199,2025-02-11,Referral,Founder,Desktop,APAC,11-50,1.552,15.87,False,False,Free,Free,,0
U107248,2025-02-11,Organic Search,Founder,Mobile,Europe,51-200,1.103,27.4,False,False,Free,Free,,0
U106219,2025-02-11,Paid Search,Founder,Mobile,LATAM,1-10,1.15,2.18,True,False,Free,Free,,0
U101047,2025-02-11,Social,Student / Hobby,Desktop,North America,201-1000,0.392,22.46,True,False,Free,Free,,0
U108021,2025-02-11,Referral,Founder,Mobile,North America,201-1000,1.258,10.83,False,False,Free,Free,,0
U107422,2025-02-11,Organic Search,Sales Team,Desktop,North America,11-50,0.799,34.91,True,False,Free,Free,,0
U104378,2025-02-11,Referral,Marketing Team,Desktop,APAC,1-10,0.94,17.48,False,False,Free,Free,,0
U105569,2025-02-11,Referral,Student / Hobby,Desktop,North America,1-10,0.792,5.55,False,False,Free,Free,,0
U102422,2025-02-11,Content,Sales Team,Mobile,Europe,11-50,1.01,16.53,False,False,Free,Free,,0
U107168,2025-02-11,Referral,Marketing Team,Desktop,Europe,1-10,1.238,17.04,False,False,Free,Free,,0
U105260,2025-02-11,Organic Search,Marketing Team,Desktop,LATAM,11-50,1.065,5.49,False,False,Free,Free,,0
U100885,2025-02-11,Paid Search,Ops Manager,Desktop,North America,1-10,0.924,26.09,False,False,Free,Free,,0
U106978,2025-02-11,Paid Search,Student / Hobby,Desktop,North America,1-10,0.35,116.41,False,False,Free,Free,,0
U105528,2025-02-11,Organic Search,Founder,Tablet,LATAM,1-10,0.883,19.21,False,False,Free,Free,,0
U105870,2025-02-11,Referral,Student / Hobby,Mobile,APAC,11-50,0.875,19.08,True,True,Trial,Free,,0
U108455,2025-02-11,Social,Sales Team,Desktop,North America,51-200,0.721,31.94,True,False,Free,Free,,0
U103191,2025-02-11,Paid Search,Ops Manager,Desktop,North America,1-10,0.742,72.61,False,False,Free,Free,,0
U107721,2025-02-11,Paid Search,Sales Team,Desktop,LATAM,1-10,0.767,41.41,False,False,Free,Free,,0
U104391,2025-02-12,Paid Search,Ops Manager,Desktop,North America,1-10,0.849,8.67,False,False,Free,Free,,0
U101058,2025-02-12,Referral,Ops Manager,Tablet,North America,1-10,1.627,1.7,True,True,Trial,Free,,0
U107777,2025-02-12,Organic Search,Sales Team,Desktop,Europe,11-50,0.918,36.08,True,False,Free,Free,,0
U103609,2025-02-12,Organic Search,Founder,Desktop,Europe,1-10,0.859,15.03,False,False,Free,Free,,0
U107779,2025-02-12,Paid Search,Ops Manager,Mobile,North America,11-50,0.957,11.8,True,True,Paid,Starter,2025-02-14,19
U100332,2025-02-12,Social,Marketing Team,Mobile,APAC,201-1000,0.733,8.93,True,True,Trial,Free,,0
U103976,2025-02-12,Content,Student / Hobby,Tablet,North America,1-10,0.25,128.62,False,False,Free,Free,,0
U101450,2025-02-12,Social,Student / Hobby,Desktop,Europe,201-1000,0.25,122.12,False,False,Free,Free,,0
U100852,2025-02-12,Organic Search,Student / Hobby,Mobile,North America,201-1000,0.402,58.42,False,False,Free,Free,,0
U106849,2025-02-12,Paid Search,Ops Manager,Tablet,LATAM,11-50,0.83,16.33,False,False,Free,Free,,0
U100213,2025-02-12,Paid Search,Ops Manager,Desktop,Europe,1-10,1.294,12.22,True,True,Paid,Starter,2025-02-16,19
U108200,2025-02-12,Content,Founder,Desktop,North America,1-10,1.413,25.36,False,False,Free,Free,,0
U101947,2025-02-12,Paid Search,Sales Team,Desktop,Europe,1-10,0.863,22.15,False,False,Free,Free,,0
U105248,2025-02-12,Organic Search,Sales Team,Desktop,LATAM,51-200,1.231,14.66,False,False,Free,Free,,0
U105285,2025-02-12,Partnership,Ops Manager,Desktop,APAC,11-50,1.771,23.27,True,True,Trial,Free,,0
U108256,2025-02-12,Organic Search,Sales Team,Desktop,North America,11-50,0.859,11.39,False,False,Free,Free,,0
U104851,2025-02-12,Organic Search,Student / Hobby,Desktop,Europe,201-1000,0.43,72.84,False,False,Free,Free,,0
U101512,2025-02-12,Referral,Marketing Team,Desktop,LATAM,11-50,1.234,29.76,True,True,Paid,Starter,2025-02-15,19
U102289,2025-02-12,Organic Search,Ops Manager,Mobile,MEA,11-50,1.037,1.41,False,False,Free,Free,,0
U104325,2025-02-12,Content,Ops Manager,Tablet,North America,11-50,1.01,53.13,True,True,Paid,Starter,2025-02-18,19
U101916,2025-02-12,Referral,Marketing Team,Mobile,Europe,11-50,0.891,17.77,False,False,Free,Free,,0
U100898,2025-02-12,Social,Sales Team,Desktop,Europe,51-200,0.539,24.48,False,False,Free,Free,,0
U102443,2025-02-12,Content,Student / Hobby,Mobile,North America,1-10,1.08,12.81,False,False,Free,Free,,0
U106390,2025-02-12,Social,Ops Manager,Desktop,North America,51-200,0.842,59.21,False,False,Free,Free,,0
U106418,2025-02-12,Organic Search,Student / Hobby,Desktop,North America,51-200,0.979,15.74,True,True,Paid,Growth,2025-02-16,59
U100436,2025-02-12,Organic Search,Founder,Mobile,APAC,11-50,0.632,68.52,False,False,Free,Free,,0
U102131,2025-02-12,Organic Search,Founder,Mobile,APAC,51-200,0.804,36.75,False,False,Free,Free,,0
U100682,2025-02-12,Organic Search,Founder,Desktop,Europe,11-50,1.113,36.36,False,False,Free,Free,,0
U103385,2025-02-12,Organic Search,Founder,Desktop,North America,11-50,1.004,17.04,False,False,Free,Free,,0
U108169,2025-02-12,Partnership,Marketing Team,Desktop,North America,1-10,0.972,1.37,False,False,Free,Free,,0
U108354,2025-02-12,Organic Search,Ops Manager,Mobile,APAC,11-50,1.753,5.37,False,False,Free,Free,,0
U103750,2025-02-12,Social,Marketing Team,Mobile,North America,11-50,0.751,48.05,False,False,Free,Free,,0
U106629,2025-02-12,Referral,Sales Team,Desktop,Europe,201-1000,1.367,7.96,True,False,Free,Free,,0
U104210,2025-02-12,Referral,Founder,Desktop,APAC,1000+,1.647,11.59,True,False,Free,Free,,0
U107986,2025-02-12,Organic Search,Founder,Mobile,North America,1-10,1.41,15.56,True,False,Free,Free,,0
U105402,2025-02-12,Paid Search,Marketing Team,Mobile,Europe,11-50,0.85,21.62,False,False,Free,Free,,0
U104641,2025-02-12,Organic Search,Founder,Desktop,APAC,201-1000,1.239,13.57,False,False,Free,Free,,0
U108101,2025-02-12,Paid Search,Ops Manager,Mobile,Europe,1-10,0.914,18.32,False,False,Free,Free,,0
U102082,2025-02-12,Social,Founder,Mobile,APAC,51-200,0.878,5.71,True,False,Free,Free,,0
U101644,2025-02-12,Paid Search,Ops Manager,Desktop,North America,1-10,1.224,28.53,True,True,Trial,Free,,0
U105818,2025-02-12,Organic Search,Marketing Team,Desktop,APAC,51-200,0.868,38.3,False,False,Free,Free,,0
U100112,2025-02-12,Referral,Marketing Team,Desktop,APAC,11-50,1.081,31.22,True,True,Trial,Free,,0
U104594,2025-02-12,Content,Founder,Desktop,North America,11-50,1.543,3.48,False,False,Free,Free,,0
U101752,2025-02-12,Paid Search,Student / Hobby,Desktop,North America,1-10,0.454,52.72,False,False,Free,Free,,0
U105656,2025-02-12,Paid Search,Ops Manager,Mobile,Europe,1-10,1.034,4.86,False,False,Free,Free,,0
U100051,2025-02-12,Content,Marketing Team,Tablet,North America,11-50,1.164,31.56,True,True,Trial,Free,,0
U101435,2025-02-13,Referral,Founder,Desktop,MEA,1-10,1.42,17.7,False,False,Free,Free,,0
U105474,2025-02-13,Social,Ops Manager,Mobile,North America,11-50,1.284,20.62,False,False,Free,Free,,0
U106301,2025-02-13,Social,Founder,Mobile,North America,1-10,0.775,41.85,False,False,Free,Free,,0
U102285,2025-02-13,Referral,Sales Team,Mobile,North America,1-10,1.369,2.93,False,False,Free,Free,,0
U103654,2025-02-13,Paid Search,Founder,Desktop,APAC,1-10,0.904,17.84,True,False,Free,Free,,0
U100936,2025-02-13,Partnership,Sales Team,Tablet,LATAM,51-200,1.231,18.28,False,False,Free,Free,,0
U108315,2025-02-13,Paid Search,Ops Manager,Mobile,APAC,51-200,1.184,13.74,True,True,Trial,Free,,0
U105350,2025-02-13,Content,Sales Team,Tablet,Europe,1-10,0.974,7.96,True,False,Free,Free,,0
U104201,2025-02-13,Partnership,Ops Manager,Desktop,North America,1-10,1.582,11.13,True,True,Paid,Starter,2025-02-16,19
U103802,2025-02-13,Content,Sales Team,Desktop,North America,51-200,1.167,4.38,False,False,Free,Free,,0
U106402,2025-02-13,Referral,Founder,Desktop,MEA,1-10,1.079,8.5,False,False,Free,Free,,0
U106643,2025-02-13,Social,Sales Team,Mobile,North America,11-50,0.574,43.94,False,False,Free,Free,,0
U100870,2025-02-13,Referral,Sales Team,Mobile,North America,11-50,1.025,11.98,True,False,Free,Free,,0
U100970,2025-02-13,Referral,Founder,Desktop,Europe,201-1000,1.791,13.01,True,True,Paid,Growth,2025-02-18,59
U108148,2025-02-13,Content,Marketing Team,Desktop,APAC,51-200,1.396,2.43,False,False,Free,Free,,0
U102747,2025-02-13,Referral,Founder,Desktop,APAC,1-10,1.484,26.4,False,False,Free,Free,,0
U104160,2025-02-13,Social,Sales Team,Tablet,Europe,1-10,0.613,15.19,False,False,Free,Free,,0
U106252,2025-02-13,Partnership,Founder,Desktop,APAC,51-200,1.606,7.86,True,True,Paid,Starter,2025-02-17,19
U102898,2025-02-13,Organic Search,Student / Hobby,Desktop,Europe,51-200,0.569,56.48,False,False,Free,Free,,0
U101868,2025-02-13,Referral,Founder,Desktop,North America,1-10,1.054,16.17,False,False,Free,Free,,0
U103925,2025-02-13,Social,Student / Hobby,Desktop,Europe,11-50,0.604,18.41,False,False,Free,Free,,0
U107417,2025-02-13,Social,Student / Hobby,Desktop,APAC,51-200,0.374,70.01,False,False,Free,Free,,0
U108491,2025-02-13,Referral,Sales Team,Desktop,North America,1-10,1.244,42.47,True,False,Free,Free,,0
U103872,2025-02-13,Partnership,Founder,Mobile,North America,11-50,1.367,24.17,False,False,Free,Free,,0
U106376,2025-02-13,Organic Search,Marketing Team,Desktop,North America,1-10,1.275,24.3,True,False,Free,Free,,0
U108373,2025-02-13,Social,Founder,Tablet,North America,51-200,0.807,30.48,False,False,Free,Free,,0
U101248,2025-02-13,Paid Search,Sales Team,Mobile,North America,1-10,1.173,12.16,False,False,Free,Free,,0
U106368,2025-02-13,Referral,Founder,Desktop,MEA,1-10,1.933,6.89,False,False,Free,Free,,0
U100737,2025-02-13,Organic Search,Sales Team,Desktop,Europe,1-10,1.009,38.52,True,False,Free,Free,,0
U102932,2025-02-13,Organic Search,Founder,Desktop,LATAM,1-10,0.907,15.69,False,False,Free,Free,,0
U107826,2025-02-13,Paid Search,Ops Manager,Mobile,North America,1-10,1.163,32.12,True,False,Free,Free,,0
U103087,2025-02-13,Organic Search,Sales Team,Desktop,APAC,201-1000,1.018,10.36,False,False,Free,Free,,0
U101237,2025-02-13,Organic Search,Sales Team,Desktop,LATAM,1-10,0.933,15.12,False,False,Free,Free,,0
U105438,2025-02-13,Organic Search,Sales Team,Desktop,North America,1-10,0.403,107.44,True,False,Free,Free,,0
U105013,2025-02-13,Paid Search,Ops Manager,Mobile,Europe,1-10,1.16,5.28,True,False,Free,Free,,0
U107084,2025-02-14,Content,Founder,Desktop,Europe,11-50,0.951,14.79,False,False,Free,Free,,0
U104802,2025-02-14,Referral,Marketing Team,Tablet,APAC,1-10,0.981,33.24,False,False,Free,Free,,0
U107033,2025-02-14,Paid Search,Ops Manager,Desktop,North America,1-10,1.089,31.01,False,False,Free,Free,,0
U100536,2025-02-14,Content,Ops Manager,Desktop,North America,1-10,1.567,17.78,True,True,Paid,Starter,2025-02-19,19
U104595,2025-02-14,Paid Search,Ops Manager,Desktop,North America,1-10,0.949,22.39,True,True,Trial,Free,,0
U103741,2025-02-14,Referral,Ops Manager,Desktop,North America,51-200,1.225,6.03,True,True,Trial,Free,,0
U107331,2025-02-14,Organic Search,Founder,Desktop,North America,1000+,1.531,15.79,True,False,Free,Free,,0
U101664,2025-02-14,Social,Founder,Mobile,North America,1-10,0.951,20.93,False,False,Free,Free,,0
U108046,2025-02-14,Social,Founder,Desktop,LATAM,201-1000,0.99,17.29,True,False,Free,Free,,0
U106408,2025-02-14,Paid Search,Founder,Desktop,Europe,51-200,0.893,59.66,False,False,Free,Free,,0
U101222,2025-02-14,Paid Search,Founder,Desktop,North America,1000+,1.22,25.28,False,False,Free,Free,,0
U102845,2025-02-14,Paid Search,Ops Manager,Desktop,North America,11-50,0.639,43.2,False,False,Free,Free,,0
U101763,2025-02-14,Organic Search,Ops Manager,Desktop,North America,1-10,1.628,9.75,False,False,Free,Free,,0
U108081,2025-02-14,Organic Search,Founder,Desktop,North America,201-1000,1.559,19.77,True,True,Paid,Starter,2025-02-14,19
U103947,2025-02-14,Social,Founder,Desktop,North America,11-50,0.577,1.58,False,False,Free,Free,,0
U106410,2025-02-14,Paid Search,Founder,Desktop,APAC,11-50,1.153,15.86,True,False,Free,Free,,0
U105665,2025-02-14,Social,Sales Team,Mobile,North America,11-50,0.83,11.09,False,False,Free,Free,,0
U104275,2025-02-14,Partnership,Ops Manager,Desktop,Europe,51-200,1.559,9.98,True,False,Free,Free,,0
U101621,2025-02-14,Paid Search,Founder,Desktop,North America,1-10,1.002,15.53,False,False,Free,Free,,0
U102327,2025-02-14,Organic Search,Founder,Desktop,North America,51-200,1.053,10.46,False,False,Free,Free,,0
U107410,2025-02-14,Referral,Founder,Desktop,Europe,1000+,1.489,7.6,True,True,Paid,Growth,2025-02-14,59
U103667,2025-02-14,Content,Marketing Team,Mobile,North America,1-10,1.004,32.91,False,False,Free,Free,,0
U103652,2025-02-14,Organic Search,Ops Manager,Desktop,Europe,1-10,1.578,8.71,False,False,Free,Free,,0
U102498,2025-02-14,Paid Search,Ops Manager,Desktop,LATAM,11-50,0.884,26.52,False,False,Free,Free,,0
U106519,2025-02-14,Paid Search,Marketing Team,Desktop,LATAM,1-10,0.8,31.73,False,False,Free,Free,,0
U105477,2025-02-14,Organic Search,Founder,Desktop,MEA,1-10,1.288,17.73,False,False,Free,Free,,0
U104741,2025-02-14,Organic Search,Marketing Team,Desktop,APAC,1-10,0.482,31.38,False,False,Free,Free,,0
U104978,2025-02-14,Partnership,Ops Manager,Desktop,North America,51-200,1.038,38.54,False,False,Free,Free,,0
U101180,2025-02-14,Partnership,Founder,Desktop,North America,11-50,1.331,13.58,True,False,Free,Free,,0
U100994,2025-02-14,Referral,Marketing Team,Mobile,North America,11-50,1.1,14.43,False,False,Free,Free,,0
U106277,2025-02-14,Organic Search,Marketing Team,Desktop,North America,1-10,0.809,21.06,False,False,Free,Free,,0
U108232,2025-02-14,Organic Search,Founder,Tablet,North America,11-50,1.517,13.48,True,False,Free,Free,,0
U100855,2025-02-14,Content,Marketing Team,Tablet,North America,1-10,0.962,17.43,False,False,Free,Free,,0
U103489,2025-02-14,Social,Ops Manager,Mobile,North America,1-10,0.893,17.61,False,False,Free,Free,,0
U106894,2025-02-14,Paid Search,Sales Team,Desktop,LATAM,11-50,1.082,24.64,True,False,Free,Free,,0
U102998,2025-02-14,Organic Search,Marketing Team,Desktop,APAC,11-50,0.864,39.51,True,False,Free,Free,,0
U102638,2025-02-14,Referral,Ops Manager,Desktop,APAC,51-200,1.452,9.91,False,False,Free,Free,,0
U102278,2025-02-15,Paid Search,Founder,Desktop,APAC,51-200,0.667,26.23,False,False,Free,Free,,0
U100071,2025-02-15,Content,Ops Manager,Desktop,Europe,1-10,1.273,24.96,True,False,Free,Free,,0
U104621,2025-02-15,Organic Search,Ops Manager,Desktop,APAC,201-1000,0.775,32.95,True,False,Free,Free,,0
U101980,2025-02-15,Social,Ops Manager,Desktop,North America,1-10,0.788,14.53,True,False,Free,Free,,0
U102785,2025-02-15,Content,Ops Manager,Desktop,North America,1-10,1.361,27.69,False,False,Free,Free,,0
U104910,2025-02-15,Organic Search,Founder,Desktop,Europe,1-10,1.369,5.54,False,False,Free,Free,,0
U107655,2025-02-15,Social,Marketing Team,Desktop,APAC,1-10,0.79,25.75,False,False,Free,Free,,0
U104648,2025-02-15,Social,Sales Team,Desktop,North America,51-200,0.542,45.9,True,False,Free,Free,,0
U101367,2025-02-15,Content,Marketing Team,Desktop,North America,11-50,0.888,15.48,True,False,Free,Free,,0
U101509,2025-02-15,Referral,Sales Team,Mobile,North America,1-10,1.233,26.99,False,False,Free,Free,,0
U102876,2025-02-15,Paid Search,Founder,Desktop,Europe,51-200,0.608,72.11,False,False,Free,Free,,0
U106222,2025-02-15,Organic Search,Founder,Desktop,North America,201-1000,1.457,15.34,False,False,Free,Free,,0
U102094,2025-02-15,Paid Search,Sales Team,Mobile,North America,51-200,0.806,3.35,False,False,Free,Free,,0
U107849,2025-02-15,Paid Search,Marketing Team,Mobile,Europe,11-50,0.532,4.32,False,False,Free,Free,,0
U104769,2025-02-15,Organic Search,Founder,Desktop,Europe,1-10,1.669,8.96,True,True,Trial,Free,,0
U108335,2025-02-15,Paid Search,Founder,Desktop,North America,201-1000,0.904,11.85,False,False,Free,Free,,0
U106859,2025-02-15,Referral,Marketing Team,Mobile,North America,11-50,1.222,6.49,True,False,Free,Free,,0
U101231,2025-02-15,Organic Search,Student / Hobby,Desktop,Europe,51-200,0.25,132.29,False,False,Free,Free,,0
U105379,2025-02-15,Content,Founder,Desktop,LATAM,11-50,1.445,14.39,True,False,Free,Free,,0
U108326,2025-02-15,Referral,Founder,Tablet,North America,201-1000,1.354,27.98,False,False,Free,Free,,0
U101235,2025-02-15,Social,Marketing Team,Desktop,North America,201-1000,0.689,43.0,True,False,Free,Free,,0
U105128,2025-02-15,Social,Student / Hobby,Desktop,MEA,51-200,0.349,38.16,False,False,Free,Free,,0
U103661,2025-02-15,Social,Sales Team,Desktop,North America,51-200,0.829,22.01,False,False,Free,Free,,0
U101835,2025-02-15,Paid Search,Founder,Desktop,Europe,51-200,1.165,1.9,True,True,Trial,Free,,0
U100791,2025-02-15,Paid Search,Sales Team,Desktop,North America,51-200,0.753,24.81,True,False,Free,Free,,0
U107221,2025-02-15,Organic Search,Ops Manager,Desktop,APAC,1-10,1.493,16.25,True,True,Trial,Free,,0
U103638,2025-02-15,Content,Ops Manager,Desktop,APAC,11-50,1.6,21.84,True,False,Free,Free,,0
U108198,2025-02-15,Social,Ops Manager,Mobile,Europe,51-200,0.852,24.63,True,False,Free,Free,,0
U101301,2025-02-15,Partnership,Student / Hobby,Desktop,APAC,201-1000,0.588,11.34,False,False,Free,Free,,0
U102520,2025-02-15,Referral,Student / Hobby,Desktop,MEA,51-200,0.495,48.81,False,False,Free,Free,,0
U101793,2025-02-15,Referral,Founder,Desktop,North America,11-50,1.616,5.3,True,False,Free,Free,,0
U103059,2025-02-15,Organic Search,Founder,Desktop,North America,11-50,1.094,13.22,False,False,Free,Free,,0
U107393,2025-02-15,Referral,Sales Team,Desktop,North America,11-50,1.127,26.94,True,True,Trial,Free,,0
U108158,2025-02-15,Organic Search,Ops Manager,Desktop,North America,51-200,1.351,38.24,False,False,Free,Free,,0
U101738,2025-02-15,Social,Founder,Desktop,Europe,1-10,0.713,19.69,False,False,Free,Free,,0
U107467,2025-02-15,Paid Search,Ops Manager,Desktop,North America,51-200,0.989,22.1,True,False,Free,Free,,0
U104288,2025-02-15,Referral,Founder,Desktop,LATAM,1-10,1.482,27.26,True,False,Free,Free,,0
U104927,2025-02-15,Social,Founder,Desktop,North America,51-200,0.987,10.19,False,False,Free,Free,,0
U107939,2025-02-15,Organic Search,Ops Manager,Mobile,North America,1-10,1.053,18.45,True,False,Free,Free,,0
U107937,2025-02-15,Organic Search,Sales Team,Desktop,North America,1-10,0.694,37.24,False,False,Free,Free,,0
U101616,2025-02-15,Organic Search,Student / Hobby,Desktop,Europe,1-10,0.702,16.43,False,False,Free,Free,,0
U101179,2025-02-16,Referral,Marketing Team,Desktop,North America,11-50,1.228,20.76,False,False,Free,Free,,0
U101976,2025-02-16,Social,Student / Hobby,Tablet,LATAM,51-200,0.467,32.39,False,False,Free,Free,,0
U102828,2025-02-16,Social,Ops Manager,Desktop,APAC,51-200,0.557,35.13,False,False,Free,Free,,0
U103987,2025-02-16,Organic Search,Ops Manager,Mobile,North America,201-1000,1.421,22.57,False,False,Free,Free,,0
U105001,2025-02-16,Social,Ops Manager,Desktop,LATAM,1-10,0.812,9.9,False,False,Free,Free,,0
U103856,2025-02-16,Content,Ops Manager,Desktop,North America,201-1000,1.569,3.32,False,False,Free,Free,,0
U103604,2025-02-16,Organic Search,Founder,Desktop,North America,11-50,1.24,32.03,False,False,Free,Free,,0
U100482,2025-02-16,Organic Search,Founder,Mobile,North America,51-200,0.844,14.75,False,False,Free,Free,,0
U106861,2025-02-16,Organic Search,Founder,Desktop,North America,51-200,1.387,22.4,True,False,Free,Free,,0
U105848,2025-02-16,Partnership,Founder,Desktop,Europe,1-10,1.457,12.24,False,False,Free,Free,,0
U107072,2025-02-16,Content,Marketing Team,Desktop,North America,1-10,1.099,16.92,True,True,Trial,Free,,0
U108303,2025-02-16,Social,Ops Manager,Desktop,North America,201-1000,0.814,28.68,False,False,Free,Free,,0
U107888,2025-02-16,Paid Search,Ops Manager,Mobile,LATAM,11-50,0.809,36.46,False,False,Free,Free,,0
U101097,2025-02-16,Paid Search,Sales Team,Tablet,North America,1-10,0.798,12.89,False,False,Free,Free,,0
U101437,2025-02-16,Organic Search,Ops Manager,Tablet,North America,201-1000,1.576,17.5,True,False,Free,Free,,0
U107052,2025-02-16,Referral,Ops Manager,Desktop,North America,11-50,1.465,4.95,True,True,Trial,Free,,0
U105133,2025-02-16,Partnership,Sales Team,Tablet,MEA,11-50,1.137,11.32,True,True,Trial,Free,,0
U105976,2025-02-16,Organic Search,Marketing Team,Mobile,APAC,11-50,1.094,21.29,False,False,Free,Free,,0
U104095,2025-02-16,Content,Ops Manager,Desktop,North America,11-50,1.601,7.31,False,False,Free,Free,,0
U105154,2025-02-16,Paid Search,Ops Manager,Desktop,APAC,11-50,0.99,11.34,True,True,Paid,Growth,2025-02-18,59
U104640,2025-02-16,Partnership,Marketing Team,Mobile,North America,11-50,0.967,16.61,False,False,Free,Free,,0
U106272,2025-02-16,Referral,Sales Team,Desktop,North America,51-200,1.356,6.78,False,False,Free,Free,,0
U103921,2025-02-16,Content,Founder,Desktop,LATAM,51-200,1.144,22.78,True,False,Free,Free,,0
U101197,2025-02-16,Social,Marketing Team,Mobile,APAC,201-1000,0.513,46.44,False,False,Free,Free,,0
U106524,2025-02-16,Referral,Ops Manager,Desktop,APAC,201-1000,1.472,13.29,False,False,Free,Free,,0
U106039,2025-02-16,Referral,Ops Manager,Desktop,North America,1-10,1.569,21.58,True,False,Free,Free,,0
U104897,2025-02-16,Organic Search,Sales Team,Tablet,North America,51-200,0.855,15.12,False,False,Free,Free,,0
U107554,2025-02-16,Organic Search,Marketing Team,Mobile,Europe,201-1000,1.151,12.41,False,False,Free,Free,,0
U101722,2025-02-16,Referral,Ops Manager,Mobile,Europe,1-10,1.651,2.22,True,True,Paid,Growth,2025-02-21,59
U104608,2025-02-16,Organic Search,Ops Manager,Desktop,APAC,11-50,1.513,10.99,True,True,Trial,Free,,0
U106608,2025-02-16,Paid Search,Student / Hobby,Desktop,North America,11-50,0.746,29.67,True,False,Free,Free,,0
U105381,2025-02-16,Partnership,Founder,Mobile,APAC,11-50,0.857,8.25,True,False,Free,Free,,0
U104225,2025-02-16,Organic Search,Sales Team,Desktop,Europe,1000+,1.083,23.27,False,False,Free,Free,,0
U101941,2025-02-17,Referral,Founder,Mobile,North America,11-50,1.596,12.89,True,False,Free,Free,,0
U104996,2025-02-17,Paid Search,Marketing Team,Tablet,North America,1-10,0.687,21.72,False,False,Free,Free,,0
U108164,2025-02-17,Referral,Sales Team,Desktop,North America,1-10,1.318,2.79,False,False,Free,Free,,0
U105882,2025-02-17,Organic Search,Sales Team,Desktop,North America,201-1000,1.139,16.77,True,True,Paid,Starter,2025-02-19,19
U102660,2025-02-17,Organic Search,Marketing Team,Desktop,North America,1-10,0.942,19.55,True,False,Free,Free,,0
U103330,2025-02-17,Paid Search,Sales Team,Desktop,North America,51-200,0.904,21.5,False,False,Free,Free,,0
U101657,2025-02-17,Referral,Founder,Mobile,APAC,1-10,1.74,32.14,False,False,Free,Free,,0
U101576,2025-02-17,Organic Search,Ops Manager,Desktop,North America,1-10,1.363,26.47,True,True,Trial,Free,,0
U105051,2025-02-17,Referral,Ops Manager,Desktop,APAC,51-200,1.484,6.84,True,False,Free,Free,,0
U100488,2025-02-17,Organic Search,Founder,Mobile,MEA,11-50,1.326,14.39,False,False,Free,Free,,0
U104742,2025-02-17,Referral,Marketing Team,Tablet,North America,201-1000,1.33,6.12,False,False,Free,Free,,0
U107694,2025-02-17,Paid Search,Ops Manager,Desktop,North America,11-50,0.835,22.58,True,False,Free,Free,,0
U102886,2025-02-17,Organic Search,Sales Team,Desktop,North America,1-10,1.092,32.29,False,False,Free,Free,,0
U103544,2025-02-17,Partnership,Sales Team,Desktop,APAC,1-10,1.202,10.75,False,False,Free,Free,,0
U107232,2025-02-17,Referral,Founder,Desktop,Europe,51-200,1.341,13.12,True,False,Free,Free,,0
U101457,2025-02-17,Organic Search,Founder,Mobile,LATAM,1-10,1.353,10.24,True,False,Free,Free,,0
U104021,2025-02-17,Social,Marketing Team,Desktop,North America,1000+,0.373,80.16,False,False,Free,Free,,0
U105775,2025-02-17,Referral,Ops Manager,Mobile,North America,1-10,1.678,1.44,True,False,Free,Free,,0
U107439,2025-02-17,Social,Ops Manager,Desktop,North America,201-1000,0.845,24.79,False,False,Free,Free,,0
U107390,2025-02-17,Organic Search,Founder,Mobile,North America,51-200,0.909,2.4,False,False,Free,Free,,0
U102465,2025-02-17,Referral,Sales Team,Desktop,North America,11-50,1.195,6.3,True,True,Trial,Free,,0
U101857,2025-02-17,Paid Search,Founder,Desktop,North America,201-1000,0.524,50.1,False,False,Free,Free,,0
U105076,2025-02-17,Partnership,Sales Team,Desktop,LATAM,11-50,1.284,11.86,False,False,Free,Free,,0
U102831,2025-02-17,Organic Search,Sales Team,Mobile,North America,51-200,1.033,6.54,False,False,Free,Free,,0
U107805,2025-02-17,Referral,Student / Hobby,Desktop,APAC,11-50,0.694,56.2,True,False,Free,Free,,0
U103610,2025-02-17,Referral,Ops Manager,Mobile,Europe,11-50,1.79,5.9,True,False,Free,Free,,0
U102942,2025-02-17,Social,Student / Hobby,Desktop,North America,1-10,0.665,34.73,False,False,Free,Free,,0
U103791,2025-02-17,Organic Search,Ops Manager,Mobile,APAC,51-200,1.339,25.47,True,False,Free,Free,,0
U106685,2025-02-17,Referral,Marketing Team,Desktop,Europe,51-200,0.954,14.0,False,False,Free,Free,,0
U101811,2025-02-17,Organic Search,Ops Manager,Tablet,North America,1-10,1.388,42.14,True,True,Paid,Starter,2025-02-18,19
U103081,2025-02-17,Partnership,Student / Hobby,Desktop,North America,11-50,0.707,18.92,False,False,Free,Free,,0
U106847,2025-02-17,Organic Search,Founder,Desktop,Europe,11-50,0.985,22.67,False,False,Free,Free,,0
U107784,2025-02-17,Organic Search,Marketing Team,Mobile,MEA,11-50,1.151,35.23,False,False,Free,Free,,0
U102751,2025-02-17,Organic Search,Founder,Tablet,APAC,1-10,0.921,22.23,False,False,Free,Free,,0
U101925,2025-02-17,Paid Search,Founder,Mobile,APAC,1-10,1.046,52.68,False,False,Free,Free,,0
U104982,2025-02-17,Organic Search,Marketing Team,Desktop,North America,1-10,0.785,5.57,False,False,Free,Free,,0
U104383,2025-02-17,Social,Ops Manager,Tablet,North America,11-50,0.665,7.94,True,False,Free,Free,,0
U107652,2025-02-17,Paid Search,Marketing Team,Desktop,APAC,201-1000,0.669,23.93,False,False,Free,Free,,0
U104877,2025-02-17,Referral,Ops Manager,Desktop,Europe,1-10,1.792,4.94,False,False,Free,Free,,0
U106234,2025-02-17,Paid Search,Sales Team,Desktop,Europe,1-10,0.647,13.3,False,False,Free,Free,,0
U106461,2025-02-17,Organic Search,Sales Team,Mobile,APAC,11-50,0.78,27.01,True,False,Free,Free,,0
U106445,2025-02-17,Paid Search,Founder,Desktop,North America,11-50,0.744,17.08,False,False,Free,Free,,0
U104891,2025-02-17,Paid Search,Founder,Mobile,LATAM,11-50,1.16,24.27,True,False,Free,Free,,0
U106054,2025-02-17,Content,Ops Manager,Desktop,MEA,51-200,1.431,20.06,False,False,Free,Free,,0
U100756,2025-02-18,Social,Student / Hobby,Desktop,North America,1-10,0.346,60.3,False,False,Free,Free,,0
U102518,2025-02-18,Organic Search,Founder,Desktop,Europe,11-50,0.916,26.87,True,False,Free,Free,,0
U103537,2025-02-18,Social,Marketing Team,Tablet,North America,1000+,0.911,29.34,True,True,Trial,Free,,0
U104951,2025-02-18,Referral,Ops Manager,Desktop,North America,11-50,1.882,13.41,True,True,Paid,Starter,2025-02-20,19
U104955,2025-02-18,Organic Search,Sales Team,Desktop,Europe,11-50,0.854,11.01,False,False,Free,Free,,0
U104424,2025-02-18,Social,Founder,Desktop,APAC,51-200,0.636,9.18,False,False,Free,Free,,0
U107032,2025-02-18,Organic Search,Marketing Team,Desktop,North America,11-50,0.694,11.17,False,False,Free,Free,,0
U103784,2025-02-18,Paid Search,Founder,Tablet,North America,1-10,0.816,28.66,False,False,Free,Free,,0
U105646,2025-02-18,Paid Search,Ops Manager,Mobile,North America,201-1000,0.896,16.39,True,True,Paid,Growth,2025-02-19,59
U107938,2025-02-18,Organic Search,Student / Hobby,Desktop,North America,1-10,0.547,26.33,False,False,Free,Free,,0
U106068,2025-02-18,Content,Marketing Team,Desktop,Europe,1-10,0.957,24.73,True,False,Free,Free,,0
U105047,2025-02-18,Partnership,Ops Manager,Mobile,APAC,11-50,1.827,13.88,False,False,Free,Free,,0
U107526,2025-02-18,Content,Ops Manager,Desktop,Europe,11-50,1.808,6.46,False,False,Free,Free,,0
U101891,2025-02-18,Referral,Ops Manager,Desktop,North America,51-200,1.803,7.78,False,False,Free,Free,,0
U102623,2025-02-18,Organic Search,Ops Manager,Desktop,APAC,51-200,1.146,19.01,False,False,Free,Free,,0
U100206,2025-02-18,Organic Search,Founder,Desktop,Europe,201-1000,1.292,9.35,True,False,Free,Free,,0
U100163,2025-02-18,Organic Search,Sales Team,Mobile,North America,51-200,0.927,30.7,False,False,Free,Free,,0
U101668,2025-02-18,Referral,Founder,Desktop,North America,1-10,1.519,15.04,False,False,Free,Free,,0
U108073,2025-02-18,Referral,Ops Manager,Desktop,North America,11-50,1.55,10.82,False,False,Free,Free,,0
U101468,2025-02-18,Organic Search,Marketing Team,Desktop,North America,1-10,1.364,8.43,False,False,Free,Free,,0
U105409,2025-02-18,Organic Search,Founder,Desktop,Europe,1-10,1.296,18.88,False,False,Free,Free,,0
U107119,2025-02-18,Organic Search,Ops Manager,Desktop,North America,11-50,1.517,10.93,True,False,Free,Free,,0
U105139,2025-02-18,Organic Search,Student / Hobby,Desktop,Europe,51-200,0.43,46.67,False,False,Free,Free,,0
U106560,2025-02-18,Referral,Marketing Team,Mobile,APAC,51-200,1.358,19.72,True,False,Free,Free,,0
U102716,2025-02-18,Referral,Ops Manager,Desktop,APAC,11-50,1.419,14.92,False,False,Free,Free,,0
U107077,2025-02-18,Paid Search,Sales Team,Mobile,Europe,51-200,0.733,26.86,True,False,Free,Free,,0
U103266,2025-02-18,Referral,Founder,Desktop,North America,11-50,1.661,10.66,True,True,Trial,Free,,0
U105616,2025-02-18,Partnership,Student / Hobby,Desktop,Europe,1-10,0.918,22.84,False,False,Free,Free,,0
U103034,2025-02-18,Organic Search,Founder,Desktop,North America,51-200,0.999,21.84,False,False,Free,Free,,0
U102708,2025-02-18,Social,Student / Hobby,Desktop,North America,11-50,0.25,99.7,False,False,Free,Free,,0
U106875,2025-02-18,Organic Search,Founder,Desktop,LATAM,201-1000,0.569,32.69,False,False,Free,Free,,0
U101484,2025-02-18,Paid Search,Sales Team,Desktop,North America,1-10,0.966,25.75,True,False,Free,Free,,0
U100039,2025-02-18,Social,Ops Manager,Mobile,LATAM,201-1000,1.006,35.72,True,False,Free,Free,,0
U100016,2025-02-18,Content,Sales Team,Desktop,North America,1-10,1.281,16.64,True,False,Free,Free,,0
U100828,2025-02-19,Paid Search,Marketing Team,Mobile,North America,1-10,0.887,12.21,False,False,Free,Free,,0
U101851,2025-02-19,Paid Search,Ops Manager,Desktop,North America,1000+,0.765,15.14,True,True,Trial,Free,,0
U106857,2025-02-19,Social,Founder,Tablet,North America,1-10,0.973,13.36,False,False,Free,Free,,0
U107044,2025-02-19,Social,Founder,Tablet,North America,1-10,0.915,19.66,True,False,Free,Free,,0
U107099,2025-02-19,Social,Ops Manager,Desktop,North America,51-200,1.229,10.38,False,False,Free,Free,,0
U102608,2025-02-19,Social,Founder,Mobile,MEA,11-50,0.57,35.28,False,False,Free,Free,,0
U108163,2025-02-19,Organic Search,Marketing Team,Mobile,APAC,1-10,1.161,6.51,True,False,Free,Free,,0
U102353,2025-02-19,Content,Sales Team,Desktop,LATAM,51-200,1.577,47.61,True,False,Free,Free,,0
U106321,2025-02-19,Paid Search,Student / Hobby,Mobile,North America,1-10,0.25,45.66,False,False,Free,Free,,0
U108428,2025-02-19,Social,Ops Manager,Desktop,APAC,1-10,1.155,7.57,False,False,Free,Free,,0
U102515,2025-02-19,Paid Search,Founder,Desktop,North America,1-10,1.102,12.69,True,False,Free,Free,,0
U100074,2025-02-19,Organic Search,Founder,Desktop,North America,11-50,0.9,18.56,True,True,Trial,Free,,0
U100644,2025-02-19,Organic Search,Founder,Desktop,North America,11-50,1.686,4.59,False,False,Free,Free,,0
U102847,2025-02-19,Organic Search,Ops Manager,Mobile,Europe,51-200,1.691,16.01,False,False,Free,Free,,0
U108062,2025-02-19,Organic Search,Founder,Mobile,LATAM,11-50,1.298,9.61,False,False,Free,Free,,0
U108476,2025-02-19,Referral,Student / Hobby,Mobile,APAC,201-1000,0.395,44.64,False,False,Free,Free,,0
U100556,2025-02-19,Organic Search,Ops Manager,Mobile,North America,1-10,1.124,11.12,True,False,Free,Free,,0
U104344,2025-02-19,Referral,Sales Team,Mobile,North America,1-10,1.49,2.52,True,True,Trial,Free,,0
U107999,2025-02-19,Organic Search,Marketing Team,Mobile,Europe,1-10,0.873,39.77,False,False,Free,Free,,0
U108231,2025-02-19,Organic Search,Marketing Team,Desktop,Europe,1-10,1.247,15.97,True,False,Free,Free,,0
U105011,2025-02-19,Content,Ops Manager,Tablet,Europe,1-10,1.296,9.82,False,False,Free,Free,,0
U102482,2025-02-19,Partnership,Founder,Desktop,North America,11-50,1.116,1.48,False,False,Free,Free,,0
U101742,2025-02-19,Referral,Founder,Desktop,LATAM,1-10,1.641,32.79,True,True,Trial,Free,,0
U103020,2025-02-19,Paid Search,Founder,Mobile,APAC,11-50,1.0,47.1,False,False,Free,Free,,0
U104529,2025-02-19,Organic Search,Founder,Desktop,North America,201-1000,1.135,11.02,False,False,Free,Free,,0
U106701,2025-02-19,Paid Search,Founder,Tablet,Europe,51-200,0.613,20.98,False,False,Free,Free,,0
U103416,2025-02-19,Referral,Sales Team,Desktop,North America,11-50,1.288,30.87,True,True,Trial,Free,,0
U103984,2025-02-19,Organic Search,Sales Team,Tablet,North America,1-10,1.362,11.63,True,False,Free,Free,,0
U107138,2025-02-19,Organic Search,Sales Team,Desktop,North America,1-10,0.849,24.98,False,False,Free,Free,,0
U100243,2025-02-19,Paid Search,Marketing Team,Desktop,North America,51-200,0.686,32.64,True,False,Free,Free,,0
U100313,2025-02-19,Paid Search,Ops Manager,Mobile,North America,201-1000,1.042,11.77,True,False,Free,Free,,0
U100693,2025-02-19,Paid Search,Founder,Desktop,North America,11-50,1.238,20.21,True,True,Trial,Free,,0
U103849,2025-02-20,Organic Search,Ops Manager,Mobile,Europe,51-200,1.16,24.72,False,False,Free,Free,,0
U103995,2025-02-20,Social,Sales Team,Desktop,APAC,1-10,0.571,16.8,True,False,Free,Free,,0
U107274,2025-02-20,Referral,Ops Manager,Desktop,North America,1-10,1.866,5.91,False,False,Free,Free,,0
U102687,2025-02-20,Organic Search,Founder,Desktop,Europe,1000+,1.071,19.72,False,False,Free,Free,,0
U105230,2025-02-20,Paid Search,Founder,Desktop,Europe,1000+,0.875,5.98,False,False,Free,Free,,0
U104868,2025-02-20,Paid Search,Ops Manager,Desktop,LATAM,11-50,1.369,19.75,True,False,Free,Free,,0
U101686,2025-02-20,Social,Founder,Desktop,North America,11-50,0.614,41.17,False,False,Free,Free,,0
U105493,2025-02-20,Organic Search,Marketing Team,Mobile,North America,11-50,1.136,7.2,False,False,Free,Free,,0
U102382,2025-02-20,Organic Search,Sales Team,Desktop,North America,1-10,0.934,12.26,False,False,Free,Free,,0
U107790,2025-02-20,Referral,Marketing Team,Desktop,North America,1-10,1.068,21.25,True,False,Free,Free,,0
U107714,2025-02-20,Social,Marketing Team,Desktop,Europe,201-1000,0.619,26.33,False,False,Free,Free,,0
U104470,2025-02-20,Organic Search,Sales Team,Desktop,LATAM,51-200,1.282,3.6,True,True,Trial,Free,,0
U104478,2025-02-20,Organic Search,Student / Hobby,Mobile,Europe,11-50,0.506,103.81,False,False,Free,Free,,0
U101555,2025-02-20,Organic Search,Ops Manager,Desktop,APAC,1-10,1.743,7.6,True,True,Paid,Growth,2025-02-20,59
U100654,2025-02-20,Paid Search,Ops Manager,Tablet,North America,11-50,1.51,13.83,True,False,Free,Free,,0
U104817,2025-02-20,Social,Ops Manager,Mobile,North America,1-10,0.777,25.91,False,False,Free,Free,,0
U102100,2025-02-20,Social,Ops Manager,Desktop,North America,1-10,0.899,35.41,True,True,Paid,Growth,2025-02-21,59
U108215,2025-02-20,Paid Search,Founder,Mobile,APAC,11-50,0.877,41.14,True,False,Free,Free,,0
U100427,2025-02-20,Organic Search,Sales Team,Desktop,LATAM,1000+,1.052,5.62,False,False,Free,Free,,0
U100255,2025-02-20,Referral,Ops Manager,Desktop,LATAM,1-10,1.558,3.43,False,False,Free,Free,,0
U105759,2025-02-20,Partnership,Sales Team,Mobile,North America,11-50,1.027,19.55,False,False,Free,Free,,0
U104965,2025-02-20,Organic Search,Marketing Team,Desktop,Europe,51-200,0.447,60.67,False,False,Free,Free,,0
U101814,2025-02-20,Referral,Ops Manager,Mobile,North America,1-10,1.57,10.41,True,False,Free,Free,,0
U104956,2025-02-20,Paid Search,Founder,Tablet,North America,1-10,0.903,5.7,False,False,Free,Free,,0
U104591,2025-02-20,Content,Marketing Team,Desktop,MEA,11-50,1.237,4.85,True,False,Free,Free,,0
U100283,2025-02-20,Content,Ops Manager,Desktop,Europe,11-50,1.635,11.78,False,False,Free,Free,,0
U104438,2025-02-20,Organic Search,Ops Manager,Desktop,LATAM,11-50,1.35,15.86,True,True,Trial,Free,,0
U104429,2025-02-20,Social,Sales Team,Desktop,North America,51-200,0.626,25.41,False,False,Free,Free,,0
U101441,2025-02-20,Referral,Marketing Team,Mobile,North America,1-10,1.138,7.0,False,False,Free,Free,,0
U101605,2025-02-20,Partnership,Sales Team,Desktop,APAC,1-10,1.443,7.15,True,True,Trial,Free,,0
U102417,2025-02-20,Organic Search,Founder,Mobile,Europe,1-10,1.428,28.64,True,False,Free,Free,,0
U104734,2025-02-20,Social,Founder,Mobile,Europe,11-50,0.354,166.86,False,False,Free,Free,,0
U105385,2025-02-20,Organic Search,Marketing Team,Mobile,APAC,1-10,1.025,14.03,True,False,Free,Free,,0
U104953,2025-02-20,Paid Search,Founder,Desktop,Europe,201-1000,0.872,8.49,False,False,Free,Free,,0
U104004,2025-02-21,Referral,Sales Team,Desktop,North America,201-1000,1.093,22.58,False,False,Free,Free,,0
U104047,2025-02-21,Organic Search,Sales Team,Mobile,APAC,1-10,1.206,6.17,True,False,Free,Free,,0
U100771,2025-02-21,Content,Founder,Desktop,Europe,51-200,1.38,10.36,False,False,Free,Free,,0
U107797,2025-02-21,Organic Search,Ops Manager,Tablet,North America,201-1000,1.715,12.7,False,False,Free,Free,,0
U101081,2025-02-21,Paid Search,Founder,Mobile,North America,11-50,0.894,31.61,False,False,Free,Free,,0
U105773,2025-02-21,Organic Search,Ops Manager,Desktop,Europe,11-50,1.312,28.1,False,False,Free,Free,,0
U105937,2025-02-21,Referral,Founder,Desktop,North America,1-10,1.084,27.61,True,False,Free,Free,,0
U104484,2025-02-21,Organic Search,Sales Team,Desktop,North America,1-10,0.8,10.26,False,False,Free,Free,,0
U100562,2025-02-21,Paid Search,Founder,Desktop,Europe,1-10,0.873,37.56,False,False,Free,Free,,0
U108159,2025-02-21,Paid Search,Sales Team,Desktop,Europe,1-10,0.704,18.33,False,False,Free,Free,,0
U100753,2025-02-21,Organic Search,Student / Hobby,Desktop,North America,1-10,0.25,10.24,False,False,Free,Free,,0
U107734,2025-02-21,Referral,Founder,Desktop,North America,1-10,1.588,5.56,False,False,Free,Free,,0
U100192,2025-02-21,Partnership,Student / Hobby,Desktop,Europe,11-50,0.711,28.82,True,False,Free,Free,,0
U102917,2025-02-21,Organic Search,Ops Manager,Mobile,APAC,1-10,1.756,28.51,True,False,Free,Free,,0
U104562,2025-02-21,Partnership,Founder,Desktop,Europe,1000+,1.106,26.95,False,False,Free,Free,,0
U102986,2025-02-21,Paid Search,Ops Manager,Mobile,MEA,51-200,0.932,10.24,False,False,Free,Free,,0
U105966,2025-02-21,Referral,Founder,Desktop,North America,1-10,1.939,6.3,False,False,Free,Free,,0
U105785,2025-02-21,Paid Search,Marketing Team,Desktop,Europe,1-10,0.667,32.52,True,True,Trial,Free,,0
U102120,2025-02-21,Social,Student / Hobby,Desktop,APAC,11-50,0.643,14.53,False,False,Free,Free,,0
U103665,2025-02-21,Paid Search,Sales Team,Mobile,Europe,51-200,0.923,14.79,False,False,Free,Free,,0
U104361,2025-02-21,Partnership,Founder,Desktop,MEA,1-10,1.295,20.68,False,False,Free,Free,,0
U101091,2025-02-21,Partnership,Marketing Team,Mobile,North America,1-10,0.844,28.1,False,False,Free,Free,,0
U102630,2025-02-21,Organic Search,Ops Manager,Desktop,Europe,201-1000,1.371,25.08,False,False,Free,Free,,0
U100701,2025-02-21,Social,Founder,Mobile,North America,11-50,1.089,21.1,False,False,Free,Free,,0
U103702,2025-02-21,Organic Search,Sales Team,Mobile,North America,1-10,0.62,105.24,False,False,Free,Free,,0
U105298,2025-02-21,Social,Sales Team,Desktop,APAC,1-10,0.594,43.42,True,False,Free,Free,,0
U106931,2025-02-21,Referral,Student / Hobby,Mobile,North America,1-10,0.594,11.49,True,False,Free,Free,,0
U108016,2025-02-21,Referral,Founder,Desktop,APAC,11-50,1.259,37.3,True,False,Free,Free,,0
U100893,2025-02-21,Paid Search,Marketing Team,Desktop,Europe,1000+,0.711,9.25,True,False,Free,Free,,0
U104964,2025-02-21,Content,Ops Manager,Desktop,APAC,11-50,1.334,11.3,True,True,Paid,Starter,2025-02-24,19
U106088,2025-02-21,Organic Search,Founder,Mobile,APAC,1-10,1.412,4.99,False,False,Free,Free,,0
U105041,2025-02-21,Social,Marketing Team,Desktop,LATAM,11-50,0.51,82.23,False,False,Free,Free,,0
U106760,2025-02-21,Paid Search,Marketing Team,Mobile,Europe,1-10,0.849,27.49,False,False,Free,Free,,0
U107451,2025-02-21,Organic Search,Marketing Team,Tablet,Europe,1-10,1.036,16.79,True,False,Free,Free,,0
U107015,2025-02-21,Organic Search,Sales Team,Mobile,North America,11-50,1.139,8.81,False,False,Free,Free,,0
U108078,2025-02-21,Partnership,Founder,Desktop,North America,11-50,1.436,4.07,False,False,Free,Free,,0
U100416,2025-02-21,Content,Sales Team,Desktop,Europe,51-200,1.174,17.18,False,False,Free,Free,,0
U107858,2025-02-21,Content,Sales Team,Desktop,Europe,201-1000,1.155,17.9,False,False,Free,Free,,0
U101984,2025-02-21,Referral,Sales Team,Mobile,APAC,1-10,1.206,26.88,False,False,Free,Free,,0
U106552,2025-02-21,Organic Search,Sales Team,Desktop,Europe,51-200,0.966,69.46,True,False,Free,Free,,0
U101547,2025-02-21,Organic Search,Ops Manager,Desktop,LATAM,1-10,1.562,12.38,True,False,Free,Free,,0
U104958,2025-02-21,Organic Search,Sales Team,Desktop,North America,11-50,1.454,30.89,False,False,Free,Free,,0
U103334,2025-02-21,Content,Ops Manager,Desktop,North America,11-50,1.63,3.22,False,False,Free,Free,,0
U101542,2025-02-21,Social,Founder,Tablet,LATAM,201-1000,1.074,7.21,True,False,Free,Free,,0
U102406,2025-02-22,Paid Search,Ops Manager,Mobile,Europe,51-200,1.335,8.82,True,True,Paid,Starter,2025-02-25,19
U103050,2025-02-22,Organic Search,Ops Manager,Desktop,LATAM,51-200,1.165,10.76,True,True,Trial,Free,,0
U105828,2025-02-22,Organic Search,Ops Manager,Mobile,APAC,11-50,0.972,18.13,False,False,Free,Free,,0
U103608,2025-02-22,Organic Search,Founder,Desktop,North America,11-50,1.296,10.76,False,False,Free,Free,,0
U105333,2025-02-22,Organic Search,Founder,Mobile,Europe,11-50,1.552,8.54,True,True,Paid,Growth,2025-02-23,59
U106619,2025-02-22,Organic Search,Founder,Desktop,Europe,1-10,1.14,6.37,False,False,Free,Free,,0
U101693,2025-02-22,Content,Student / Hobby,Tablet,Europe,201-1000,0.779,15.66,False,False,Free,Free,,0
U104712,2025-02-22,Organic Search,Founder,Desktop,North America,1-10,1.153,19.91,False,False,Free,Free,,0
U106973,2025-02-22,Organic Search,Founder,Desktop,North America,1-10,1.377,5.16,True,True,Trial,Free,,0
U102806,2025-02-22,Organic Search,Ops Manager,Mobile,North America,11-50,1.403,18.97,False,False,Free,Free,,0
U100953,2025-02-22,Content,Founder,Desktop,MEA,51-200,1.101,39.9,False,False,Free,Free,,0
U101939,2025-02-22,Organic Search,Sales Team,Desktop,MEA,51-200,0.517,17.46,False,False,Free,Free,,0
U105932,2025-02-22,Paid Search,Sales Team,Mobile,North America,11-50,0.25,108.93,False,False,Free,Free,,0
U104520,2025-02-22,Organic Search,Founder,Desktop,Europe,11-50,1.272,14.97,True,False,Free,Free,,0
U101785,2025-02-22,Organic Search,Ops Manager,Desktop,North America,201-1000,1.24,4.3,True,True,Paid,Growth,2025-03-01,59
U102959,2025-02-22,Organic Search,Founder,Desktop,North America,1-10,1.261,10.37,False,False,Free,Free,,0
U103003,2025-02-22,Social,Ops Manager,Desktop,Europe,11-50,1.154,9.61,False,False,Free,Free,,0
U102024,2025-02-22,Organic Search,Founder,Desktop,APAC,11-50,1.24,4.34,True,False,Free,Free,,0
U106260,2025-02-22,Partnership,Sales Team,Tablet,North America,11-50,1.567,2.37,True,True,Trial,Free,,0
U106127,2025-02-22,Referral,Sales Team,Desktop,Europe,11-50,0.922,9.72,False,False,Free,Free,,0
U101639,2025-02-22,Social,Marketing Team,Mobile,Europe,1-10,0.965,52.49,False,False,Free,Free,,0
U101050,2025-02-22,Paid Search,Marketing Team,Mobile,North America,1000+,0.666,22.01,False,False,Free,Free,,0
U103434,2025-02-22,Content,Ops Manager,Tablet,North America,11-50,1.444,12.48,False,False,Free,Free,,0
U106479,2025-02-22,Social,Founder,Desktop,APAC,1-10,0.872,12.21,False,False,Free,Free,,0
U106542,2025-02-22,Social,Marketing Team,Desktop,North America,1000+,0.72,40.25,False,False,Free,Free,,0
U106215,2025-02-22,Paid Search,Student / Hobby,Desktop,North America,51-200,0.505,35.46,False,False,Free,Free,,0
U100254,2025-02-22,Paid Search,Student / Hobby,Desktop,North America,51-200,0.342,78.86,False,False,Free,Free,,0
U106597,2025-02-22,Organic Search,Sales Team,Desktop,APAC,1-10,1.025,33.98,False,False,Free,Free,,0
U102939,2025-02-22,Referral,Founder,Desktop,APAC,11-50,1.281,7.94,False,False,Free,Free,,0
U105045,2025-02-22,Social,Marketing Team,Mobile,Europe,1-10,0.25,24.9,False,False,Free,Free,,0
U101741,2025-02-22,Referral,Student / Hobby,Tablet,APAC,11-50,0.608,39.59,False,False,Free,Free,,0
U102712,2025-02-22,Organic Search,Marketing Team,Mobile,LATAM,51-200,1.177,24.63,True,False,Free,Free,,0
U108025,2025-02-22,Referral,Student / Hobby,Desktop,Europe,1000+,0.877,16.8,False,False,Free,Free,,0
U100946,2025-02-22,Paid Search,Founder,Mobile,APAC,1-10,1.024,24.72,False,False,Free,Free,,0
U105212,2025-02-22,Content,Ops Manager,Desktop,Europe,11-50,0.851,35.03,False,False,Free,Free,,0
U106136,2025-02-22,Paid Search,Marketing Team,Desktop,North America,11-50,0.864,45.97,False,False,Free,Free,,0
U102664,2025-02-22,Paid Search,Ops Manager,Mobile,Europe,11-50,1.226,6.0,True,False,Free,Free,,0
U100952,2025-02-22,Content,Sales Team,Desktop,North America,1-10,0.836,40.01,True,False,Free,Free,,0
U103764,2025-02-22,Paid Search,Founder,Desktop,LATAM,11-50,1.05,41.54,False,False,Free,Free,,0
U102844,2025-02-22,Referral,Sales Team,Mobile,LATAM,201-1000,1.691,33.39,True,False,Free,Free,,0
U105566,2025-02-22,Referral,Founder,Mobile,North America,1-10,1.165,10.62,False,False,Free,Free,,0
U104872,2025-02-22,Content,Marketing Team,Desktop,Europe,11-50,0.805,19.88,False,False,Free,Free,,0
U103649,2025-02-22,Paid Search,Sales Team,Desktop,APAC,11-50,0.808,4.35,False,False,Free,Free,,0
U107695,2025-02-22,Organic Search,Founder,Desktop,North America,1000+,0.997,23.79,True,False,Free,Free,,0
U104692,2025-02-22,Organic Search,Ops Manager,Desktop,North America,1-10,1.525,19.27,True,False,Free,Free,,0
U100727,2025-02-22,Organic Search,Founder,Desktop,North America,51-200,1.408,12.49,False,False,Free,Free,,0
U103063,2025-02-22,Organic Search,Sales Team,Desktop,Europe,51-200,1.116,1.71,False,False,Free,Free,,0
U104555,2025-02-23,Paid Search,Student / Hobby,Desktop,APAC,1-10,0.872,12.99,True,True,Trial,Free,,0
U105934,2025-02-23,Social,Sales Team,Desktop,Europe,1-10,0.458,47.38,False,False,Free,Free,,0
U107946,2025-02-23,Paid Search,Founder,Desktop,APAC,11-50,0.89,42.78,False,False,Free,Free,,0
U102713,2025-02-23,Content,Ops Manager,Desktop,North America,11-50,1.835,9.35,True,False,Free,Free,,0
U104151,2025-02-23,Partnership,Sales Team,Desktop,North America,51-200,0.953,23.03,False,False,Free,Free,,0
U101859,2025-02-23,Referral,Founder,Tablet,APAC,51-200,1.486,15.04,False,False,Free,Free,,0
U108290,2025-02-23,Content,Ops Manager,Desktop,LATAM,1-10,0.977,26.28,False,False,Free,Free,,0
U104548,2025-02-23,Social,Founder,Mobile,Europe,11-50,0.729,59.3,False,False,Free,Free,,0
U108258,2025-02-23,Partnership,Marketing Team,Mobile,APAC,1-10,0.873,31.76,True,False,Free,Free,,0
U105854,2025-02-23,Referral,Sales Team,Desktop,North America,11-50,1.34,19.48,False,False,Free,Free,,0
U106330,2025-02-23,Paid Search,Ops Manager,Mobile,North America,1-10,0.738,15.8,False,False,Free,Free,,0
U105496,2025-02-23,Paid Search,Founder,Mobile,Europe,51-200,1.075,27.14,False,False,Free,Free,,0
U103747,2025-02-23,Organic Search,Founder,Desktop,North America,11-50,1.377,22.94,False,False,Free,Free,,0
U102874,2025-02-23,Content,Ops Manager,Tablet,Europe,1-10,1.569,26.13,False,False,Free,Free,,0
U100284,2025-02-23,Partnership,Marketing Team,Desktop,North America,1-10,0.878,23.62,False,False,Free,Free,,0
U100971,2025-02-23,Paid Search,Founder,Desktop,North America,11-50,0.875,39.5,False,False,Free,Free,,0
U100909,2025-02-23,Referral,Founder,Desktop,APAC,201-1000,1.876,16.33,True,True,Paid,Growth,2025-02-25,59
U103728,2025-02-23,Social,Sales Team,Mobile,North America,1-10,0.785,17.09,False,False,Free,Free,,0
U105860,2025-02-23,Organic Search,Marketing Team,Desktop,APAC,11-50,0.939,41.22,False,False,Free,Free,,0
U100926,2025-02-23,Referral,Sales Team,Desktop,Europe,11-50,1.511,11.87,False,False,Free,Free,,0
U105312,2025-02-23,Organic Search,Student / Hobby,Desktop,MEA,51-200,0.456,56.7,True,False,Free,Free,,0
U104166,2025-02-23,Content,Sales Team,Desktop,North America,201-1000,0.515,36.84,True,False,Free,Free,,0
U101611,2025-02-23,Organic Search,Ops Manager,Mobile,APAC,1000+,1.316,10.7,True,False,Free,Free,,0
U107814,2025-02-23,Social,Sales Team,Desktop,North America,51-200,0.744,5.05,True,False,Free,Free,,0
U102544,2025-02-23,Organic Search,Ops Manager,Mobile,Europe,11-50,1.538,28.68,False,False,Free,Free,,0
U102374,2025-02-23,Referral,Ops Manager,Desktop,APAC,11-50,1.547,30.42,True,True,Paid,Starter,2025-02-26,19
U104017,2025-02-23,Organic Search,Ops Manager,Mobile,LATAM,201-1000,0.985,22.01,True,False,Free,Free,,0
U103408,2025-02-23,Organic Search,Founder,Desktop,North America,1-10,1.216,20.65,False,False,Free,Free,,0
U106467,2025-02-23,Referral,Marketing Team,Mobile,LATAM,11-50,1.238,17.2,False,False,Free,Free,,0
U107824,2025-02-23,Social,Marketing Team,Desktop,North America,1000+,0.897,19.38,True,True,Trial,Free,,0
U107028,2025-02-23,Organic Search,Sales Team,Tablet,North America,1-10,1.146,5.79,False,False,Free,Free,,0
U105522,2025-02-23,Organic Search,Ops Manager,Mobile,North America,1-10,1.628,2.45,True,True,Trial,Free,,0
U104934,2025-02-23,Paid Search,Sales Team,Mobile,North America,51-200,0.533,45.21,False,False,Free,Free,,0
U100781,2025-02-24,Paid Search,Sales Team,Desktop,APAC,11-50,0.423,93.63,False,False,Free,Free,,0
U104230,2025-02-24,Referral,Sales Team,Desktop,APAC,1-10,1.404,17.85,False,False,Free,Free,,0
U100173,2025-02-24,Organic Search,Founder,Desktop,North America,51-200,1.251,1.36,False,False,Free,Free,,0
U108181,2025-02-24,Paid Search,Ops Manager,Tablet,North America,1-10,0.832,14.39,False,False,Free,Free,,0
U105667,2025-02-24,Referral,Founder,Desktop,North America,11-50,1.217,28.73,False,False,Free,Free,,0
U106833,2025-02-24,Organic Search,Founder,Desktop,North America,51-200,1.709,5.37,False,False,Free,Free,,0
U107958,2025-02-24,Organic Search,Sales Team,Desktop,APAC,1-10,1.082,23.95,True,False,Free,Free,,0
U103033,2025-02-24,Social,Ops Manager,Desktop,North America,11-50,0.845,22.78,False,False,Free,Free,,0
U102244,2025-02-24,Organic Search,Founder,Desktop,Europe,11-50,1.143,24.72,True,False,Free,Free,,0
U103099,2025-02-24,Paid Search,Founder,Mobile,APAC,1-10,1.296,16.88,True,True,Trial,Free,,0
U106612,2025-02-24,Paid Search,Founder,Desktop,Europe,11-50,0.927,5.85,True,False,Free,Free,,0
U101173,2025-02-24,Content,Sales Team,Mobile,North America,1000+,1.336,5.12,True,True,Paid,Starter,2025-03-04,19
U107646,2025-02-24,Partnership,Sales Team,Desktop,APAC,201-1000,1.479,12.43,False,False,Free,Free,,0
U103868,2025-02-24,Paid Search,Ops Manager,Desktop,North America,1-10,1.031,14.73,False,False,Free,Free,,0
U102226,2025-02-24,Social,Ops Manager,Mobile,Europe,11-50,1.068,24.96,True,False,Free,Free,,0
U102397,2025-02-24,Paid Search,Founder,Mobile,Europe,1000+,0.8,18.96,True,False,Free,Free,,0
U101304,2025-02-24,Paid Search,Founder,Desktop,APAC,11-50,0.633,26.33,False,False,Free,Free,,0
U106586,2025-02-24,Organic Search,Marketing Team,Mobile,Europe,51-200,1.068,4.19,True,False,Free,Free,,0
U100830,2025-02-24,Organic Search,Founder,Desktop,North America,1-10,1.519,7.79,False,False,Free,Free,,0
U102689,2025-02-24,Organic Search,Student / Hobby,Mobile,Europe,1-10,0.766,31.13,False,False,Free,Free,,0
U104415,2025-02-24,Paid Search,Founder,Desktop,LATAM,51-200,0.957,8.58,True,True,Trial,Free,,0
U103182,2025-02-24,Organic Search,Founder,Desktop,Europe,1-10,1.371,5.8,False,False,Free,Free,,0
U101063,2025-02-24,Organic Search,Ops Manager,Desktop,APAC,51-200,1.361,9.94,True,True,Paid,Growth,2025-02-27,59
U105201,2025-02-24,Content,Marketing Team,Desktop,North America,51-200,1.075,17.1,False,False,Free,Free,,0
U105500,2025-02-24,Referral,Ops Manager,Desktop,LATAM,11-50,1.832,0.86,False,False,Free,Free,,0
U100348,2025-02-24,Social,Marketing Team,Desktop,Europe,1000+,0.378,57.3,False,False,Free,Free,,0
U102965,2025-02-24,Social,Sales Team,Desktop,North America,1-10,0.698,17.0,True,False,Free,Free,,0
U108147,2025-02-24,Referral,Marketing Team,Desktop,North America,11-50,1.187,7.3,True,False,Free,Free,,0
U103890,2025-02-24,Social,Sales Team,Desktop,Europe,11-50,0.363,53.55,False,False,Free,Free,,0
U103578,2025-02-24,Paid Search,Ops Manager,Desktop,Europe,1-10,1.345,15.21,False,False,Free,Free,,0
U105377,2025-02-24,Organic Search,Ops Manager,Desktop,North America,1-10,1.099,11.19,False,False,Free,Free,,0
U107763,2025-02-24,Organic Search,Ops Manager,Mobile,North America,201-1000,0.923,19.0,False,False,Free,Free,,0
U103112,2025-02-24,Content,Founder,Desktop,Europe,201-1000,1.489,9.0,True,True,Trial,Free,,0
U106591,2025-02-24,Referral,Founder,Mobile,North America,1-10,1.317,16.73,False,False,Free,Free,,0
U101653,2025-02-24,Social,Marketing Team,Desktop,North America,1-10,0.765,34.87,False,False,Free,Free,,0
U104146,2025-02-24,Social,Marketing Team,Desktop,Europe,1-10,0.791,39.15,True,False,Free,Free,,0
U102179,2025-02-24,Organic Search,Sales Team,Desktop,LATAM,1-10,1.278,14.62,True,False,Free,Free,,0
U102172,2025-02-24,Organic Search,Sales Team,Desktop,North America,1-10,0.95,39.99,False,False,Free,Free,,0
U103303,2025-02-24,Social,Founder,Desktop,Europe,11-50,0.568,36.07,False,False,Free,Free,,0
U107102,2025-02-24,Organic Search,Sales Team,Mobile,Europe,1-10,0.918,35.09,False,False,Free,Free,,0
U107402,2025-02-24,Referral,Founder,Desktop,North America,1-10,1.381,17.11,False,False,Free,Free,,0
U101734,2025-02-24,Paid Search,Founder,Mobile,North America,51-200,1.132,21.31,False,False,Free,Free,,0
U106665,2025-02-24,Organic Search,Founder,Desktop,North America,201-1000,0.947,16.23,False,False,Free,Free,,0
U106992,2025-02-24,Content,Ops Manager,Mobile,North America,11-50,0.931,39.73,True,True,Trial,Free,,0
U103737,2025-02-24,Paid Search,Founder,Desktop,APAC,1-10,1.228,11.16,False,False,Free,Free,,0
U106487,2025-02-24,Organic Search,Sales Team,Desktop,APAC,11-50,0.653,21.53,False,False,Free,Free,,0
U102247,2025-02-25,Organic Search,Founder,Desktop,North America,201-1000,1.235,5.29,True,False,Free,Free,,0
U108135,2025-02-25,Organic Search,Ops Manager,Mobile,North America,201-1000,1.254,34.91,False,False,Free,Free,,0
U100751,2025-02-25,Paid Search,Marketing Team,Desktop,North America,51-200,0.398,37.19,False,False,Free,Free,,0
U108142,2025-02-25,Paid Search,Marketing Team,Desktop,APAC,11-50,0.732,36.39,False,False,Free,Free,,0
U101783,2025-02-25,Paid Search,Sales Team,Desktop,North America,1-10,1.03,34.94,False,False,Free,Free,,0
U105887,2025-02-25,Organic Search,Ops Manager,Desktop,North America,11-50,1.173,27.54,False,False,Free,Free,,0
U108107,2025-02-25,Organic Search,Sales Team,Desktop,North America,201-1000,0.984,47.03,False,False,Free,Free,,0
U104313,2025-02-25,Paid Search,Marketing Team,Desktop,Europe,11-50,0.851,20.4,False,False,Free,Free,,0
U108112,2025-02-25,Content,Founder,Desktop,Europe,1-10,1.119,7.18,True,False,Free,Free,,0
U107181,2025-02-25,Social,Sales Team,Desktop,Europe,1-10,0.934,9.08,False,False,Free,Free,,0
U106491,2025-02-25,Social,Sales Team,Desktop,APAC,11-50,0.701,15.18,True,True,Trial,Free,,0
U106113,2025-02-25,Organic Search,Founder,Tablet,APAC,51-200,1.325,17.76,True,False,Free,Free,,0
U107187,2025-02-25,Referral,Sales Team,Mobile,Europe,201-1000,0.869,11.82,True,False,Free,Free,,0
U102199,2025-02-25,Paid Search,Student / Hobby,Mobile,Europe,1-10,0.563,19.36,False,False,Free,Free,,0
U105299,2025-02-25,Referral,Marketing Team,Desktop,Europe,201-1000,0.724,32.17,False,False,Free,Free,,0
U105253,2025-02-25,Organic Search,Student / Hobby,Desktop,Europe,51-200,0.535,52.94,False,False,Free,Free,,0
U106545,2025-02-25,Organic Search,Sales Team,Tablet,North America,1-10,1.357,12.41,False,False,Free,Free,,0
U104046,2025-02-25,Organic Search,Sales Team,Mobile,Europe,11-50,1.069,18.84,True,False,Free,Free,,0
U100902,2025-02-25,Organic Search,Student / Hobby,Desktop,North America,11-50,0.427,6.43,False,False,Free,Free,,0
U106927,2025-02-25,Referral,Founder,Desktop,LATAM,51-200,1.613,15.31,True,True,Trial,Free,,0
U107581,2025-02-25,Organic Search,Ops Manager,Tablet,North America,51-200,1.531,1.72,False,False,Free,Free,,0
U107855,2025-02-25,Organic Search,Sales Team,Mobile,APAC,11-50,1.199,11.8,True,False,Free,Free,,0
U104728,2025-02-25,Social,Marketing Team,Desktop,Europe,51-200,0.732,22.21,True,False,Free,Free,,0
U107391,2025-02-25,Paid Search,Marketing Team,Desktop,North America,1-10,0.412,43.67,False,False,Free,Free,,0
U101987,2025-02-25,Paid Search,Ops Manager,Mobile,North America,11-50,0.808,43.24,False,False,Free,Free,,0
U107962,2025-02-25,Content,Sales Team,Desktop,North America,11-50,0.715,25.23,False,False,Free,Free,,0
U107837,2025-02-25,Referral,Sales Team,Desktop,LATAM,1000+,1.626,6.24,True,True,Trial,Free,,0
U108203,2025-02-25,Social,Sales Team,Mobile,LATAM,1-10,0.25,247.17,False,False,Free,Free,,0
U102069,2025-02-25,Paid Search,Marketing Team,Desktop,North America,51-200,0.806,25.65,False,False,Free,Free,,0
U107873,2025-02-25,Content,Marketing Team,Desktop,Europe,1-10,1.306,9.36,True,True,Paid,Starter,2025-03-04,19
U103757,2025-02-25,Paid Search,Marketing Team,Desktop,North America,51-200,1.026,7.58,True,True,Paid,Growth,2025-03-02,59
U101209,2025-02-25,Paid Search,Ops Manager,Desktop,North America,1-10,1.264,10.07,False,False,Free,Free,,0
U101094,2025-02-25,Social,Founder,Mobile,Europe,11-50,0.804,18.05,False,False,Free,Free,,0
U102779,2025-02-25,Referral,Sales Team,Mobile,Europe,11-50,1.213,49.27,True,True,Paid,Starter,2025-02-25,19
U105244,2025-02-25,Paid Search,Founder,Tablet,North America,1-10,0.874,11.81,False,False,Free,Free,,0
U107677,2025-02-26,Paid Search,Student / Hobby,Desktop,Europe,201-1000,0.254,22.74,False,False,Free,Free,,0
U104048,2025-02-26,Organic Search,Ops Manager,Desktop,APAC,1-10,1.214,11.07,True,True,Paid,Starter,2025-02-28,19
U100309,2025-02-26,Social,Founder,Tablet,North America,201-1000,0.382,167.33,False,False,Free,Free,,0
U103441,2025-02-26,Organic Search,Marketing Team,Desktop,MEA,11-50,0.978,60.88,False,False,Free,Free,,0
U103936,2025-02-26,Organic Search,Ops Manager,Mobile,APAC,1-10,1.235,13.23,False,False,Free,Free,,0
U108022,2025-02-26,Social,Sales Team,Mobile,APAC,51-200,0.744,24.66,False,False,Free,Free,,0
U108093,2025-02-26,Content,Ops Manager,Desktop,APAC,1000+,1.344,27.43,False,False,Free,Free,,0
U104011,2025-02-26,Social,Marketing Team,Desktop,North America,11-50,0.549,71.86,False,False,Free,Free,,0
U101600,2025-02-26,Social,Ops Manager,Tablet,Europe,1-10,1.097,19.5,True,False,Free,Free,,0
U104630,2025-02-26,Social,Student / Hobby,Desktop,North America,1-10,0.25,40.44,False,False,Free,Free,,0
U106464,2025-02-26,Referral,Sales Team,Mobile,MEA,51-200,1.336,11.62,True,True,Paid,Starter,2025-02-26,19
U102086,2025-02-26,Content,Marketing Team,Mobile,LATAM,1-10,1.238,10.27,True,False,Free,Free,,0
U107487,2025-02-26,Paid Search,Ops Manager,Desktop,Europe,1-10,0.976,11.96,False,False,Free,Free,,0
U106134,2025-02-26,Content,Marketing Team,Desktop,Europe,1-10,1.095,15.87,False,False,Free,Free,,0
U101860,2025-02-26,Social,Marketing Team,Desktop,North America,1-10,0.468,37.62,False,False,Free,Free,,0
U102117,2025-02-26,Paid Search,Founder,Mobile,North America,201-1000,0.692,32.72,False,False,Free,Free,,0
U102367,2025-02-26,Paid Search,Student / Hobby,Mobile,Europe,1-10,0.307,112.85,False,False,Free,Free,,0
U106188,2025-02-26,Partnership,Student / Hobby,Desktop,Europe,51-200,0.858,55.78,True,False,Free,Free,,0
U106888,2025-02-26,Paid Search,Sales Team,Mobile,LATAM,51-200,0.383,7.25,True,False,Free,Free,,0
U102062,2025-02-26,Social,Ops Manager,Desktop,Europe,11-50,0.843,9.85,False,False,Free,Free,,0
U101608,2025-02-26,Social,Founder,Desktop,Europe,51-200,0.852,39.3,True,True,Trial,Free,,0
U105915,2025-02-26,Social,Marketing Team,Mobile,LATAM,1-10,0.58,23.08,False,False,Free,Free,,0
U104246,2025-02-26,Paid Search,Sales Team,Desktop,LATAM,1-10,0.876,15.34,False,False,Free,Free,,0
U105637,2025-02-26,Organic Search,Student / Hobby,Desktop,APAC,51-200,0.498,37.43,False,False,Free,Free,,0
U106049,2025-02-26,Organic Search,Founder,Desktop,Europe,1-10,0.859,25.17,True,False,Free,Free,,0
U107728,2025-02-26,Content,Sales Team,Desktop,Europe,11-50,0.987,16.87,False,False,Free,Free,,0
U106636,2025-02-26,Content,Sales Team,Tablet,LATAM,51-200,1.192,4.3,True,False,Free,Free,,0
U105946,2025-02-26,Social,Ops Manager,Tablet,North America,11-50,1.1,15.32,True,True,Trial,Free,,0
U102189,2025-02-26,Paid Search,Ops Manager,Mobile,Europe,201-1000,1.123,11.68,False,False,Free,Free,,0
U101246,2025-02-26,Social,Ops Manager,Desktop,North America,11-50,1.221,38.03,False,False,Free,Free,,0
U102558,2025-02-26,Paid Search,Sales Team,Desktop,North America,201-1000,0.724,8.0,False,False,Free,Free,,0
U101651,2025-02-26,Organic Search,Sales Team,Desktop,LATAM,11-50,1.17,17.23,False,False,Free,Free,,0
U107096,2025-02-26,Organic Search,Student / Hobby,Desktop,Europe,1-10,0.666,104.82,False,False,Free,Free,,0
U107349,2025-02-26,Referral,Sales Team,Desktop,MEA,1-10,1.371,17.79,True,True,Trial,Free,,0
U102325,2025-02-26,Social,Ops Manager,Desktop,Europe,11-50,0.964,5.97,True,False,Free,Free,,0
U100103,2025-02-26,Social,Founder,Desktop,North America,11-50,0.543,54.92,False,False,Free,Free,,0
U100190,2025-02-26,Organic Search,Sales Team,Desktop,North America,1000+,1.135,3.11,False,False,Free,Free,,0
U100941,2025-02-26,Organic Search,Founder,Desktop,North America,1-10,1.05,14.33,False,False,Free,Free,,0
U102162,2025-02-26,Paid Search,Founder,Desktop,North America,11-50,1.039,22.17,True,False,Free,Free,,0
U100445,2025-02-27,Paid Search,Student / Hobby,Desktop,LATAM,201-1000,0.42,17.56,False,False,Free,Free,,0
U101119,2025-02-27,Organic Search,Ops Manager,Tablet,North America,1-10,1.251,9.17,False,False,Free,Free,,0
U103027,2025-02-27,Referral,Sales Team,Mobile,North America,1-10,1.159,16.87,False,False,Free,Free,,0
U106620,2025-02-27,Referral,Sales Team,Desktop,Europe,201-1000,1.601,6.88,True,True,Paid,Growth,2025-02-27,59
U106282,2025-02-27,Referral,Sales Team,Desktop,North America,1000+,1.535,5.85,True,True,Paid,Growth,2025-02-28,59
U105935,2025-02-27,Paid Search,Founder,Desktop,APAC,1-10,0.475,5.63,False,False,Free,Free,,0
U104894,2025-02-27,Organic Search,Ops Manager,Mobile,North America,51-200,1.016,30.82,False,False,Free,Free,,0
U101877,2025-02-27,Paid Search,Founder,Desktop,North America,1-10,1.278,24.87,True,True,Paid,Growth,2025-03-01,59
U103390,2025-02-27,Social,Ops Manager,Desktop,LATAM,11-50,0.584,16.51,False,False,Free,Free,,0
U100372,2025-02-27,Social,Founder,Desktop,North America,51-200,0.944,9.71,False,False,Free,Free,,0
U100146,2025-02-27,Organic Search,Sales Team,Tablet,LATAM,201-1000,1.296,8.9,False,False,Free,Free,,0
U105843,2025-02-27,Partnership,Marketing Team,Mobile,Europe,51-200,0.866,47.84,False,False,Free,Free,,0
U101329,2025-02-27,Social,Founder,Mobile,Europe,201-1000,1.183,5.09,True,False,Free,Free,,0
U108225,2025-02-27,Organic Search,Founder,Mobile,APAC,11-50,1.282,10.66,False,False,Free,Free,,0
U107292,2025-02-27,Social,Sales Team,Desktop,North America,1-10,0.689,2.74,False,False,Free,Free,,0
U101584,2025-02-27,Referral,Marketing Team,Desktop,North America,11-50,0.814,39.27,False,False,Free,Free,,0
U102615,2025-02-27,Social,Student / Hobby,Mobile,North America,1-10,0.346,38.31,False,False,Free,Free,,0
U107752,2025-02-27,Referral,Sales Team,Desktop,North America,11-50,1.283,7.85,True,False,Free,Free,,0
U104116,2025-02-27,Social,Sales Team,Mobile,APAC,1-10,0.978,19.55,False,False,Free,Free,,0
U103060,2025-02-27,Organic Search,Student / Hobby,Desktop,Europe,1-10,0.463,85.18,False,False,Free,Free,,0
U103827,2025-02-27,Organic Search,Ops Manager,Desktop,North America,201-1000,1.334,24.23,True,False,Free,Free,,0
U107192,2025-02-27,Content,Ops Manager,Desktop,APAC,201-1000,1.667,10.67,False,False,Free,Free,,0
U103253,2025-02-27,Referral,Marketing Team,Desktop,Europe,51-200,1.033,35.56,False,False,Free,Free,,0
U108275,2025-02-27,Paid Search,Ops Manager,Desktop,MEA,11-50,1.107,11.85,False,False,Free,Free,,0
U107540,2025-02-27,Social,Ops Manager,Mobile,North America,11-50,0.726,56.77,False,False,Free,Free,,0
U107105,2025-02-27,Referral,Ops Manager,Desktop,Europe,11-50,1.573,5.9,False,False,Free,Free,,0
U106752,2025-02-27,Referral,Marketing Team,Mobile,North America,51-200,0.98,34.6,False,False,Free,Free,,0
U103119,2025-02-27,Organic Search,Sales Team,Mobile,Europe,11-50,0.968,4.42,False,False,Free,Free,,0
U102838,2025-02-27,Organic Search,Marketing Team,Desktop,North America,51-200,0.924,27.14,True,True,Paid,Starter,2025-02-27,19
U103080,2025-02-27,Paid Search,Founder,Mobile,North America,11-50,0.727,25.25,True,False,Free,Free,,0
U104723,2025-02-27,Social,Marketing Team,Desktop,Europe,11-50,0.395,25.21,False,False,Free,Free,,0
U105411,2025-02-27,Social,Student / Hobby,Mobile,Europe,11-50,0.331,190.24,False,False,Free,Free,,0
U101215,2025-02-27,Paid Search,Sales Team,Desktop,Europe,1-10,0.494,16.01,False,False,Free,Free,,0
U106940,2025-02-27,Referral,Ops Manager,Desktop,APAC,11-50,1.338,26.18,True,False,Free,Free,,0
U107800,2025-02-27,Organic Search,Ops Manager,Mobile,North America,11-50,1.362,11.68,False,False,Free,Free,,0
U107842,2025-02-27,Organic Search,Ops Manager,Desktop,LATAM,51-200,1.047,13.46,False,False,Free,Free,,0
U105446,2025-02-27,Paid Search,Student / Hobby,Desktop,APAC,1-10,0.529,18.77,False,False,Free,Free,,0
U106598,2025-02-27,Social,Ops Manager,Mobile,North America,11-50,0.841,16.69,False,False,Free,Free,,0
U102166,2025-02-27,Organic Search,Sales Team,Desktop,MEA,201-1000,0.75,30.76,False,False,Free,Free,,0
U106454,2025-02-28,Content,Marketing Team,Desktop,APAC,1000+,0.96,4.47,False,False,Free,Free,,0
U104779,2025-02-28,Content,Founder,Desktop,Europe,1-10,1.139,8.62,True,False,Free,Free,,0
U102121,2025-02-28,Content,Student / Hobby,Tablet,Europe,1-10,0.817,20.73,False,False,Free,Free,,0
U103120,2025-02-28,Organic Search,Student / Hobby,Desktop,LATAM,1-10,0.706,57.83,False,False,Free,Free,,0
U103283,2025-02-28,Organic Search,Marketing Team,Desktop,North America,11-50,0.622,3.15,True,False,Free,Free,,0
U104766,2025-02-28,Social,Marketing Team,Mobile,LATAM,11-50,0.58,32.89,False,False,Free,Free,,0
U104793,2025-02-28,Paid Search,Ops Manager,Desktop,Europe,11-50,1.097,31.49,False,False,Free,Free,,0
U102459,2025-02-28,Social,Ops Manager,Mobile,North America,11-50,0.926,10.75,True,False,Free,Free,,0
U101516,2025-02-28,Referral,Ops Manager,Desktop,Europe,1000+,1.548,15.79,True,True,Trial,Free,,0
U103332,2025-02-28,Organic Search,Founder,Desktop,APAC,201-1000,1.067,4.98,True,False,Free,Free,,0
U104082,2025-02-28,Paid Search,Student / Hobby,Desktop,APAC,51-200,0.634,57.8,False,False,Free,Free,,0
U101053,2025-02-28,Referral,Founder,Tablet,APAC,1-10,1.52,17.54,False,False,Free,Free,,0
U104546,2025-02-28,Paid Search,Sales Team,Desktop,North America,201-1000,0.977,16.68,False,False,Free,Free,,0
U106531,2025-02-28,Content,Founder,Desktop,Europe,11-50,1.403,3.28,True,True,Trial,Free,,0
U104495,2025-02-28,Social,Sales Team,Desktop,North America,51-200,0.913,20.29,False,False,Free,Free,,0
U106983,2025-02-28,Partnership,Student / Hobby,Desktop,Europe,11-50,0.546,18.46,False,False,Free,Free,,0
U103221,2025-02-28,Paid Search,Ops Manager,Desktop,North America,11-50,1.077,8.37,True,True,Trial,Free,,0
U104563,2025-02-28,Social,Ops Manager,Desktop,North America,11-50,0.888,20.07,False,False,Free,Free,,0
U104843,2025-02-28,Referral,Founder,Desktop,LATAM,51-200,1.49,4.65,False,False,Free,Free,,0
U106603,2025-02-28,Paid Search,Sales Team,Desktop,Europe,201-1000,1.184,23.87,False,False,Free,Free,,0
U104634,2025-02-28,Paid Search,Ops Manager,Desktop,APAC,1-10,1.194,36.81,False,False,Free,Free,,0
U106387,2025-02-28,Organic Search,Ops Manager,Desktop,North America,1-10,1.257,5.84,True,False,Free,Free,,0
U105731,2025-02-28,Paid Search,Founder,Desktop,APAC,1000+,1.057,32.88,False,False,Free,Free,,0
U106355,2025-02-28,Referral,Marketing Team,Desktop,Europe,11-50,1.152,3.08,False,False,Free,Free,,0
U107088,2025-02-28,Referral,Sales Team,Desktop,LATAM,11-50,1.454,44.25,False,False,Free,Free,,0
U100108,2025-02-28,Referral,Founder,Desktop,Europe,11-50,1.413,13.28,False,False,Free,Free,,0
U102877,2025-02-28,Organic Search,Sales Team,Desktop,Europe,1-10,1.304,11.71,False,False,Free,Free,,0
U104863,2025-02-28,Organic Search,Ops Manager,Desktop,North America,11-50,1.4,18.9,False,False,Free,Free,,0
U100661,2025-02-28,Social,Founder,Desktop,Europe,11-50,0.767,20.77,False,False,Free,Free,,0
U104631,2025-02-28,Organic Search,Ops Manager,Mobile,North America,1-10,1.475,5.07,False,False,Free,Free,,0
U101898,2025-02-28,Social,Founder,Mobile,Europe,11-50,0.957,8.51,True,False,Free,Free,,0
U102735,2025-02-28,Referral,Ops Manager,Desktop,LATAM,201-1000,1.392,10.11,True,True,Paid,Growth,2025-02-28,59
U100820,2025-02-28,Paid Search,Founder,Mobile,North America,1-10,1.056,3.28,False,False,Free,Free,,0
U106728,2025-02-28,Paid Search,Student / Hobby,Desktop,North America,1-10,0.56,15.84,True,True,Trial,Free,,0
U103964,2025-02-28,Organic Search,Founder,Desktop,North America,11-50,1.067,5.48,False,False,Free,Free,,0
U101652,2025-02-28,Paid Search,Sales Team,Desktop,MEA,51-200,1.047,21.07,False,False,Free,Free,,0
U101550,2025-02-28,Content,Marketing Team,Mobile,North America,11-50,1.003,1.2,False,False,Free,Free,,0
U104645,2025-02-28,Referral,Student / Hobby,Desktop,APAC,1-10,0.732,28.97,False,False,Free,Free,,0
U101530,2025-02-28,Paid Search,Marketing Team,Desktop,Europe,11-50,0.829,28.74,False,False,Free,Free,,0
U107478,2025-02-28,Social,Founder,Desktop,APAC,1-10,0.561,37.11,False,False,Free,Free,,0
U104404,2025-02-28,Organic Search,Founder,Desktop,North America,11-50,1.087,14.87,False,False,Free,Free,,0
U104822,2025-02-28,Paid Search,Founder,Desktop,APAC,1-10,0.922,15.56,False,False,Free,Free,,0
U103800,2025-02-28,Organic Search,Ops Manager,Desktop,Europe,11-50,1.495,20.58,False,False,Free,Free,,0
U105914,2025-02-28,Content,Marketing Team,Mobile,APAC,11-50,0.977,19.82,True,False,Free,Free,,0
U104670,2025-02-28,Paid Search,Founder,Desktop,APAC,51-200,0.901,26.76,False,False,Free,Free,,0
U105056,2025-02-28,Content,Sales Team,Mobile,North America,11-50,0.916,9.82,False,False,Free,Free,,0
U106622,2025-02-28,Paid Search,Ops Manager,Desktop,North America,1-10,1.282,14.65,False,False,Free,Free,,0
U107881,2025-02-28,Referral,Ops Manager,Desktop,North America,51-200,1.284,7.45,True,True,Trial,Free,,0
U107715,2025-02-28,Social,Founder,Mobile,North America,1-10,0.591,22.07,True,True,Trial,Free,,0
U107063,2025-02-28,Content,Sales Team,Desktop,LATAM,11-50,0.944,15.05,False,False,Free,Free,,0
U107219,2025-02-28,Partnership,Marketing Team,Desktop,North America,51-200,0.563,27.81,False,False,Free,Free,,0
U104260,2025-03-01,Partnership,Marketing Team,Desktop,Europe,51-200,0.772,16.03,False,False,Free,Free,,0
U104472,2025-03-01,Paid Search,Marketing Team,Tablet,North America,1-10,0.698,18.36,True,False,Free,Free,,0
U103641,2025-03-01,Partnership,Sales Team,Desktop,MEA,1-10,1.282,10.43,False,False,Free,Free,,0
U106550,2025-03-01,Partnership,Sales Team,Desktop,Europe,11-50,1.446,13.6,False,False,Free,Free,,0
U104195,2025-03-01,Partnership,Founder,Mobile,North America,1-10,1.417,2.88,False,False,Free,Free,,0
U103015,2025-03-01,Referral,Sales Team,Desktop,Europe,201-1000,1.364,8.19,True,True,Paid,Starter,2025-03-02,19
U108003,2025-03-01,Organic Search,Founder,Desktop,Europe,1-10,1.275,19.94,False,False,Free,Free,,0
U102982,2025-03-01,Paid Search,Sales Team,Desktop,APAC,1-10,0.656,38.59,False,False,Free,Free,,0
U102017,2025-03-01,Content,Sales Team,Desktop,North America,11-50,1.021,25.2,True,False,Free,Free,,0
U107329,2025-03-01,Paid Search,Ops Manager,Desktop,Europe,1-10,1.201,9.16,True,True,Paid,Growth,2025-03-03,59
U107846,2025-03-01,Content,Student / Hobby,Desktop,North America,201-1000,0.523,30.51,True,True,Trial,Free,,0
U100897,2025-03-01,Social,Marketing Team,Tablet,North America,11-50,1.02,30.89,True,False,Free,Free,,0
U107359,2025-03-01,Social,Marketing Team,Desktop,APAC,1000+,0.546,48.87,False,False,Free,Free,,0
U106299,2025-03-01,Paid Search,Founder,Mobile,MEA,1-10,0.948,43.97,True,False,Free,Free,,0
U102073,2025-03-01,Content,Founder,Desktop,Europe,11-50,1.084,7.31,True,True,Paid,Growth,2025-03-09,59
U105069,2025-03-01,Social,Sales Team,Mobile,North America,51-200,0.991,11.34,False,False,Free,Free,,0
U104923,2025-03-01,Organic Search,Marketing Team,Mobile,Europe,11-50,1.057,30.43,True,False,Free,Free,,0
U100475,2025-03-01,Social,Ops Manager,Mobile,Europe,11-50,1.066,35.28,False,False,Free,Free,,0
U102158,2025-03-01,Social,Ops Manager,Desktop,North America,1-10,0.968,30.81,False,False,Free,Free,,0
U105150,2025-03-01,Paid Search,Ops Manager,Desktop,Europe,11-50,0.936,22.91,True,False,Free,Free,,0
U105340,2025-03-01,Organic Search,Founder,Desktop,North America,1-10,1.644,16.86,False,False,Free,Free,,0
U103510,2025-03-01,Paid Search,Ops Manager,Desktop,North America,1-10,0.619,51.35,False,False,Free,Free,,0
U103818,2025-03-01,Content,Marketing Team,Desktop,North America,11-50,0.707,34.62,False,False,Free,Free,,0
U101606,2025-03-01,Organic Search,Marketing Team,Mobile,North America,1-10,0.371,36.02,False,False,Free,Free,,0
U103852,2025-03-01,Organic Search,Founder,Desktop,North America,1-10,0.972,5.55,False,False,Free,Free,,0
U102123,2025-03-01,Organic Search,Marketing Team,Mobile,APAC,201-1000,0.891,16.77,False,False,Free,Free,,0
U100596,2025-03-01,Referral,Founder,Desktop,North America,1-10,1.464,13.54,True,False,Free,Free,,0
U106696,2025-03-01,Referral,Ops Manager,Desktop,North America,51-200,2.006,5.48,False,False,Free,Free,,0
U107312,2025-03-01,Social,Sales Team,Mobile,North America,51-200,0.591,47.05,False,False,Free,Free,,0
U102505,2025-03-01,Paid Search,Sales Team,Desktop,North America,11-50,0.663,28.17,True,False,Free,Free,,0
U103758,2025-03-01,Referral,Founder,Desktop,Europe,1-10,0.886,13.94,False,False,Free,Free,,0
U103622,2025-03-01,Organic Search,Sales Team,Mobile,North America,51-200,1.103,37.91,False,False,Free,Free,,0
U104860,2025-03-01,Organic Search,Ops Manager,Desktop,APAC,11-50,1.22,16.5,False,False,Free,Free,,0
U108298,2025-03-01,Social,Sales Team,Desktop,Europe,11-50,0.997,44.99,False,False,Free,Free,,0
U103679,2025-03-01,Social,Founder,Mobile,North America,1-10,0.803,10.46,False,False,Free,Free,,0
U108421,2025-03-01,Paid Search,Ops Manager,Desktop,North America,1-10,0.749,43.23,False,False,Free,Free,,0
U102945,2025-03-02,Social,Sales Team,Desktop,North America,11-50,0.852,19.03,False,False,Free,Free,,0
U104550,2025-03-02,Paid Search,Student / Hobby,Mobile,North America,51-200,0.611,18.41,False,False,Free,Free,,0
U103219,2025-03-02,Referral,Founder,Desktop,North America,11-50,1.608,4.64,False,False,Free,Free,,0
U101710,2025-03-02,Partnership,Student / Hobby,Mobile,LATAM,11-50,0.694,11.26,False,False,Free,Free,,0
U105310,2025-03-02,Content,Founder,Desktop,North America,51-200,1.419,20.08,True,True,Trial,Free,,0
U104263,2025-03-02,Paid Search,Student / Hobby,Mobile,Europe,11-50,0.347,72.06,False,False,Free,Free,,0
U106154,2025-03-02,Organic Search,Ops Manager,Desktop,APAC,1000+,1.266,6.99,False,False,Free,Free,,0
U106345,2025-03-02,Paid Search,Sales Team,Desktop,Europe,11-50,0.646,13.04,False,False,Free,Free,,0
U100514,2025-03-02,Partnership,Ops Manager,Desktop,North America,51-200,1.089,11.66,False,False,Free,Free,,0
U101353,2025-03-02,Content,Student / Hobby,Desktop,APAC,11-50,0.907,18.24,False,False,Free,Free,,0
U102968,2025-03-02,Organic Search,Founder,Desktop,North America,51-200,1.045,16.28,True,False,Free,Free,,0
U108475,2025-03-02,Organic Search,Ops Manager,Desktop,North America,1-10,1.592,24.79,False,False,Free,Free,,0
U100705,2025-03-02,Social,Sales Team,Mobile,North America,1-10,0.916,30.41,True,True,Trial,Free,,0
U103850,2025-03-02,Organic Search,Ops Manager,Desktop,North America,1-10,0.971,7.77,True,False,Free,Free,,0
U100157,2025-03-02,Paid Search,Founder,Desktop,APAC,11-50,0.596,26.05,False,False,Free,Free,,0
U104162,2025-03-02,Referral,Founder,Mobile,North America,11-50,1.333,21.54,True,False,Free,Free,,0
U108143,2025-03-02,Organic Search,Ops Manager,Mobile,North America,11-50,1.288,8.33,True,True,Trial,Free,,0
U100407,2025-03-02,Organic Search,Ops Manager,Desktop,Europe,1-10,1.319,17.14,False,False,Free,Free,,0
U104371,2025-03-02,Referral,Ops Manager,Tablet,APAC,51-200,1.403,13.22,False,False,Free,Free,,0
U102817,2025-03-02,Content,Ops Manager,Desktop,North America,11-50,1.64,13.58,True,True,Paid,Growth,2025-03-10,59
U104674,2025-03-02,Content,Founder,Desktop,North America,51-200,1.44,21.98,True,False,Free,Free,,0
U101000,2025-03-02,Content,Founder,Mobile,APAC,1-10,1.325,18.55,False,False,Free,Free,,0
U106919,2025-03-02,Content,Sales Team,Desktop,Europe,11-50,0.99,69.4,False,False,Free,Free,,0
U107423,2025-03-02,Social,Sales Team,Desktop,Europe,1-10,0.817,14.39,False,False,Free,Free,,0
U105880,2025-03-02,Paid Search,Sales Team,Desktop,North America,1-10,0.426,19.44,False,False,Free,Free,,0
U104486,2025-03-02,Paid Search,Student / Hobby,Desktop,Europe,11-50,0.498,58.25,False,False,Free,Free,,0
U108141,2025-03-02,Content,Founder,Mobile,North America,1-10,1.194,9.2,False,False,Free,Free,,0
U104067,2025-03-02,Paid Search,Ops Manager,Desktop,APAC,1-10,0.844,25.77,False,False,Free,Free,,0
U103840,2025-03-02,Referral,Student / Hobby,Desktop,MEA,1000+,0.979,24.64,False,False,Free,Free,,0
U108479,2025-03-02,Paid Search,Sales Team,Desktop,North America,11-50,1.045,7.49,False,False,Free,Free,,0
U104892,2025-03-02,Organic Search,Sales Team,Desktop,North America,1-10,0.987,11.18,False,False,Free,Free,,0
U106375,2025-03-02,Paid Search,Founder,Desktop,LATAM,1-10,0.756,30.96,False,False,Free,Free,,0
U100691,2025-03-02,Social,Sales Team,Desktop,Europe,11-50,0.944,21.18,False,False,Free,Free,,0
U105525,2025-03-02,Organic Search,Founder,Desktop,North America,51-200,1.213,27.42,True,True,Paid,Starter,2025-03-07,19
U107764,2025-03-02,Organic Search,Ops Manager,Desktop,LATAM,1-10,1.445,23.87,False,False,Free,Free,,0
U101055,2025-03-02,Organic Search,Founder,Tablet,Europe,51-200,1.142,19.27,False,False,Free,Free,,0
U100076,2025-03-02,Paid Search,Sales Team,Mobile,North America,11-50,0.944,41.03,False,False,Free,Free,,0
U106038,2025-03-02,Referral,Founder,Desktop,North America,1-10,1.296,6.09,False,False,Free,Free,,0
U102012,2025-03-03,Social,Founder,Desktop,Europe,1-10,0.817,11.93,False,False,Free,Free,,0
U104744,2025-03-03,Referral,Ops Manager,Desktop,North America,11-50,1.982,14.87,True,False,Free,Free,,0
U105655,2025-03-03,Organic Search,Ops Manager,Desktop,North America,11-50,1.395,8.47,False,False,Free,Free,,0
U104616,2025-03-03,Social,Student / Hobby,Desktop,North America,1-10,0.38,38.45,False,False,Free,Free,,0
U101406,2025-03-03,Social,Sales Team,Mobile,North America,51-200,0.68,42.66,False,False,Free,Free,,0
U101997,2025-03-03,Referral,Sales Team,Desktop,North America,1-10,1.178,1.43,False,False,Free,Free,,0
U103381,2025-03-03,Referral,Founder,Desktop,Europe,201-1000,1.176,16.21,False,False,Free,Free,,0
U100048,2025-03-03,Content,Sales Team,Mobile,LATAM,11-50,1.093,13.96,True,False,Free,Free,,0
U105108,2025-03-03,Referral,Ops Manager,Mobile,North America,201-1000,1.633,3.81,False,False,Free,Free,,0
U102555,2025-03-03,Organic Search,Ops Manager,Desktop,MEA,11-50,1.304,42.82,False,False,Free,Free,,0
U103238,2025-03-03,Paid Search,Ops Manager,Desktop,APAC,51-200,1.045,11.94,False,False,Free,Free,,0
U106131,2025-03-03,Paid Search,Marketing Team,Desktop,APAC,1-10,0.778,23.44,False,False,Free,Free,,0
U102629,2025-03-03,Paid Search,Marketing Team,Tablet,APAC,11-50,0.771,21.51,True,False,Free,Free,,0
U107949,2025-03-03,Partnership,Ops Manager,Desktop,North America,1-10,1.743,28.21,True,True,Trial,Free,,0
U101684,2025-03-03,Paid Search,Marketing Team,Desktop,MEA,201-1000,0.941,10.85,True,True,Trial,Free,,0
U106069,2025-03-03,Social,Marketing Team,Desktop,APAC,11-50,0.688,24.3,False,False,Free,Free,,0
U105613,2025-03-03,Organic Search,Marketing Team,Tablet,North America,1-10,0.924,19.76,True,False,Free,Free,,0
U107342,2025-03-03,Content,Student / Hobby,Mobile,APAC,11-50,0.678,27.11,False,False,Free,Free,,0
U107749,2025-03-03,Paid Search,Ops Manager,Desktop,North America,1-10,1.026,41.19,True,True,Paid,Scale,2025-03-10,149
U105968,2025-03-03,Organic Search,Ops Manager,Mobile,Europe,11-50,1.192,25.96,True,False,Free,Free,,0
U102821,2025-03-03,Social,Ops Manager,Desktop,North America,11-50,1.082,23.07,False,False,Free,Free,,0
U104489,2025-03-03,Organic Search,Founder,Desktop,LATAM,11-50,1.215,25.03,True,True,Trial,Free,,0
U100225,2025-03-03,Partnership,Founder,Desktop,Europe,51-200,1.087,7.41,True,True,Trial,Free,,0
U100615,2025-03-03,Content,Founder,Desktop,North America,11-50,1.43,3.62,False,False,Free,Free,,0
U103190,2025-03-03,Referral,Founder,Desktop,Europe,51-200,1.347,11.38,False,False,Free,Free,,0
U102316,2025-03-03,Referral,Founder,Desktop,APAC,51-200,1.338,27.28,False,False,Free,Free,,0
U103601,2025-03-03,Paid Search,Marketing Team,Mobile,North America,1-10,1.127,3.22,False,False,Free,Free,,0
U106957,2025-03-03,Social,Student / Hobby,Tablet,Europe,11-50,0.25,159.14,False,False,Free,Free,,0
U103464,2025-03-03,Organic Search,Sales Team,Desktop,Europe,1-10,0.497,36.16,False,False,Free,Free,,0
U100267,2025-03-03,Social,Student / Hobby,Desktop,Europe,51-200,0.4,36.18,False,False,Free,Free,,0
U100330,2025-03-03,Organic Search,Marketing Team,Desktop,LATAM,201-1000,1.165,8.33,False,False,Free,Free,,0
U104687,2025-03-03,Referral,Marketing Team,Desktop,North America,11-50,1.101,18.58,True,True,Trial,Free,,0
U105551,2025-03-03,Organic Search,Sales Team,Desktop,APAC,1-10,1.216,26.05,True,True,Trial,Free,,0
U104902,2025-03-03,Referral,Sales Team,Mobile,Europe,1-10,1.167,10.64,True,True,Trial,Free,,0
U104930,2025-03-03,Partnership,Ops Manager,Desktop,Europe,11-50,1.54,14.89,False,False,Free,Free,,0
U106452,2025-03-03,Content,Sales Team,Desktop,North America,201-1000,0.911,20.85,False,False,Free,Free,,0
U106812,2025-03-03,Social,Marketing Team,Desktop,North America,11-50,0.609,36.63,False,False,Free,Free,,0
U101858,2025-03-03,Partnership,Founder,Desktop,North America,11-50,1.454,3.3,True,True,Paid,Growth,2025-03-06,59
U102685,2025-03-03,Organic Search,Ops Manager,Desktop,North America,1-10,1.229,29.07,False,False,Free,Free,,0
U102041,2025-03-03,Organic Search,Ops Manager,Mobile,North America,11-50,1.128,8.37,False,False,Free,Free,,0
U107848,2025-03-03,Partnership,Marketing Team,Mobile,APAC,1-10,0.644,31.1,False,False,Free,Free,,0
U102344,2025-03-03,Content,Ops Manager,Mobile,Europe,1-10,1.305,10.92,True,True,Paid,Scale,2025-03-09,149
U101798,2025-03-04,Social,Founder,Desktop,Europe,11-50,1.159,19.7,False,False,Free,Free,,0
U105546,2025-03-04,Social,Sales Team,Desktop,Europe,51-200,0.491,61.63,False,False,Free,Free,,0
U103315,2025-03-04,Paid Search,Founder,Desktop,North America,201-1000,0.931,3.1,True,True,Paid,Starter,2025-03-06,19
U103590,2025-03-04,Paid Search,Sales Team,Mobile,North America,11-50,0.925,31.63,True,True,Paid,Growth,2025-03-07,59
U105090,2025-03-04,Partnership,Student / Hobby,Mobile,APAC,51-200,0.451,110.26,False,False,Free,Free,,0
U100171,2025-03-04,Organic Search,Ops Manager,Mobile,North America,201-1000,1.305,8.82,False,False,Free,Free,,0
U102290,2025-03-04,Social,Sales Team,Desktop,North America,1-10,1.113,12.25,False,False,Free,Free,,0
U103835,2025-03-04,Organic Search,Ops Manager,Desktop,APAC,11-50,1.337,9.76,False,False,Free,Free,,0
U105909,2025-03-04,Paid Search,Ops Manager,Desktop,LATAM,1-10,1.032,9.36,False,False,Free,Free,,0
U107050,2025-03-04,Organic Search,Marketing Team,Desktop,Europe,1-10,0.85,30.41,False,False,Free,Free,,0
U105920,2025-03-04,Referral,Founder,Desktop,Europe,1-10,0.991,5.92,False,False,Free,Free,,0
U101647,2025-03-04,Organic Search,Marketing Team,Desktop,North America,11-50,0.754,44.8,False,False,Free,Free,,0
U107242,2025-03-04,Paid Search,Sales Team,Desktop,North America,11-50,0.658,45.2,False,False,Free,Free,,0
U103011,2025-03-04,Social,Founder,Desktop,Europe,11-50,0.875,11.56,False,False,Free,Free,,0
U103339,2025-03-04,Referral,Sales Team,Desktop,MEA,51-200,1.685,11.18,True,True,Paid,Starter,2025-03-04,19
U107125,2025-03-04,Organic Search,Founder,Desktop,APAC,1-10,0.924,18.19,False,False,Free,Free,,0
U105242,2025-03-04,Content,Sales Team,Desktop,Europe,51-200,1.073,13.28,False,False,Free,Free,,0
U106379,2025-03-04,Referral,Sales Team,Desktop,North America,1-10,1.333,3.01,True,True,Trial,Free,,0
U104279,2025-03-04,Paid Search,Founder,Mobile,APAC,1-10,0.641,68.92,False,False,Free,Free,,0
U101199,2025-03-04,Social,Sales Team,Desktop,Europe,11-50,0.647,42.46,False,False,Free,Free,,0
U107562,2025-03-04,Organic Search,Ops Manager,Desktop,North America,51-200,1.016,33.97,False,False,Free,Free,,0
U105696,2025-03-04,Partnership,Marketing Team,Desktop,Europe,51-200,1.068,22.88,False,False,Free,Free,,0
U101521,2025-03-04,Referral,Marketing Team,Mobile,Europe,11-50,0.936,5.84,False,False,Free,Free,,0
U104057,2025-03-04,Organic Search,Sales Team,Mobile,APAC,1-10,0.723,5.79,False,False,Free,Free,,0
U101093,2025-03-04,Referral,Marketing Team,Desktop,North America,1-10,1.155,9.88,False,False,Free,Free,,0
U106208,2025-03-04,Paid Search,Marketing Team,Desktop,APAC,51-200,0.773,15.19,True,False,Free,Free,,0
U102645,2025-03-04,Referral,Sales Team,Desktop,North America,11-50,0.945,5.38,False,False,Free,Free,,0
U105872,2025-03-04,Referral,Ops Manager,Desktop,North America,51-200,1.801,14.63,True,True,Paid,Starter,2025-03-11,19
U104867,2025-03-04,Partnership,Ops Manager,Desktop,North America,201-1000,1.408,14.22,True,False,Free,Free,,0
U105016,2025-03-04,Social,Ops Manager,Desktop,Europe,11-50,1.023,43.0,False,False,Free,Free,,0
U105219,2025-03-04,Social,Sales Team,Desktop,North America,1-10,0.76,22.69,False,False,Free,Free,,0
U100557,2025-03-04,Organic Search,Marketing Team,Desktop,APAC,11-50,1.15,12.8,False,False,Free,Free,,0
U103555,2025-03-04,Social,Founder,Mobile,LATAM,1-10,0.921,14.15,False,False,Free,Free,,0
U102550,2025-03-05,Organic Search,Marketing Team,Desktop,LATAM,51-200,0.715,22.41,False,False,Free,Free,,0
U104174,2025-03-05,Social,Founder,Desktop,North America,51-200,0.871,22.43,False,False,Free,Free,,0
U100669,2025-03-05,Content,Marketing Team,Desktop,North America,51-200,0.958,20.28,True,False,Free,Free,,0
U106377,2025-03-05,Paid Search,Ops Manager,Desktop,North America,1-10,1.083,7.38,False,False,Free,Free,,0
U105102,2025-03-05,Social,Ops Manager,Mobile,North America,11-50,0.641,52.13,False,False,Free,Free,,0
U103651,2025-03-05,Social,Ops Manager,Desktop,APAC,11-50,1.105,2.49,False,False,Free,Free,,0
U104101,2025-03-05,Organic Search,Ops Manager,Desktop,APAC,51-200,1.268,15.3,False,False,Free,Free,,0
U103950,2025-03-05,Referral,Marketing Team,Desktop,North America,11-50,1.284,1.54,True,True,Trial,Free,,0
U103673,2025-03-05,Paid Search,Founder,Mobile,North America,1-10,1.072,6.46,True,False,Free,Free,,0
U100931,2025-03-05,Paid Search,Sales Team,Desktop,North America,1-10,0.493,56.54,False,False,Free,Free,,0
U107931,2025-03-05,Paid Search,Founder,Desktop,North America,1-10,0.792,27.45,False,False,Free,Free,,0
U101589,2025-03-05,Paid Search,Sales Team,Tablet,LATAM,201-1000,1.175,14.44,False,False,Free,Free,,0
U104706,2025-03-05,Content,Sales Team,Desktop,APAC,51-200,1.388,8.17,True,True,Paid,Starter,2025-03-06,19
U105588,2025-03-05,Paid Search,Sales Team,Mobile,Europe,11-50,0.991,23.15,False,False,Free,Free,,0
U105308,2025-03-05,Referral,Founder,Mobile,Europe,11-50,1.493,4.8,False,False,Free,Free,,0
U107782,2025-03-05,Content,Ops Manager,Desktop,North America,201-1000,1.221,41.46,False,False,Free,Free,,0
U100910,2025-03-05,Referral,Ops Manager,Mobile,North America,1-10,1.337,17.55,False,False,Free,Free,,0
U105537,2025-03-05,Referral,Sales Team,Desktop,APAC,1-10,1.105,40.31,False,False,Free,Free,,0
U100398,2025-03-05,Paid Search,Marketing Team,Desktop,APAC,1-10,0.317,53.76,True,False,Free,Free,,0
U106451,2025-03-05,Partnership,Founder,Desktop,Europe,51-200,1.37,6.3,True,False,Free,Free,,0
U107485,2025-03-05,Referral,Founder,Desktop,APAC,1-10,1.712,19.49,True,False,Free,Free,,0
U101796,2025-03-05,Social,Ops Manager,Mobile,North America,1-10,1.365,2.78,False,False,Free,Free,,0
U105071,2025-03-05,Paid Search,Founder,Desktop,Europe,11-50,0.851,9.0,False,False,Free,Free,,0
U100077,2025-03-05,Partnership,Ops Manager,Desktop,North America,51-200,1.177,16.98,True,True,Paid,Starter,2025-03-12,19
U102595,2025-03-05,Paid Search,Student / Hobby,Desktop,MEA,1-10,0.25,57.22,False,False,Free,Free,,0
U108111,2025-03-05,Organic Search,Sales Team,Mobile,Europe,201-1000,0.882,35.16,False,False,Free,Free,,0
U108414,2025-03-05,Organic Search,Founder,Desktop,MEA,1000+,1.154,16.01,False,False,Free,Free,,0
U100319,2025-03-05,Organic Search,Ops Manager,Desktop,North America,1-10,1.336,44.42,False,False,Free,Free,,0
U102241,2025-03-05,Social,Student / Hobby,Desktop,North America,1-10,0.754,42.18,True,True,Trial,Free,,0
U102408,2025-03-05,Organic Search,Founder,Desktop,Europe,1-10,1.791,4.81,True,True,Paid,Starter,2025-03-12,19
U107565,2025-03-05,Referral,Ops Manager,Desktop,Europe,201-1000,1.614,9.5,False,False,Free,Free,,0
U104439,2025-03-05,Social,Student / Hobby,Desktop,North America,51-200,0.528,18.88,False,False,Free,Free,,0
U100823,2025-03-05,Social,Founder,Desktop,Europe,11-50,0.951,7.86,True,True,Trial,Free,,0
U107617,2025-03-05,Social,Student / Hobby,Mobile,North America,1-10,0.357,43.53,False,False,Free,Free,,0
U107597,2025-03-06,Social,Sales Team,Desktop,Europe,51-200,0.371,186.47,False,False,Free,Free,,0
U101388,2025-03-06,Referral,Founder,Desktop,APAC,51-200,1.584,3.56,False,False,Free,Free,,0
U105160,2025-03-06,Referral,Student / Hobby,Tablet,LATAM,1-10,0.565,77.19,False,False,Free,Free,,0
U102732,2025-03-06,Paid Search,Student / Hobby,Desktop,APAC,11-50,0.36,72.99,False,False,Free,Free,,0
U105832,2025-03-06,Referral,Sales Team,Desktop,North America,201-1000,1.376,16.66,True,False,Free,Free,,0
U100095,2025-03-06,Social,Founder,Mobile,North America,11-50,0.731,139.41,False,False,Free,Free,,0
U107371,2025-03-06,Organic Search,Sales Team,Desktop,APAC,201-1000,0.655,26.17,False,False,Free,Free,,0
U108205,2025-03-06,Organic Search,Founder,Desktop,Europe,1000+,1.142,43.86,True,False,Free,Free,,0
U100401,2025-03-06,Referral,Sales Team,Desktop,North America,11-50,1.534,16.71,True,False,Free,Free,,0
U103111,2025-03-06,Social,Student / Hobby,Desktop,APAC,11-50,0.277,58.62,True,False,Free,Free,,0
U100700,2025-03-06,Organic Search,Sales Team,Desktop,APAC,1-10,0.855,14.34,False,False,Free,Free,,0
U103244,2025-03-06,Paid Search,Marketing Team,Desktop,North America,51-200,0.659,15.49,False,False,Free,Free,,0
U102079,2025-03-06,Social,Marketing Team,Mobile,Europe,201-1000,0.579,59.01,False,False,Free,Free,,0
U100221,2025-03-06,Paid Search,Ops Manager,Desktop,Europe,51-200,1.138,6.68,False,False,Free,Free,,0
U103415,2025-03-06,Partnership,Ops Manager,Desktop,Europe,1-10,1.508,60.48,False,False,Free,Free,,0
U100738,2025-03-06,Referral,Sales Team,Mobile,North America,11-50,1.353,2.74,False,False,Free,Free,,0
U107887,2025-03-06,Partnership,Student / Hobby,Mobile,APAC,11-50,0.736,31.04,False,False,Free,Free,,0
U101922,2025-03-06,Partnership,Ops Manager,Desktop,Europe,1000+,1.138,9.37,True,False,Free,Free,,0
U105730,2025-03-06,Organic Search,Ops Manager,Desktop,North America,1-10,1.543,9.05,True,False,Free,Free,,0
U100464,2025-03-06,Content,Sales Team,Mobile,North America,1-10,1.076,23.17,False,False,Free,Free,,0
U102295,2025-03-06,Content,Marketing Team,Desktop,North America,201-1000,1.267,16.36,True,False,Free,Free,,0
U103468,2025-03-06,Content,Marketing Team,Mobile,North America,1-10,0.889,8.5,True,False,Free,Free,,0
U105131,2025-03-06,Content,Ops Manager,Desktop,North America,51-200,1.363,21.18,False,False,Free,Free,,0
U104516,2025-03-06,Paid Search,Sales Team,Mobile,North America,51-200,0.808,10.49,False,False,Free,Free,,0
U104518,2025-03-06,Paid Search,Ops Manager,Desktop,APAC,1-10,1.031,14.3,True,False,Free,Free,,0
U105063,2025-03-06,Content,Founder,Desktop,North America,1-10,0.814,60.71,False,False,Free,Free,,0
U101715,2025-03-06,Content,Marketing Team,Desktop,Europe,1-10,0.784,25.09,False,False,Free,Free,,0
U104832,2025-03-06,Organic Search,Sales Team,Desktop,APAC,1-10,1.053,13.72,True,True,Trial,Free,,0
U104846,2025-03-06,Paid Search,Sales Team,Desktop,Europe,11-50,0.635,50.68,False,False,Free,Free,,0
U100658,2025-03-06,Referral,Ops Manager,Desktop,Europe,11-50,1.563,9.77,True,False,Free,Free,,0
U107553,2025-03-06,Referral,Founder,Desktop,Europe,201-1000,1.66,10.42,False,False,Free,Free,,0
U103697,2025-03-06,Paid Search,Ops Manager,Desktop,North America,11-50,0.703,22.71,False,False,Free,Free,,0
U107557,2025-03-06,Content,Marketing Team,Desktop,Europe,11-50,1.133,10.4,True,False,Free,Free,,0
U105345,2025-03-06,Paid Search,Sales Team,Mobile,North America,11-50,1.222,16.25,False,False,Free,Free,,0
U105817,2025-03-06,Content,Sales Team,Tablet,North America,11-50,1.114,28.11,False,False,Free,Free,,0
U104440,2025-03-06,Paid Search,Founder,Desktop,MEA,11-50,0.713,34.05,False,False,Free,Free,,0
U107936,2025-03-07,Organic Search,Ops Manager,Desktop,North America,1-10,1.195,5.12,True,False,Free,Free,,0
U104421,2025-03-07,Referral,Marketing Team,Mobile,Europe,201-1000,1.147,3.5,True,False,Free,Free,,0
U100476,2025-03-07,Paid Search,Founder,Desktop,North America,11-50,1.061,15.91,True,False,Free,Free,,0
U103141,2025-03-07,Organic Search,Sales Team,Desktop,North America,11-50,1.378,14.31,False,False,Free,Free,,0
U100919,2025-03-07,Referral,Student / Hobby,Mobile,North America,1-10,0.772,28.55,False,False,Free,Free,,0
U101871,2025-03-07,Paid Search,Marketing Team,Tablet,Europe,11-50,0.925,13.11,True,True,Paid,Starter,2025-03-09,19
U108058,2025-03-07,Paid Search,Founder,Desktop,North America,201-1000,1.325,11.73,True,False,Free,Free,,0
U107073,2025-03-07,Referral,Marketing Team,Mobile,North America,1-10,1.217,31.53,True,False,Free,Free,,0
U105243,2025-03-07,Organic Search,Ops Manager,Desktop,APAC,1-10,1.042,5.2,True,False,Free,Free,,0
U102373,2025-03-07,Referral,Ops Manager,Desktop,North America,201-1000,1.685,12.43,True,True,Trial,Free,,0
U100113,2025-03-07,Social,Sales Team,Desktop,Europe,11-50,0.835,14.03,True,False,Free,Free,,0
U104672,2025-03-07,Social,Student / Hobby,Desktop,Europe,11-50,0.401,70.07,True,False,Free,Free,,0
U101354,2025-03-07,Paid Search,Marketing Team,Desktop,APAC,51-200,0.905,15.25,False,False,Free,Free,,0
U107900,2025-03-07,Content,Ops Manager,Desktop,North America,201-1000,1.086,10.46,True,False,Free,Free,,0
U101026,2025-03-07,Referral,Ops Manager,Desktop,Europe,51-200,1.716,9.72,True,True,Paid,Growth,2025-03-08,59
U105498,2025-03-07,Social,Ops Manager,Desktop,North America,1-10,0.932,24.16,False,False,Free,Free,,0
U105924,2025-03-07,Content,Founder,Desktop,North America,201-1000,1.733,9.68,True,False,Free,Free,,0
U105557,2025-03-07,Organic Search,Marketing Team,Mobile,LATAM,1-10,1.143,4.67,False,False,Free,Free,,0
U101553,2025-03-07,Organic Search,Ops Manager,Desktop,APAC,1-10,1.26,14.89,False,False,Free,Free,,0
U105630,2025-03-07,Social,Founder,Desktop,North America,51-200,0.696,12.98,False,False,Free,Free,,0
U108319,2025-03-07,Content,Ops Manager,Desktop,North America,11-50,2.009,8.04,True,True,Trial,Free,,0
U104387,2025-03-07,Organic Search,Student / Hobby,Desktop,LATAM,1-10,0.43,17.1,False,False,Free,Free,,0
U100068,2025-03-07,Referral,Ops Manager,Desktop,North America,1-10,1.787,23.22,True,True,Paid,Growth,2025-03-14,59
U106520,2025-03-07,Social,Ops Manager,Desktop,APAC,201-1000,0.876,12.31,False,False,Free,Free,,0
U101671,2025-03-07,Paid Search,Founder,Desktop,Europe,1-10,1.244,26.01,True,True,Paid,Growth,2025-03-09,59
U107130,2025-03-07,Referral,Marketing Team,Mobile,North America,1-10,0.703,37.04,False,False,Free,Free,,0
U103916,2025-03-07,Referral,Founder,Desktop,North America,201-1000,1.409,11.58,True,True,Trial,Free,,0
U104571,2025-03-07,Paid Search,Founder,Tablet,North America,11-50,0.708,45.94,False,False,Free,Free,,0
U107231,2025-03-07,Organic Search,Founder,Tablet,LATAM,1-10,0.995,28.97,False,False,Free,Free,,0
U103540,2025-03-07,Paid Search,Founder,Mobile,North America,1-10,1.09,15.97,False,False,Free,Free,,0
U106527,2025-03-07,Content,Sales Team,Desktop,North America,11-50,1.057,11.97,True,True,Trial,Free,,0
U107546,2025-03-07,Paid Search,Marketing Team,Desktop,APAC,51-200,0.345,35.48,False,False,Free,Free,,0
U104612,2025-03-07,Referral,Student / Hobby,Desktop,North America,1-10,0.952,9.38,False,False,Free,Free,,0
U104104,2025-03-07,Paid Search,Founder,Desktop,MEA,11-50,1.025,9.76,False,False,Free,Free,,0
U105527,2025-03-07,Partnership,Ops Manager,Desktop,Europe,1-10,1.518,8.76,False,False,Free,Free,,0
U105282,2025-03-07,Organic Search,Ops Manager,Mobile,North America,1-10,1.21,15.68,False,False,Free,Free,,0
U102294,2025-03-08,Referral,Sales Team,Desktop,North America,11-50,1.593,21.7,True,True,Paid,Growth,2025-03-16,59
U103570,2025-03-08,Content,Marketing Team,Desktop,APAC,51-200,1.22,6.5,True,False,Free,Free,,0
U103749,2025-03-08,Organic Search,Marketing Team,Desktop,North America,51-200,0.598,22.58,False,False,Free,Free,,0
U103897,2025-03-08,Organic Search,Sales Team,Desktop,North America,1-10,1.194,20.98,False,False,Free,Free,,0
U100593,2025-03-08,Referral,Ops Manager,Mobile,North America,11-50,1.49,13.7,False,False,Free,Free,,0
U108442,2025-03-08,Social,Founder,Desktop,APAC,11-50,0.859,24.15,False,False,Free,Free,,0
U103573,2025-03-08,Organic Search,Ops Manager,Desktop,Europe,201-1000,1.725,17.73,True,True,Trial,Free,,0
U103653,2025-03-08,Organic Search,Founder,Desktop,North America,1-10,1.452,5.99,False,False,Free,Free,,0
U105933,2025-03-08,Referral,Ops Manager,Mobile,LATAM,51-200,1.491,19.99,False,False,Free,Free,,0
U104084,2025-03-08,Organic Search,Marketing Team,Mobile,LATAM,11-50,0.904,4.05,False,False,Free,Free,,0
U103258,2025-03-08,Content,Ops Manager,Desktop,Europe,1-10,1.461,25.58,False,False,Free,Free,,0
U101404,2025-03-08,Referral,Ops Manager,Mobile,LATAM,11-50,1.416,12.61,True,True,Trial,Free,,0
U104649,2025-03-08,Organic Search,Marketing Team,Desktop,MEA,1-10,1.072,11.0,False,False,Free,Free,,0
U107135,2025-03-08,Content,Ops Manager,Desktop,North America,1-10,1.497,23.62,True,True,Trial,Free,,0
U105289,2025-03-08,Social,Founder,Desktop,Europe,1-10,0.584,24.52,True,False,Free,Free,,0
U108314,2025-03-08,Paid Search,Founder,Desktop,Europe,11-50,0.722,23.34,False,False,Free,Free,,0
U105122,2025-03-08,Organic Search,Founder,Desktop,North America,51-200,1.273,18.61,False,False,Free,Free,,0
U101531,2025-03-08,Organic Search,Founder,Mobile,North America,1-10,1.44,24.56,True,True,Trial,Free,,0
U104431,2025-03-08,Referral,Sales Team,Desktop,North America,11-50,1.218,7.93,True,True,Trial,Free,,0
U100530,2025-03-08,Social,Sales Team,Mobile,Europe,1-10,0.86,33.54,False,False,Free,Free,,0
U105964,2025-03-08,Referral,Ops Manager,Desktop,North America,11-50,1.311,21.84,True,False,Free,Free,,0
U104781,2025-03-08,Social,Student / Hobby,Desktop,North America,51-200,0.25,101.63,False,False,Free,Free,,0
U104983,2025-03-08,Organic Search,Founder,Desktop,APAC,1-10,1.3,11.75,True,False,Free,Free,,0
U103469,2025-03-08,Paid Search,Sales Team,Mobile,MEA,1-10,0.868,15.81,True,True,Trial,Free,,0
U102993,2025-03-08,Referral,Ops Manager,Desktop,North America,1-10,1.667,2.82,True,False,Free,Free,,0
U100263,2025-03-08,Organic Search,Founder,Desktop,Europe,1-10,1.207,19.0,True,True,Paid,Starter,2025-03-16,19
U105960,2025-03-08,Partnership,Student / Hobby,Mobile,Europe,1-10,0.389,39.33,False,False,Free,Free,,0
U106929,2025-03-08,Paid Search,Marketing Team,Mobile,APAC,11-50,0.662,23.62,False,False,Free,Free,,0
U102145,2025-03-08,Social,Ops Manager,Desktop,North America,1-10,1.04,76.38,False,False,Free,Free,,0
U100200,2025-03-08,Organic Search,Founder,Mobile,LATAM,51-200,1.478,13.9,False,False,Free,Free,,0
U101792,2025-03-08,Paid Search,Ops Manager,Desktop,North America,11-50,1.01,12.75,False,False,Free,Free,,0
U108221,2025-03-08,Referral,Marketing Team,Desktop,MEA,1-10,1.497,14.18,False,False,Free,Free,,0
U104985,2025-03-08,Referral,Founder,Mobile,Europe,1-10,1.722,12.55,False,False,Free,Free,,0
U103365,2025-03-09,Content,Founder,Desktop,North America,201-1000,1.156,12.75,False,False,Free,Free,,0
U107315,2025-03-09,Content,Founder,Mobile,North America,1-10,1.07,4.22,True,True,Paid,Scale,2025-03-11,149
U100507,2025-03-09,Paid Search,Student / Hobby,Desktop,North America,1-10,0.347,105.63,False,False,Free,Free,,0
U102220,2025-03-09,Referral,Sales Team,Desktop,LATAM,201-1000,1.117,13.5,False,False,Free,Free,,0
U101217,2025-03-09,Referral,Founder,Desktop,APAC,1-10,1.833,1.54,True,True,Paid,Starter,2025-03-13,19
U106650,2025-03-09,Referral,Ops Manager,Desktop,North America,51-200,1.523,6.92,True,True,Paid,Starter,2025-03-09,19
U103803,2025-03-09,Social,Sales Team,Mobile,APAC,1-10,0.775,28.08,False,False,Free,Free,,0
U101549,2025-03-09,Social,Sales Team,Desktop,LATAM,11-50,0.926,17.93,False,False,Free,Free,,0
U104037,2025-03-09,Organic Search,Sales Team,Desktop,North America,1000+,1.054,9.25,False,False,Free,Free,,0
U102137,2025-03-09,Organic Search,Ops Manager,Mobile,APAC,201-1000,1.228,19.91,False,False,Free,Free,,0
U103025,2025-03-09,Organic Search,Sales Team,Tablet,Europe,11-50,0.839,38.93,True,True,Trial,Free,,0
U106228,2025-03-09,Paid Search,Ops Manager,Desktop,Europe,1-10,1.167,8.82,False,False,Free,Free,,0
U100374,2025-03-09,Paid Search,Ops Manager,Mobile,North America,1-10,1.031,2.13,True,False,Free,Free,,0
U100731,2025-03-09,Paid Search,Marketing Team,Desktop,Europe,1-10,0.567,21.13,False,False,Free,Free,,0
U100044,2025-03-09,Social,Sales Team,Desktop,APAC,1000+,0.904,26.99,False,False,Free,Free,,0
U105397,2025-03-09,Organic Search,Sales Team,Desktop,North America,51-200,1.17,18.47,False,False,Free,Free,,0
U106713,2025-03-09,Organic Search,Ops Manager,Mobile,LATAM,1-10,1.382,6.47,True,False,Free,Free,,0
U106438,2025-03-09,Referral,Marketing Team,Desktop,North America,51-200,0.794,13.92,False,False,Free,Free,,0
U101971,2025-03-09,Paid Search,Founder,Mobile,Europe,1-10,0.586,31.71,False,False,Free,Free,,0
U100517,2025-03-09,Organic Search,Sales Team,Desktop,LATAM,1-10,0.768,32.48,False,False,Free,Free,,0
U104442,2025-03-09,Social,Sales Team,Desktop,North America,11-50,0.723,49.14,False,False,Free,Free,,0
U108384,2025-03-09,Social,Founder,Desktop,APAC,51-200,0.75,10.4,False,False,Free,Free,,0
U105491,2025-03-09,Paid Search,Student / Hobby,Desktop,North America,1-10,0.504,11.25,False,False,Free,Free,,0
U105622,2025-03-09,Social,Founder,Tablet,North America,11-50,0.781,44.45,False,False,Free,Free,,0
U104358,2025-03-09,Organic Search,Founder,Mobile,Europe,1-10,1.292,34.04,True,False,Free,Free,,0
U103320,2025-03-09,Referral,Sales Team,Desktop,North America,201-1000,1.286,8.26,True,False,Free,Free,,0
U101582,2025-03-09,Paid Search,Ops Manager,Desktop,North America,11-50,0.836,10.59,False,False,Free,Free,,0
U107452,2025-03-09,Paid Search,Ops Manager,Desktop,LATAM,1-10,1.183,12.62,False,False,Free,Free,,0
U107345,2025-03-09,Organic Search,Ops Manager,Desktop,North America,51-200,1.244,26.44,True,False,Free,Free,,0
U105881,2025-03-09,Content,Sales Team,Mobile,North America,11-50,1.283,5.88,True,True,Paid,Scale,2025-03-15,149
U103160,2025-03-09,Organic Search,Ops Manager,Mobile,LATAM,1-10,1.137,3.78,True,False,Free,Free,,0
U104023,2025-03-09,Content,Ops Manager,Desktop,APAC,11-50,1.077,41.67,False,False,Free,Free,,0
U100878,2025-03-10,Referral,Founder,Desktop,North America,1-10,1.719,10.71,True,True,Paid,Starter,2025-03-16,19
U102764,2025-03-10,Content,Marketing Team,Desktop,Europe,11-50,1.089,19.59,True,True,Paid,Growth,2025-03-12,59
U103361,2025-03-10,Organic Search,Sales Team,Mobile,LATAM,1-10,0.694,16.58,False,False,Free,Free,,0
U101008,2025-03-10,Organic Search,Founder,Desktop,MEA,51-200,1.4,14.46,True,False,Free,Free,,0
U105370,2025-03-10,Organic Search,Ops Manager,Desktop,North America,1-10,1.383,45.34,False,False,Free,Free,,0
U107649,2025-03-10,Paid Search,Sales Team,Desktop,North America,11-50,0.771,9.18,True,False,Free,Free,,0
U108034,2025-03-10,Paid Search,Marketing Team,Desktop,North America,1-10,0.767,8.75,False,False,Free,Free,,0
U102863,2025-03-10,Organic Search,Ops Manager,Desktop,North America,11-50,0.913,25.61,False,False,Free,Free,,0
U103302,2025-03-10,Organic Search,Marketing Team,Desktop,Europe,201-1000,0.615,18.91,False,False,Free,Free,,0
U100788,2025-03-10,Referral,Sales Team,Desktop,APAC,11-50,1.481,45.03,False,False,Free,Free,,0
U104119,2025-03-10,Organic Search,Marketing Team,Desktop,Europe,11-50,0.721,11.44,False,False,Free,Free,,0
U104532,2025-03-10,Partnership,Founder,Desktop,Europe,1-10,1.38,15.34,False,False,Free,Free,,0
U106765,2025-03-10,Social,Ops Manager,Desktop,North America,51-200,0.871,31.05,False,False,Free,Free,,0
U100277,2025-03-10,Social,Marketing Team,Desktop,APAC,1000+,0.625,30.38,False,False,Free,Free,,0
U103086,2025-03-10,Content,Marketing Team,Desktop,North America,11-50,1.138,20.16,True,True,Trial,Free,,0
U104973,2025-03-10,Social,Sales Team,Desktop,North America,1-10,0.746,44.61,True,False,Free,Free,,0
U104968,2025-03-10,Social,Ops Manager,Mobile,North America,1-10,0.795,56.34,False,False,Free,Free,,0
U104795,2025-03-10,Referral,Founder,Desktop,APAC,1-10,1.366,8.29,True,True,Trial,Free,,0
U100484,2025-03-10,Paid Search,Marketing Team,Desktop,North America,1-10,0.844,67.73,True,False,Free,Free,,0
U105143,2025-03-10,Organic Search,Founder,Desktop,APAC,11-50,1.233,13.96,False,False,Free,Free,,0
U107398,2025-03-10,Paid Search,Sales Team,Desktop,APAC,11-50,0.25,53.51,False,False,Free,Free,,0
U102549,2025-03-10,Organic Search,Founder,Desktop,North America,1-10,1.219,11.54,True,False,Free,Free,,0
U101895,2025-03-10,Referral,Founder,Desktop,Europe,11-50,1.391,17.93,False,False,Free,Free,,0
U108312,2025-03-10,Referral,Marketing Team,Tablet,Europe,11-50,1.038,7.32,True,False,Free,Free,,0
U101136,2025-03-10,Paid Search,Marketing Team,Desktop,Europe,201-1000,0.491,29.67,False,False,Free,Free,,0
U103961,2025-03-10,Paid Search,Founder,Desktop,North America,1-10,0.719,16.34,True,False,Free,Free,,0
U106126,2025-03-10,Social,Ops Manager,Desktop,APAC,11-50,0.788,4.24,True,False,Free,Free,,0
U100494,2025-03-10,Organic Search,Founder,Mobile,Europe,11-50,1.527,15.9,False,False,Free,Free,,0
U100793,2025-03-10,Partnership,Ops Manager,Mobile,North America,201-1000,1.366,9.07,False,False,Free,Free,,0
U104787,2025-03-10,Referral,Student / Hobby,Mobile,Europe,11-50,0.473,45.01,False,False,Free,Free,,0
U105043,2025-03-10,Social,Ops Manager,Desktop,North America,11-50,0.943,39.71,True,False,Free,Free,,0
U100184,2025-03-10,Social,Founder,Desktop,Europe,1-10,1.091,28.45,True,True,Trial,Free,,0
U103655,2025-03-10,Social,Ops Manager,Mobile,LATAM,1-10,0.789,24.71,False,False,Free,Free,,0
U106393,2025-03-10,Organic Search,Sales Team,Desktop,APAC,1-10,1.288,14.75,True,True,Paid,Growth,2025-03-15,59
U107816,2025-03-10,Paid Search,Founder,Desktop,Europe,1-10,1.307,37.1,True,True,Trial,Free,,0
U106985,2025-03-10,Organic Search,Ops Manager,Mobile,LATAM,51-200,1.588,14.3,False,False,Free,Free,,0
U104731,2025-03-10,Social,Ops Manager,Desktop,Europe,1-10,1.341,3.94,False,False,Free,Free,,0
U107228,2025-03-10,Referral,Ops Manager,Mobile,Europe,11-50,1.682,8.89,False,False,Free,Free,,0
U100802,2025-03-10,Organic Search,Student / Hobby,Mobile,APAC,1-10,0.6,23.95,False,False,Free,Free,,0
U107823,2025-03-10,Social,Marketing Team,Mobile,Europe,1-10,0.968,36.27,False,False,Free,Free,,0
U107697,2025-03-10,Referral,Marketing Team,Desktop,APAC,1-10,1.131,36.56,True,False,Free,Free,,0
U106904,2025-03-10,Organic Search,Ops Manager,Desktop,North America,11-50,1.392,25.14,False,False,Free,Free,,0
U107127,2025-03-10,Organic Search,Marketing Team,Mobile,North America,11-50,0.861,31.31,False,False,Free,Free,,0
U100169,2025-03-10,Paid Search,Founder,Mobile,North America,1-10,0.913,40.22,False,False,Free,Free,,0
U105728,2025-03-11,Partnership,Student / Hobby,Desktop,LATAM,1-10,0.626,33.63,False,False,Free,Free,,0
U103438,2025-03-11,Organic Search,Marketing Team,Mobile,Europe,1-10,1.055,22.47,False,False,Free,Free,,0
U103866,2025-03-11,Referral,Marketing Team,Desktop,APAC,1000+,1.324,13.13,True,False,Free,Free,,0
U101464,2025-03-11,Referral,Ops Manager,Desktop,APAC,51-200,1.731,16.45,True,True,Paid,Starter,2025-03-13,19
U106892,2025-03-11,Referral,Marketing Team,Desktop,North America,11-50,1.214,12.42,True,False,Free,Free,,0
U102434,2025-03-11,Content,Marketing Team,Desktop,North America,51-200,1.045,15.06,False,False,Free,Free,,0
U107403,2025-03-11,Social,Founder,Desktop,North America,1-10,0.81,63.98,False,False,Free,Free,,0
U101276,2025-03-11,Paid Search,Founder,Desktop,North America,11-50,0.751,28.55,True,False,Free,Free,,0
U104382,2025-03-11,Organic Search,Ops Manager,Tablet,Europe,1-10,1.533,10.53,False,False,Free,Free,,0
U108140,2025-03-11,Social,Sales Team,Desktop,Europe,1-10,0.641,69.49,False,False,Free,Free,,0
U104915,2025-03-11,Organic Search,Marketing Team,Desktop,North America,1-10,1.185,9.6,True,False,Free,Free,,0
U102055,2025-03-11,Organic Search,Sales Team,Desktop,APAC,1-10,0.98,48.2,False,False,Free,Free,,0
U104615,2025-03-11,Organic Search,Ops Manager,Desktop,LATAM,11-50,1.384,13.1,False,False,Free,Free,,0
U107621,2025-03-11,Referral,Founder,Desktop,APAC,1-10,1.403,12.41,True,False,Free,Free,,0
U104606,2025-03-11,Social,Ops Manager,Desktop,APAC,11-50,1.02,35.22,True,False,Free,Free,,0
U102205,2025-03-11,Content,Founder,Desktop,North America,1-10,1.383,27.79,False,False,Free,Free,,0
U106672,2025-03-11,Paid Search,Founder,Mobile,North America,201-1000,0.997,3.16,False,False,Free,Free,,0
U101242,2025-03-11,Organic Search,Sales Team,Tablet,LATAM,1-10,1.088,58.98,True,False,Free,Free,,0
U102238,2025-03-11,Referral,Ops Manager,Mobile,APAC,1000+,1.803,8.12,True,True,Paid,Starter,2025-03-19,19
U107609,2025-03-11,Paid Search,Sales Team,Desktop,North America,51-200,0.927,6.65,False,False,Free,Free,,0
U104510,2025-03-11,Organic Search,Sales Team,Mobile,North America,1-10,0.763,11.43,False,False,Free,Free,,0
U100752,2025-03-11,Paid Search,Student / Hobby,Mobile,APAC,11-50,0.25,55.5,True,False,Free,Free,,0
U105028,2025-03-11,Paid Search,Founder,Desktop,North America,1-10,0.989,27.42,False,False,Free,Free,,0
U102937,2025-03-11,Referral,Sales Team,Desktop,APAC,201-1000,1.388,22.48,False,False,Free,Free,,0
U101263,2025-03-11,Social,Founder,Desktop,North America,11-50,0.777,26.72,False,False,Free,Free,,0
U107558,2025-03-11,Paid Search,Student / Hobby,Mobile,Europe,51-200,0.62,28.12,False,False,Free,Free,,0
U101146,2025-03-11,Social,Ops Manager,Desktop,North America,11-50,0.885,20.41,False,False,Free,Free,,0
U101878,2025-03-11,Referral,Sales Team,Mobile,North America,11-50,1.076,48.42,False,False,Free,Free,,0
U108443,2025-03-11,Paid Search,Ops Manager,Mobile,North America,11-50,0.59,33.51,False,False,Free,Free,,0
U102854,2025-03-11,Organic Search,Ops Manager,Desktop,North America,201-1000,1.155,46.14,False,False,Free,Free,,0
U103677,2025-03-11,Organic Search,Marketing Team,Desktop,Europe,1-10,0.508,64.46,True,True,Trial,Free,,0
U103575,2025-03-11,Paid Search,Founder,Desktop,North America,11-50,0.745,8.34,False,False,Free,Free,,0
U104111,2025-03-11,Referral,Founder,Desktop,Europe,1-10,1.389,39.53,True,False,Free,Free,,0
U104096,2025-03-11,Organic Search,Ops Manager,Tablet,North America,51-200,1.501,8.8,True,True,Trial,Free,,0
U107267,2025-03-11,Partnership,Ops Manager,Tablet,LATAM,201-1000,1.144,20.59,False,False,Free,Free,,0
U101294,2025-03-11,Social,Sales Team,Desktop,APAC,201-1000,0.912,17.46,True,False,Free,Free,,0
U108280,2025-03-11,Partnership,Sales Team,Mobile,Europe,51-200,1.306,10.13,True,False,Free,Free,,0
U103240,2025-03-11,Partnership,Marketing Team,Mobile,North America,51-200,1.224,16.93,True,False,Free,Free,,0
U100975,2025-03-11,Paid Search,Ops Manager,Desktop,Europe,201-1000,0.908,24.62,True,False,Free,Free,,0
U103994,2025-03-11,Referral,Founder,Desktop,Europe,11-50,2.059,0.67,True,True,Paid,Growth,2025-03-18,59
U103279,2025-03-11,Social,Ops Manager,Desktop,Europe,1-10,0.747,16.12,False,False,Free,Free,,0
U101076,2025-03-11,Paid Search,Marketing Team,Desktop,Europe,1-10,1.019,21.82,False,False,Free,Free,,0
U103619,2025-03-11,Organic Search,Sales Team,Mobile,APAC,1-10,1.186,0.15,False,False,Free,Free,,0
U100702,2025-03-11,Content,Sales Team,Desktop,Europe,51-200,0.937,36.57,False,False,Free,Free,,0
U105494,2025-03-11,Organic Search,Founder,Mobile,LATAM,1-10,1.108,16.59,False,False,Free,Free,,0
U102967,2025-03-11,Organic Search,Sales Team,Mobile,North America,1-10,1.097,21.58,True,False,Free,Free,,0
U101065,2025-03-11,Referral,Founder,Mobile,North America,51-200,1.605,35.8,False,False,Free,Free,,0
U100033,2025-03-12,Organic Search,Founder,Desktop,Europe,1-10,1.13,12.04,False,False,Free,Free,,0
U104463,2025-03-12,Organic Search,Marketing Team,Desktop,North America,11-50,0.449,39.53,False,False,Free,Free,,0
U102306,2025-03-12,Organic Search,Marketing Team,Mobile,APAC,1-10,0.902,28.86,False,False,Free,Free,,0
U106858,2025-03-12,Paid Search,Ops Manager,Mobile,North America,51-200,0.827,33.69,True,False,Free,Free,,0
U103792,2025-03-12,Referral,Sales Team,Mobile,North America,1-10,1.132,14.46,False,False,Free,Free,,0
U105575,2025-03-12,Paid Search,Sales Team,Desktop,MEA,11-50,0.589,94.04,False,False,Free,Free,,0
U107320,2025-03-12,Organic Search,Ops Manager,Desktop,North America,11-50,1.065,4.21,False,False,Free,Free,,0
U107180,2025-03-12,Social,Sales Team,Desktop,North America,1000+,0.752,12.55,False,False,Free,Free,,0
U100323,2025-03-12,Organic Search,Sales Team,Desktop,APAC,1-10,0.907,11.2,False,False,Free,Free,,0
U105267,2025-03-12,Organic Search,Founder,Desktop,LATAM,11-50,1.537,13.88,False,False,Free,Free,,0
U106502,2025-03-12,Social,Founder,Desktop,Europe,1-10,0.599,21.79,False,False,Free,Free,,0
U106357,2025-03-12,Paid Search,Marketing Team,Desktop,North America,11-50,0.994,18.55,False,False,Free,Free,,0
U106864,2025-03-12,Social,Ops Manager,Desktop,Europe,11-50,0.854,4.33,False,False,Free,Free,,0
U105157,2025-03-12,Paid Search,Sales Team,Desktop,North America,11-50,1.137,16.63,True,False,Free,Free,,0
U103762,2025-03-12,Social,Sales Team,Desktop,North America,1-10,1.158,13.25,True,False,Free,Free,,0
U106878,2025-03-12,Partnership,Founder,Desktop,APAC,201-1000,1.565,14.32,True,True,Trial,Free,,0
U107090,2025-03-12,Partnership,Ops Manager,Mobile,LATAM,201-1000,1.884,5.76,True,True,Paid,Starter,2025-03-19,19
U105398,2025-03-12,Paid Search,Founder,Desktop,North America,1-10,1.083,15.91,False,False,Free,Free,,0
U100694,2025-03-12,Referral,Founder,Mobile,North America,201-1000,1.497,9.68,False,False,Free,Free,,0
U102169,2025-03-12,Paid Search,Founder,Tablet,North America,51-200,0.83,22.7,False,False,Free,Free,,0
U108223,2025-03-12,Organic Search,Student / Hobby,Desktop,Europe,11-50,0.419,37.3,False,False,Free,Free,,0
U102128,2025-03-12,Organic Search,Student / Hobby,Tablet,North America,11-50,0.306,45.08,False,False,Free,Free,,0
U104633,2025-03-12,Organic Search,Sales Team,Desktop,APAC,1-10,0.659,97.03,False,False,Free,Free,,0
U106792,2025-03-12,Social,Ops Manager,Desktop,Europe,1-10,0.581,14.44,False,False,Free,Free,,0
U107840,2025-03-12,Referral,Ops Manager,Mobile,North America,11-50,2.15,13.06,True,False,Free,Free,,0
U105583,2025-03-12,Organic Search,Founder,Tablet,North America,1-10,1.109,37.04,True,False,Free,Free,,0
U105514,2025-03-12,Content,Founder,Desktop,APAC,11-50,1.501,5.27,False,False,Free,Free,,0
U106148,2025-03-12,Organic Search,Ops Manager,Desktop,North America,11-50,1.209,25.66,True,False,Free,Free,,0
U105320,2025-03-12,Organic Search,Sales Team,Tablet,North America,51-200,0.966,12.6,True,False,Free,Free,,0
U107188,2025-03-12,Organic Search,Marketing Team,Mobile,North America,11-50,0.93,16.34,True,True,Trial,Free,,0
U100316,2025-03-12,Partnership,Ops Manager,Desktop,Europe,51-200,0.955,19.58,False,False,Free,Free,,0
U107643,2025-03-12,Paid Search,Ops Manager,Desktop,Europe,1-10,1.194,65.47,True,False,Free,Free,,0
U103019,2025-03-12,Organic Search,Student / Hobby,Desktop,Europe,1-10,0.82,15.09,False,False,Free,Free,,0
U102947,2025-03-12,Content,Marketing Team,Mobile,Europe,1-10,1.489,9.15,False,False,Free,Free,,0
U101046,2025-03-12,Referral,Marketing Team,Mobile,Europe,1-10,0.877,5.76,True,False,Free,Free,,0
U103449,2025-03-12,Paid Search,Ops Manager,Desktop,APAC,1-10,0.871,18.33,False,False,Free,Free,,0
U103592,2025-03-12,Organic Search,Founder,Mobile,North America,11-50,1.221,17.98,True,True,Trial,Free,,0
U103828,2025-03-12,Social,Ops Manager,Desktop,North America,201-1000,0.977,16.42,True,True,Trial,Free,,0
U107048,2025-03-12,Referral,Sales Team,Mobile,MEA,1-10,1.151,10.26,True,False,Free,Free,,0
U102372,2025-03-12,Paid Search,Student / Hobby,Mobile,Europe,51-200,0.25,27.63,False,False,Free,Free,,0
U101847,2025-03-12,Paid Search,Sales Team,Desktop,LATAM,51-200,0.755,20.23,False,False,Free,Free,,0
U103612,2025-03-12,Paid Search,Ops Manager,Desktop,APAC,51-200,0.75,24.7,False,False,Free,Free,,0
U104599,2025-03-13,Referral,Sales Team,Desktop,North America,11-50,1.586,12.68,True,False,Free,Free,,0
U105145,2025-03-13,Paid Search,Ops Manager,Desktop,APAC,1-10,0.618,25.49,False,False,Free,Free,,0
U102884,2025-03-13,Organic Search,Sales Team,Desktop,LATAM,1-10,0.988,23.3,True,False,Free,Free,,0
U103366,2025-03-13,Organic Search,Ops Manager,Desktop,LATAM,1-10,1.533,15.48,False,False,Free,Free,,0
U108019,2025-03-13,Paid Search,Marketing Team,Desktop,LATAM,1-10,1.012,4.93,True,False,Free,Free,,0
U107883,2025-03-13,Social,Sales Team,Desktop,North America,11-50,0.911,5.25,False,False,Free,Free,,0
U104986,2025-03-13,Paid Search,Sales Team,Mobile,MEA,11-50,0.65,9.16,False,False,Free,Free,,0
U103220,2025-03-13,Content,Founder,Desktop,Europe,1000+,1.175,10.98,True,True,Trial,Free,,0
U101787,2025-03-13,Paid Search,Ops Manager,Mobile,North America,11-50,0.855,43.68,False,False,Free,Free,,0
U103545,2025-03-13,Organic Search,Sales Team,Desktop,North America,1-10,1.222,22.25,True,False,Free,Free,,0
U106135,2025-03-13,Organic Search,Ops Manager,Desktop,North America,1-10,1.636,6.48,False,False,Free,Free,,0
U103107,2025-03-13,Organic Search,Sales Team,Mobile,APAC,11-50,0.723,25.47,False,False,Free,Free,,0
U100757,2025-03-13,Social,Marketing Team,Mobile,LATAM,51-200,0.475,84.34,False,False,Free,Free,,0
U100147,2025-03-13,Content,Ops Manager,Desktop,Europe,51-200,1.326,20.45,True,True,Trial,Free,,0
U101325,2025-03-13,Paid Search,Founder,Mobile,North America,51-200,1.264,18.8,True,True,Trial,Free,,0
U106740,2025-03-13,Content,Founder,Desktop,Europe,201-1000,1.593,5.31,False,False,Free,Free,,0
U105170,2025-03-13,Referral,Ops Manager,Desktop,MEA,1-10,1.696,4.33,True,True,Paid,Growth,2025-03-15,59
U104835,2025-03-13,Paid Search,Founder,Desktop,North America,1000+,1.255,42.95,False,False,Free,Free,,0
U102807,2025-03-13,Organic Search,Founder,Desktop,North America,11-50,1.255,24.98,False,False,Free,Free,,0
U103437,2025-03-13,Organic Search,Founder,Desktop,North America,1-10,1.552,11.26,True,True,Paid,Growth,2025-03-19,59
U105866,2025-03-13,Organic Search,Marketing Team,Desktop,Europe,201-1000,1.165,24.34,False,False,Free,Free,,0
U103123,2025-03-13,Organic Search,Sales Team,Tablet,North America,201-1000,0.677,34.14,False,False,Free,Free,,0
U105291,2025-03-13,Content,Sales Team,Desktop,APAC,51-200,1.206,23.14,False,False,Free,Free,,0
U103122,2025-03-13,Paid Search,Ops Manager,Desktop,North America,11-50,0.998,36.09,False,False,Free,Free,,0
U101886,2025-03-13,Paid Search,Student / Hobby,Desktop,LATAM,1-10,0.532,122.99,False,False,Free,Free,,0
U103707,2025-03-13,Referral,Marketing Team,Desktop,LATAM,51-200,1.4,25.42,False,False,Free,Free,,0
U106661,2025-03-13,Organic Search,Ops Manager,Desktop,APAC,11-50,1.625,13.79,True,False,Free,Free,,0
U103354,2025-03-13,Content,Founder,Mobile,Europe,201-1000,1.456,8.87,False,False,Free,Free,,0
U101288,2025-03-13,Content,Student / Hobby,Mobile,North America,1-10,0.426,92.74,False,False,Free,Free,,0
U107497,2025-03-13,Paid Search,Founder,Desktop,North America,51-200,0.906,13.03,True,True,Trial,Free,,0
U101761,2025-03-13,Referral,Ops Manager,Desktop,North America,51-200,1.693,14.85,True,True,Paid,Starter,2025-03-21,19
U100127,2025-03-13,Organic Search,Marketing Team,Mobile,LATAM,1-10,0.722,31.47,True,False,Free,Free,,0
U106065,2025-03-13,Organic Search,Student / Hobby,Mobile,North America,11-50,0.633,25.44,False,False,Free,Free,,0
U102409,2025-03-13,Social,Ops Manager,Desktop,North America,1-10,0.791,40.16,False,False,Free,Free,,0
U104628,2025-03-13,Social,Founder,Desktop,Europe,1-10,0.843,32.04,False,False,Free,Free,,0
U103156,2025-03-13,Paid Search,Sales Team,Mobile,North America,1-10,0.817,48.75,False,False,Free,Free,,0
U105413,2025-03-13,Referral,Ops Manager,Desktop,North America,201-1000,1.672,24.25,False,False,Free,Free,,0
U102050,2025-03-14,Organic Search,Sales Team,Desktop,MEA,1-10,0.527,58.53,True,False,Free,Free,,0
U107535,2025-03-14,Organic Search,Marketing Team,Desktop,Europe,1-10,1.301,4.95,False,False,Free,Free,,0
U106289,2025-03-14,Organic Search,Marketing Team,Desktop,North America,51-200,0.873,15.97,True,False,Free,Free,,0
U100515,2025-03-14,Referral,Ops Manager,Desktop,North America,201-1000,1.357,14.39,False,False,Free,Free,,0
U105984,2025-03-14,Content,Founder,Desktop,North America,1-10,1.201,37.12,False,False,Free,Free,,0
U104726,2025-03-14,Organic Search,Sales Team,Desktop,North America,1-10,1.039,23.64,True,False,Free,Free,,0
U105304,2025-03-14,Organic Search,Founder,Desktop,Europe,51-200,0.824,28.74,False,False,Free,Free,,0
U101102,2025-03-14,Social,Marketing Team,Mobile,APAC,11-50,1.096,8.79,True,True,Trial,Free,,0
U106856,2025-03-14,Paid Search,Sales Team,Desktop,Europe,201-1000,0.929,27.74,True,True,Trial,Free,,0
U108419,2025-03-14,Content,Student / Hobby,Mobile,Europe,1-10,0.847,9.55,False,False,Free,Free,,0
U107098,2025-03-14,Organic Search,Ops Manager,Desktop,MEA,11-50,1.396,19.98,True,True,Paid,Starter,2025-03-22,19
U108208,2025-03-14,Content,Founder,Mobile,LATAM,11-50,1.193,21.48,True,True,Trial,Free,,0
U103446,2025-03-14,Paid Search,Founder,Desktop,Europe,1-10,0.525,36.66,True,False,Free,Free,,0
U102587,2025-03-14,Paid Search,Founder,Desktop,Europe,11-50,0.936,18.82,True,True,Paid,Starter,2025-03-20,19
U104456,2025-03-14,Organic Search,Ops Manager,Desktop,North America,51-200,1.238,8.93,True,True,Trial,Free,,0
U101885,2025-03-14,Referral,Student / Hobby,Desktop,North America,201-1000,0.763,18.76,False,False,Free,Free,,0
U106338,2025-03-14,Social,Founder,Mobile,APAC,51-200,0.83,7.17,False,False,Free,Free,,0
U106925,2025-03-14,Referral,Sales Team,Desktop,Europe,1000+,1.04,15.83,False,False,Free,Free,,0
U100369,2025-03-14,Social,Ops Manager,Mobile,APAC,11-50,0.695,7.56,False,False,Free,Free,,0
U103768,2025-03-14,Organic Search,Ops Manager,Desktop,North America,51-200,1.137,10.85,True,False,Free,Free,,0
U101080,2025-03-14,Content,Founder,Desktop,APAC,1-10,1.291,35.42,True,False,Free,Free,,0
U104223,2025-03-14,Paid Search,Sales Team,Desktop,North America,11-50,0.399,31.71,False,False,Free,Free,,0
U108369,2025-03-14,Paid Search,Founder,Desktop,APAC,1-10,0.928,9.09,False,False,Free,Free,,0
U108118,2025-03-14,Referral,Student / Hobby,Mobile,APAC,11-50,0.424,27.37,False,False,Free,Free,,0
U100747,2025-03-14,Paid Search,Ops Manager,Mobile,MEA,11-50,0.804,15.26,False,False,Free,Free,,0
U105833,2025-03-14,Referral,Marketing Team,Desktop,North America,11-50,0.62,11.04,True,True,Trial,Free,,0
U102734,2025-03-14,Social,Sales Team,Desktop,North America,1-10,0.669,1.94,False,False,Free,Free,,0
U105842,2025-03-14,Organic Search,Founder,Desktop,North America,51-200,1.017,12.79,False,False,Free,Free,,0
U102956,2025-03-14,Social,Ops Manager,Mobile,North America,201-1000,0.775,34.32,False,False,Free,Free,,0
U101717,2025-03-14,Social,Sales Team,Desktop,North America,11-50,0.837,22.06,False,False,Free,Free,,0
U101998,2025-03-14,Organic Search,Founder,Desktop,Europe,1-10,0.977,5.24,False,False,Free,Free,,0
U107733,2025-03-14,Social,Ops Manager,Desktop,North America,11-50,0.928,10.34,True,False,Free,Free,,0
U105558,2025-03-14,Social,Sales Team,Mobile,North America,51-200,0.527,6.68,False,False,Free,Free,,0
U103341,2025-03-15,Social,Marketing Team,Mobile,North America,51-200,0.682,48.75,False,False,Free,Free,,0
U100891,2025-03-15,Content,Ops Manager,Tablet,North America,1-10,1.367,7.45,False,False,Free,Free,,0
U100987,2025-03-15,Organic Search,Ops Manager,Mobile,MEA,1-10,1.323,16.09,True,False,Free,Free,,0
U103265,2025-03-15,Partnership,Founder,Desktop,North America,51-200,1.632,10.22,True,False,Free,Free,,0
U103077,2025-03-15,Paid Search,Founder,Tablet,APAC,51-200,0.938,21.25,True,False,Free,Free,,0
U100950,2025-03-15,Organic Search,Founder,Mobile,North America,201-1000,0.514,44.21,False,False,Free,Free,,0
U100588,2025-03-15,Referral,Ops Manager,Mobile,Europe,11-50,1.492,7.62,True,True,Trial,Free,,0
U102127,2025-03-15,Referral,Marketing Team,Desktop,Europe,51-200,1.277,3.93,False,False,Free,Free,,0
U104668,2025-03-15,Social,Founder,Desktop,North America,1-10,0.676,16.29,False,False,Free,Free,,0
U108091,2025-03-15,Paid Search,Marketing Team,Tablet,North America,11-50,0.289,31.57,False,False,Free,Free,,0
U104926,2025-03-15,Referral,Ops Manager,Desktop,North America,51-200,1.597,18.97,False,False,Free,Free,,0
U107996,2025-03-15,Paid Search,Founder,Desktop,APAC,201-1000,0.558,54.39,False,False,Free,Free,,0
U102470,2025-03-15,Organic Search,Sales Team,Desktop,Europe,201-1000,1.218,5.05,False,False,Free,Free,,0
U107109,2025-03-15,Content,Founder,Desktop,APAC,11-50,1.235,23.67,True,True,Trial,Free,,0
U106813,2025-03-15,Social,Ops Manager,Mobile,APAC,11-50,0.719,22.9,False,False,Free,Free,,0
U104251,2025-03-15,Paid Search,Sales Team,Desktop,APAC,11-50,0.626,7.79,False,False,Free,Free,,0
U104637,2025-03-15,Paid Search,Sales Team,Mobile,North America,51-200,0.858,27.11,True,False,Free,Free,,0
U102680,2025-03-15,Partnership,Marketing Team,Mobile,LATAM,1-10,0.744,25.37,True,False,Free,Free,,0
U107023,2025-03-15,Organic Search,Sales Team,Desktop,North America,11-50,1.35,10.28,False,False,Free,Free,,0
U102484,2025-03-15,Content,Ops Manager,Tablet,North America,1-10,1.214,53.63,True,True,Paid,Scale,2025-03-16,149
U107101,2025-03-15,Organic Search,Sales Team,Desktop,Europe,1-10,1.282,9.15,True,True,Paid,Starter,2025-03-23,19
U106421,2025-03-15,Paid Search,Student / Hobby,Desktop,North America,1-10,0.426,15.12,False,False,Free,Free,,0
U101993,2025-03-15,Paid Search,Student / Hobby,Desktop,North America,1-10,0.349,82.8,True,False,Free,Free,,0
U102543,2025-03-15,Social,Founder,Mobile,Europe,1-10,0.972,12.51,True,False,Free,Free,,0
U100580,2025-03-15,Social,Founder,Desktop,North America,1-10,0.703,3.25,False,False,Free,Free,,0
U104884,2025-03-15,Referral,Ops Manager,Mobile,Europe,1-10,1.318,26.64,False,False,Free,Free,,0
U103999,2025-03-15,Referral,Ops Manager,Mobile,Europe,1-10,1.52,12.69,True,False,Free,Free,,0
U106844,2025-03-15,Paid Search,Founder,Desktop,Europe,1-10,1.265,17.8,True,True,Paid,Starter,2025-03-19,19
U106644,2025-03-15,Paid Search,Ops Manager,Mobile,APAC,11-50,0.614,27.17,True,False,Free,Free,,0
U102231,2025-03-15,Referral,Marketing Team,Desktop,North America,11-50,1.324,11.34,False,False,Free,Free,,0
U106163,2025-03-15,Referral,Marketing Team,Desktop,Europe,11-50,1.532,4.32,False,False,Free,Free,,0
U102283,2025-03-15,Paid Search,Sales Team,Mobile,North America,11-50,0.624,71.67,False,False,Free,Free,,0
U105341,2025-03-15,Content,Founder,Desktop,Europe,1-10,1.479,29.7,True,False,Free,Free,,0
U108144,2025-03-15,Organic Search,Ops Manager,Desktop,LATAM,11-50,1.485,6.39,False,False,Free,Free,,0
U107347,2025-03-15,Social,Founder,Mobile,LATAM,1-10,0.585,57.99,True,False,Free,Free,,0
U107147,2025-03-15,Referral,Ops Manager,Desktop,North America,11-50,1.78,10.01,True,False,Free,Free,,0
U107808,2025-03-15,Content,Founder,Desktop,North America,11-50,1.345,2.09,True,False,Free,Free,,0
U107836,2025-03-15,Paid Search,Student / Hobby,Desktop,North America,1-10,0.25,30.68,False,False,Free,Free,,0
U100571,2025-03-15,Paid Search,Sales Team,Mobile,North America,11-50,1.111,11.33,False,False,Free,Free,,0
U105330,2025-03-16,Paid Search,Sales Team,Desktop,LATAM,51-200,0.867,22.71,False,False,Free,Free,,0
U102033,2025-03-16,Social,Founder,Desktop,North America,11-50,0.868,34.43,True,False,Free,Free,,0
U105072,2025-03-16,Paid Search,Founder,Desktop,LATAM,1-10,0.575,81.85,True,False,Free,Free,,0
U102250,2025-03-16,Paid Search,Student / Hobby,Mobile,Europe,201-1000,0.25,174.28,True,False,Free,Free,,0
U101370,2025-03-16,Social,Founder,Mobile,North America,11-50,0.69,3.65,False,False,Free,Free,,0
U103756,2025-03-16,Referral,Ops Manager,Mobile,North America,201-1000,2.003,8.09,False,False,Free,Free,,0
U103965,2025-03-16,Paid Search,Marketing Team,Desktop,APAC,51-200,0.25,114.68,False,False,Free,Free,,0
U104717,2025-03-16,Paid Search,Ops Manager,Mobile,APAC,51-200,1.183,5.96,False,False,Free,Free,,0
U101015,2025-03-16,Paid Search,Sales Team,Mobile,Europe,1-10,0.705,1.53,False,False,Free,Free,,0
U104733,2025-03-16,Social,Marketing Team,Desktop,APAC,1-10,0.253,43.61,False,False,Free,Free,,0
U108425,2025-03-16,Organic Search,Marketing Team,Desktop,North America,1000+,1.537,5.47,False,False,Free,Free,,0
U100686,2025-03-16,Social,Ops Manager,Desktop,Europe,11-50,0.981,40.13,False,False,Free,Free,,0
U102628,2025-03-16,Social,Ops Manager,Desktop,Europe,11-50,0.711,13.37,False,False,Free,Free,,0
U103422,2025-03-16,Paid Search,Ops Manager,Desktop,North America,1-10,1.224,16.93,False,False,Free,Free,,0
U106169,2025-03-16,Content,Marketing Team,Desktop,Europe,1-10,0.937,24.7,False,False,Free,Free,,0
U100665,2025-03-16,Content,Ops Manager,Mobile,Europe,51-200,1.37,20.89,True,True,Trial,Free,,0
U103553,2025-03-16,Referral,Sales Team,Desktop,North America,201-1000,0.91,24.54,False,False,Free,Free,,0
U105531,2025-03-16,Paid Search,Ops Manager,Mobile,APAC,1-10,1.072,43.66,False,False,Free,Free,,0
U104703,2025-03-16,Social,Ops Manager,Desktop,MEA,11-50,1.203,30.93,True,False,Free,Free,,0
U108160,2025-03-16,Content,Sales Team,Desktop,North America,1-10,1.086,9.95,True,False,Free,Free,,0
U105198,2025-03-16,Partnership,Marketing Team,Desktop,APAC,11-50,0.766,13.9,True,False,Free,Free,,0
U106697,2025-03-16,Paid Search,Student / Hobby,Mobile,APAC,11-50,0.399,10.78,False,False,Free,Free,,0
U106124,2025-03-16,Organic Search,Founder,Desktop,MEA,1-10,1.031,48.03,False,False,Free,Free,,0
U105315,2025-03-16,Paid Search,Founder,Desktop,North America,11-50,0.877,11.38,True,False,Free,Free,,0
U101037,2025-03-16,Paid Search,Ops Manager,Desktop,Europe,201-1000,0.76,33.61,False,False,Free,Free,,0
U107202,2025-03-16,Organic Search,Ops Manager,Tablet,Europe,51-200,1.588,14.83,True,False,Free,Free,,0
U101587,2025-03-16,Organic Search,Marketing Team,Desktop,Europe,11-50,1.192,9.06,True,False,Free,Free,,0
U103864,2025-03-16,Referral,Ops Manager,Desktop,Europe,201-1000,1.655,21.65,False,False,Free,Free,,0
U100989,2025-03-16,Paid Search,Marketing Team,Desktop,North America,1000+,0.872,37.97,False,False,Free,Free,,0
U108300,2025-03-16,Paid Search,Ops Manager,Desktop,Europe,1-10,0.906,13.16,False,False,Free,Free,,0
U105978,2025-03-16,Social,Ops Manager,Desktop,LATAM,1-10,0.93,7.95,False,False,Free,Free,,0
U102096,2025-03-16,Social,Sales Team,Desktop,North America,11-50,0.684,41.46,False,False,Free,Free,,0
U105093,2025-03-16,Organic Search,Marketing Team,Desktop,Europe,11-50,1.254,19.32,True,False,Free,Free,,0
U106525,2025-03-16,Content,Ops Manager,Desktop,LATAM,11-50,1.45,17.03,True,True,Paid,Growth,2025-03-16,59
U102109,2025-03-16,Organic Search,Founder,Mobile,Europe,11-50,1.511,15.66,False,False,Free,Free,,0
U103937,2025-03-16,Content,Marketing Team,Mobile,North America,51-200,0.88,15.27,False,False,Free,Free,,0
U103247,2025-03-16,Referral,Sales Team,Mobile,North America,1000+,1.255,4.54,False,False,Free,Free,,0
U104308,2025-03-16,Referral,Marketing Team,Desktop,North America,1-10,1.168,21.76,True,False,Free,Free,,0
U107759,2025-03-17,Social,Founder,Desktop,North America,1-10,1.035,12.16,False,False,Free,Free,,0
U108289,2025-03-17,Organic Search,Sales Team,Desktop,North America,11-50,0.789,19.58,True,False,Free,Free,,0
U100656,2025-03-17,Organic Search,Marketing Team,Desktop,North America,1-10,1.248,13.73,True,True,Paid,Growth,2025-03-20,59
U105951,2025-03-17,Organic Search,Founder,Mobile,Europe,51-200,1.363,22.5,False,False,Free,Free,,0
U100618,2025-03-17,Organic Search,Founder,Desktop,Europe,11-50,1.374,13.55,False,False,Free,Free,,0
U106309,2025-03-17,Content,Marketing Team,Desktop,APAC,51-200,0.688,39.85,False,False,Free,Free,,0
U106089,2025-03-17,Organic Search,Ops Manager,Desktop,North America,51-200,1.284,3.94,False,False,Free,Free,,0
U106361,2025-03-17,Paid Search,Ops Manager,Desktop,APAC,11-50,1.114,19.2,True,False,Free,Free,,0
U104710,2025-03-17,Paid Search,Sales Team,Desktop,North America,1-10,0.856,21.23,False,False,Free,Free,,0
U104686,2025-03-17,Paid Search,Marketing Team,Desktop,Europe,51-200,0.762,74.07,True,False,Free,Free,,0
U102088,2025-03-17,Organic Search,Founder,Desktop,Europe,1000+,1.092,7.57,True,False,Free,Free,,0
U100134,2025-03-17,Organic Search,Sales Team,Desktop,North America,51-200,0.782,29.07,False,False,Free,Free,,0
U100796,2025-03-17,Organic Search,Founder,Desktop,APAC,11-50,1.129,3.08,True,False,Free,Free,,0
U106480,2025-03-17,Referral,Ops Manager,Desktop,Europe,11-50,1.177,20.01,False,False,Free,Free,,0
U103674,2025-03-17,Paid Search,Founder,Desktop,North America,11-50,0.767,21.31,False,False,Free,Free,,0
U103923,2025-03-17,Paid Search,Founder,Desktop,APAC,11-50,1.075,33.93,True,False,Free,Free,,0
U103362,2025-03-17,Organic Search,Ops Manager,Tablet,APAC,201-1000,1.429,13.4,True,True,Trial,Free,,0
U101499,2025-03-17,Referral,Student / Hobby,Mobile,Europe,11-50,0.684,38.98,True,False,Free,Free,,0
U106771,2025-03-17,Paid Search,Founder,Mobile,North America,1-10,1.201,36.35,True,True,Trial,Free,,0
U105313,2025-03-17,Referral,Ops Manager,Desktop,North America,1-10,1.582,6.12,True,True,Paid,Growth,2025-03-20,59
U101295,2025-03-17,Organic Search,Sales Team,Desktop,North America,11-50,0.871,33.6,False,False,Free,Free,,0
U101727,2025-03-17,Social,Ops Manager,Desktop,APAC,1-10,1.022,7.86,True,True,Trial,Free,,0
U108270,2025-03-17,Content,Founder,Desktop,Europe,51-200,1.438,5.31,False,False,Free,Free,,0
U105534,2025-03-17,Paid Search,Ops Manager,Desktop,Europe,11-50,0.715,25.23,False,False,Free,Free,,0
U103789,2025-03-17,Organic Search,Marketing Team,Desktop,North America,11-50,1.135,30.37,True,True,Trial,Free,,0
U101755,2025-03-17,Paid Search,Sales Team,Desktop,North America,51-200,0.544,41.59,False,False,Free,Free,,0
U107326,2025-03-17,Organic Search,Founder,Desktop,LATAM,1-10,1.034,17.18,False,False,Free,Free,,0
U103687,2025-03-17,Organic Search,Founder,Desktop,APAC,1-10,1.693,14.23,True,True,Paid,Growth,2025-03-21,59
U101779,2025-03-17,Content,Student / Hobby,Desktop,North America,11-50,0.272,190.25,True,False,Free,Free,,0
U101455,2025-03-17,Organic Search,Founder,Desktop,North America,11-50,1.249,32.15,True,True,Trial,Free,,0
U106917,2025-03-17,Paid Search,Marketing Team,Desktop,North America,1-10,0.776,40.9,False,False,Free,Free,,0
U106596,2025-03-17,Social,Marketing Team,Mobile,North America,1-10,0.277,66.42,False,False,Free,Free,,0
U106562,2025-03-18,Referral,Marketing Team,Desktop,North America,11-50,1.286,13.32,True,False,Free,Free,,0
U107380,2025-03-18,Organic Search,Founder,Mobile,APAC,11-50,1.026,19.41,True,False,Free,Free,,0
U105553,2025-03-18,Content,Ops Manager,Desktop,LATAM,1-10,1.499,7.46,True,False,Free,Free,,0
U104304,2025-03-18,Referral,Ops Manager,Desktop,Europe,1-10,1.931,9.26,True,True,Paid,Scale,2025-03-25,149
U101141,2025-03-18,Referral,Ops Manager,Desktop,North America,51-200,1.429,10.8,False,False,Free,Free,,0
U102798,2025-03-18,Referral,Ops Manager,Desktop,APAC,1-10,1.966,8.62,True,True,Paid,Growth,2025-03-25,59
U103291,2025-03-18,Social,Student / Hobby,Desktop,North America,1-10,0.25,3.88,False,False,Free,Free,,0
U102175,2025-03-18,Referral,Ops Manager,Desktop,APAC,1-10,1.444,11.41,True,True,Trial,Free,,0
U105448,2025-03-18,Organic Search,Marketing Team,Desktop,Europe,11-50,0.595,28.71,False,False,Free,Free,,0
U106874,2025-03-18,Content,Ops Manager,Mobile,North America,51-200,1.562,23.25,True,False,Free,Free,,0
U103336,2025-03-18,Referral,Founder,Desktop,North America,11-50,1.571,15.6,False,False,Free,Free,,0
U107803,2025-03-18,Organic Search,Founder,Mobile,North America,1-10,0.77,19.3,True,False,Free,Free,,0
U106686,2025-03-18,Paid Search,Founder,Desktop,Europe,51-200,0.694,6.25,False,False,Free,Free,,0
U105483,2025-03-18,Organic Search,Marketing Team,Desktop,LATAM,1-10,1.252,46.71,False,False,Free,Free,,0
U107761,2025-03-18,Content,Founder,Mobile,Europe,1-10,1.09,20.47,True,False,Free,Free,,0
U102784,2025-03-18,Social,Sales Team,Desktop,North America,1-10,0.633,25.55,False,False,Free,Free,,0
U103647,2025-03-18,Partnership,Founder,Desktop,APAC,1-10,1.297,15.62,False,False,Free,Free,,0
U105819,2025-03-18,Paid Search,Ops Manager,Desktop,North America,51-200,0.524,70.74,True,False,Free,Free,,0
U101927,2025-03-18,Organic Search,Student / Hobby,Desktop,MEA,1-10,0.746,66.74,True,False,Free,Free,,0
U107522,2025-03-18,Social,Sales Team,Desktop,APAC,11-50,0.775,17.33,False,False,Free,Free,,0
U102610,2025-03-18,Content,Ops Manager,Tablet,North America,11-50,1.301,30.1,False,False,Free,Free,,0
U104999,2025-03-18,Paid Search,Marketing Team,Desktop,Europe,1-10,0.553,27.83,False,False,Free,Free,,0
U103153,2025-03-18,Paid Search,Student / Hobby,Desktop,APAC,11-50,0.25,84.37,False,False,Free,Free,,0
U103211,2025-03-18,Social,Sales Team,Desktop,North America,11-50,1.108,24.42,True,False,Free,Free,,0
U106235,2025-03-18,Referral,Sales Team,Desktop,Europe,1-10,1.408,16.01,True,True,Trial,Free,,0
U102315,2025-03-18,Paid Search,Founder,Mobile,LATAM,1-10,0.988,3.13,False,False,Free,Free,,0
U105079,2025-03-18,Social,Marketing Team,Desktop,North America,1-10,0.78,20.1,False,False,Free,Free,,0
U107473,2025-03-18,Paid Search,Founder,Desktop,North America,11-50,1.171,44.35,True,False,Free,Free,,0
U105769,2025-03-18,Organic Search,Sales Team,Desktop,North America,51-200,0.884,28.47,False,False,Free,Free,,0
U105420,2025-03-18,Content,Marketing Team,Desktop,LATAM,1-10,0.677,39.75,False,False,Free,Free,,0
U101703,2025-03-18,Paid Search,Student / Hobby,Desktop,APAC,11-50,0.651,12.33,False,False,Free,Free,,0
U106961,2025-03-19,Organic Search,Ops Manager,Mobile,LATAM,1-10,1.63,19.29,True,True,Trial,Free,,0
U107175,2025-03-19,Paid Search,Sales Team,Mobile,APAC,11-50,0.672,25.81,False,False,Free,Free,,0
U107438,2025-03-19,Organic Search,Marketing Team,Desktop,North America,1000+,0.807,46.92,False,False,Free,Free,,0
U105407,2025-03-19,Organic Search,Sales Team,Desktop,Europe,1-10,1.329,13.36,True,False,Free,Free,,0
U108344,2025-03-19,Paid Search,Student / Hobby,Desktop,APAC,11-50,0.536,52.3,True,False,Free,Free,,0
U104994,2025-03-19,Paid Search,Sales Team,Mobile,APAC,201-1000,0.902,22.92,True,False,Free,Free,,0
U104496,2025-03-19,Content,Ops Manager,Desktop,APAC,1-10,1.738,10.8,True,True,Trial,Free,,0
U105431,2025-03-19,Organic Search,Founder,Desktop,North America,1-10,1.318,10.31,False,False,Free,Free,,0
U106078,2025-03-19,Referral,Ops Manager,Desktop,Europe,11-50,1.789,9.45,True,False,Free,Free,,0
U106866,2025-03-19,Content,Sales Team,Desktop,LATAM,51-200,0.679,19.45,False,False,Free,Free,,0
U102221,2025-03-19,Paid Search,Founder,Desktop,North America,201-1000,0.51,40.52,False,False,Free,Free,,0
U106779,2025-03-19,Paid Search,Ops Manager,Desktop,Europe,51-200,1.119,20.31,True,True,Paid,Growth,2025-03-25,59
U102087,2025-03-19,Organic Search,Founder,Desktop,North America,201-1000,1.014,6.78,False,False,Free,Free,,0
U104545,2025-03-19,Paid Search,Ops Manager,Desktop,Europe,51-200,0.694,16.36,False,False,Free,Free,,0
U101527,2025-03-19,Social,Marketing Team,Mobile,North America,1-10,1.13,18.1,True,False,Free,Free,,0
U103239,2025-03-19,Social,Founder,Mobile,North America,51-200,0.748,43.32,False,False,Free,Free,,0
U105335,2025-03-19,Social,Ops Manager,Desktop,LATAM,1-10,0.825,33.01,False,False,Free,Free,,0
U103356,2025-03-19,Content,Sales Team,Desktop,APAC,1-10,0.932,18.89,False,False,Free,Free,,0
U103217,2025-03-19,Organic Search,Founder,Desktop,North America,11-50,1.217,11.58,False,False,Free,Free,,0
U108126,2025-03-19,Referral,Founder,Mobile,North America,201-1000,1.537,17.93,False,False,Free,Free,,0
U105068,2025-03-19,Content,Sales Team,Tablet,North America,51-200,1.102,16.42,False,False,Free,Free,,0
U101245,2025-03-19,Paid Search,Founder,Mobile,APAC,11-50,0.709,60.61,False,False,Free,Free,,0
U100022,2025-03-19,Referral,Marketing Team,Desktop,MEA,1-10,1.319,13.47,True,True,Paid,Starter,2025-03-22,19
U107381,2025-03-19,Social,Sales Team,Desktop,Europe,11-50,0.767,32.96,False,False,Free,Free,,0
U102776,2025-03-19,Organic Search,Ops Manager,Mobile,APAC,11-50,1.694,10.23,True,False,Free,Free,,0
U105767,2025-03-19,Organic Search,Sales Team,Desktop,North America,51-200,0.717,12.29,True,True,Paid,Growth,2025-03-22,59
U104282,2025-03-19,Paid Search,Marketing Team,Mobile,North America,1-10,0.582,24.21,False,False,Free,Free,,0
U104002,2025-03-19,Referral,Founder,Desktop,Europe,201-1000,1.378,32.09,False,False,Free,Free,,0
U106254,2025-03-19,Content,Founder,Mobile,Europe,1-10,1.155,25.93,False,False,Free,Free,,0
U104212,2025-03-19,Paid Search,Founder,Tablet,North America,51-200,0.827,25.56,True,True,Paid,Growth,2025-03-21,59
U107184,2025-03-19,Content,Ops Manager,Desktop,APAC,1-10,1.236,26.66,True,True,Paid,Growth,2025-03-22,59
U106153,2025-03-19,Referral,Ops Manager,Desktop,MEA,1-10,1.278,14.22,True,True,Paid,Growth,2025-03-26,59
U102723,2025-03-19,Referral,Marketing Team,Desktop,North America,201-1000,1.109,17.43,True,False,Free,Free,,0
U104032,2025-03-19,Social,Sales Team,Mobile,North America,51-200,0.551,38.84,False,False,Free,Free,,0
U107270,2025-03-19,Organic Search,Student / Hobby,Mobile,Europe,1-10,0.476,23.78,False,False,Free,Free,,0
U102091,2025-03-20,Organic Search,Ops Manager,Tablet,Europe,1-10,1.075,32.09,True,False,Free,Free,,0
U101281,2025-03-20,Paid Search,Sales Team,Desktop,North America,1-10,0.914,29.4,False,False,Free,Free,,0
U102393,2025-03-20,Referral,Ops Manager,Desktop,Europe,1-10,1.83,14.54,True,True,Paid,Growth,2025-03-21,59
U106742,2025-03-20,Paid Search,Marketing Team,Desktop,APAC,1-10,0.679,79.49,False,False,Free,Free,,0
U107910,2025-03-20,Referral,Marketing Team,Desktop,North America,11-50,1.1,6.4,False,False,Free,Free,,0
U101243,2025-03-20,Organic Search,Ops Manager,Desktop,North America,51-200,1.405,30.83,False,False,Free,Free,,0
U100786,2025-03-20,Content,Ops Manager,Desktop,Europe,1-10,1.639,5.29,True,True,Trial,Free,,0
U105654,2025-03-20,Referral,Founder,Mobile,Europe,51-200,1.21,14.43,False,False,Free,Free,,0
U105506,2025-03-20,Organic Search,Student / Hobby,Desktop,LATAM,1-10,0.362,102.46,True,False,Free,Free,,0
U107901,2025-03-20,Referral,Sales Team,Mobile,LATAM,51-200,1.144,18.03,True,False,Free,Free,,0
U108014,2025-03-20,Paid Search,Ops Manager,Desktop,LATAM,1-10,0.972,15.01,True,True,Trial,Free,,0
U103671,2025-03-20,Organic Search,Founder,Mobile,North America,51-200,1.228,43.85,False,False,Free,Free,,0
U101543,2025-03-20,Content,Founder,Desktop,APAC,11-50,1.524,8.27,True,False,Free,Free,,0
U107333,2025-03-20,Paid Search,Founder,Mobile,North America,1-10,1.04,17.93,False,False,Free,Free,,0
U101924,2025-03-20,Paid Search,Sales Team,Desktop,Europe,1-10,0.922,18.6,False,False,Free,Free,,0
U106972,2025-03-20,Paid Search,Sales Team,Tablet,Europe,51-200,0.731,29.32,False,False,Free,Free,,0
U100499,2025-03-20,Organic Search,Sales Team,Mobile,Europe,1-10,0.981,8.62,False,False,Free,Free,,0
U107886,2025-03-20,Social,Ops Manager,Desktop,North America,201-1000,0.89,9.69,False,False,Free,Free,,0
U107574,2025-03-20,Content,Student / Hobby,Desktop,North America,11-50,0.72,8.46,True,False,Free,Free,,0
U106901,2025-03-20,Paid Search,Marketing Team,Mobile,LATAM,1-10,0.932,26.07,False,False,Free,Free,,0
U104959,2025-03-20,Paid Search,Sales Team,Mobile,APAC,51-200,0.678,10.6,False,False,Free,Free,,0
U100097,2025-03-20,Organic Search,Marketing Team,Desktop,Europe,1-10,1.065,31.74,False,False,Free,Free,,0
U107942,2025-03-20,Organic Search,Sales Team,Mobile,LATAM,51-200,0.821,35.87,False,False,Free,Free,,0
U106366,2025-03-20,Organic Search,Sales Team,Desktop,North America,1000+,1.254,29.66,False,False,Free,Free,,0
U101425,2025-03-20,Social,Student / Hobby,Desktop,Europe,11-50,0.486,39.38,False,False,Free,Free,,0
U106178,2025-03-20,Organic Search,Sales Team,Mobile,North America,11-50,1.005,30.57,False,False,Free,Free,,0
U108470,2025-03-20,Social,Ops Manager,Desktop,North America,11-50,0.863,12.54,False,False,Free,Free,,0
U107519,2025-03-20,Referral,Ops Manager,Desktop,North America,11-50,1.973,8.4,True,False,Free,Free,,0
U104395,2025-03-20,Social,Ops Manager,Mobile,North America,1-10,1.287,3.14,True,True,Trial,Free,,0
U107957,2025-03-20,Organic Search,Founder,Desktop,APAC,11-50,1.264,45.43,False,False,Free,Free,,0
U102745,2025-03-20,Organic Search,Student / Hobby,Desktop,APAC,1-10,0.829,10.17,True,False,Free,Free,,0
U105673,2025-03-20,Social,Student / Hobby,Desktop,APAC,1-10,0.623,32.67,False,False,Free,Free,,0
U107237,2025-03-21,Partnership,Founder,Mobile,Europe,1-10,0.97,5.96,False,False,Free,Free,,0
U105562,2025-03-21,Paid Search,Ops Manager,Mobile,APAC,11-50,0.928,16.15,False,False,Free,Free,,0
U105094,2025-03-21,Organic Search,Sales Team,Desktop,Europe,11-50,1.018,19.26,False,False,Free,Free,,0
U103178,2025-03-21,Organic Search,Founder,Desktop,APAC,11-50,0.95,6.32,False,False,Free,Free,,0
U104880,2025-03-21,Content,Founder,Mobile,North America,51-200,1.446,19.56,False,False,Free,Free,,0
U103617,2025-03-21,Organic Search,Sales Team,Desktop,North America,1-10,0.99,26.67,True,True,Paid,Starter,2025-03-25,19
U103853,2025-03-21,Partnership,Founder,Desktop,APAC,51-200,1.297,3.15,False,False,Free,Free,,0
U105359,2025-03-21,Content,Sales Team,Mobile,APAC,11-50,1.523,29.17,False,False,Free,Free,,0
U100569,2025-03-21,Organic Search,Marketing Team,Mobile,APAC,1000+,1.18,10.24,True,False,Free,Free,,0
U100373,2025-03-21,Partnership,Ops Manager,Desktop,Europe,11-50,1.433,2.36,False,False,Free,Free,,0
U100315,2025-03-21,Partnership,Ops Manager,Mobile,Europe,11-50,1.219,20.03,True,True,Paid,Starter,2025-03-22,19
U105484,2025-03-21,Referral,Founder,Desktop,North America,51-200,1.451,25.62,True,False,Free,Free,,0
U105986,2025-03-21,Organic Search,Ops Manager,Mobile,North America,1000+,1.576,14.76,True,True,Trial,Free,,0
U104753,2025-03-21,Organic Search,Founder,Desktop,North America,11-50,1.453,5.96,True,False,Free,Free,,0
U104574,2025-03-21,Paid Search,Marketing Team,Desktop,Europe,1-10,0.518,63.39,False,False,Free,Free,,0
U102929,2025-03-21,Organic Search,Founder,Desktop,Europe,11-50,1.08,5.17,False,False,Free,Free,,0
U102369,2025-03-21,Social,Founder,Desktop,North America,11-50,0.992,18.69,True,False,Free,Free,,0
U108244,2025-03-21,Organic Search,Founder,Desktop,North America,11-50,1.25,23.06,False,False,Free,Free,,0
U105825,2025-03-21,Content,Ops Manager,Tablet,North America,11-50,1.018,7.12,False,False,Free,Free,,0
U100680,2025-03-21,Partnership,Marketing Team,Desktop,APAC,51-200,1.377,5.86,False,False,Free,Free,,0
U108261,2025-03-21,Partnership,Ops Manager,Desktop,MEA,11-50,1.476,18.07,True,False,Free,Free,,0
U105167,2025-03-21,Organic Search,Founder,Desktop,North America,1-10,1.014,26.87,True,False,Free,Free,,0
U103444,2025-03-21,Paid Search,Marketing Team,Desktop,APAC,1-10,0.786,16.36,False,False,Free,Free,,0
U102375,2025-03-21,Partnership,Ops Manager,Tablet,Europe,201-1000,1.342,34.83,True,False,Free,Free,,0
U106959,2025-03-21,Referral,Marketing Team,Tablet,North America,11-50,1.32,0.55,False,False,Free,Free,,0
U106122,2025-03-21,Content,Ops Manager,Desktop,APAC,1-10,1.407,18.89,False,False,Free,Free,,0
U108032,2025-03-21,Paid Search,Marketing Team,Desktop,North America,201-1000,0.75,55.4,True,False,Free,Free,,0
U104540,2025-03-21,Organic Search,Sales Team,Desktop,North America,51-200,0.926,39.55,False,False,Free,Free,,0
U104937,2025-03-21,Referral,Founder,Mobile,APAC,51-200,1.64,11.22,True,False,Free,Free,,0
U104049,2025-03-21,Organic Search,Sales Team,Mobile,North America,11-50,1.358,20.28,False,False,Free,Free,,0
U100526,2025-03-21,Paid Search,Sales Team,Desktop,North America,51-200,0.663,36.48,False,False,Free,Free,,0
U101028,2025-03-21,Paid Search,Sales Team,Desktop,Europe,11-50,0.715,38.64,False,False,Free,Free,,0
U103335,2025-03-21,Social,Ops Manager,Desktop,APAC,201-1000,0.976,12.26,True,False,Free,Free,,0
U107668,2025-03-22,Paid Search,Marketing Team,Mobile,Europe,11-50,0.719,10.34,False,False,Free,Free,,0
U107580,2025-03-22,Paid Search,Sales Team,Desktop,North America,1-10,0.457,58.05,False,False,Free,Free,,0
U105539,2025-03-22,Paid Search,Sales Team,Desktop,Europe,1-10,0.535,45.36,False,False,Free,Free,,0
U100034,2025-03-22,Paid Search,Ops Manager,Tablet,Europe,1-10,1.239,5.29,True,False,Free,Free,,0
U103871,2025-03-22,Paid Search,Marketing Team,Tablet,APAC,201-1000,0.883,2.88,True,False,Free,Free,,0
U100314,2025-03-22,Organic Search,Sales Team,Mobile,Europe,201-1000,1.085,15.81,False,False,Free,Free,,0
U100011,2025-03-22,Referral,Ops Manager,Desktop,APAC,1-10,1.533,10.71,False,False,Free,Free,,0
U104967,2025-03-22,Organic Search,Marketing Team,Tablet,Europe,1-10,0.583,32.94,False,False,Free,Free,,0
U101554,2025-03-22,Paid Search,Ops Manager,Desktop,Europe,1-10,1.039,10.27,False,False,Free,Free,,0
U107591,2025-03-22,Paid Search,Founder,Desktop,North America,201-1000,0.874,20.17,True,True,Trial,Free,,0
U107690,2025-03-22,Referral,Marketing Team,Mobile,Europe,1000+,1.419,12.19,True,False,Free,Free,,0
U107291,2025-03-22,Social,Ops Manager,Desktop,Europe,11-50,0.724,79.44,True,True,Trial,Free,,0
U104081,2025-03-22,Paid Search,Sales Team,Desktop,LATAM,51-200,0.808,29.21,False,False,Free,Free,,0
U101974,2025-03-22,Paid Search,Founder,Desktop,North America,201-1000,0.907,9.84,False,False,Free,Free,,0
U107053,2025-03-22,Organic Search,Founder,Tablet,North America,1-10,1.173,7.75,False,False,Free,Free,,0
U102523,2025-03-22,Organic Search,Student / Hobby,Mobile,North America,1-10,0.57,45.04,False,False,Free,Free,,0
U101348,2025-03-22,Paid Search,Sales Team,Mobile,Europe,11-50,0.764,34.73,False,False,Free,Free,,0
U108309,2025-03-22,Referral,Sales Team,Mobile,APAC,11-50,1.18,13.18,False,False,Free,Free,,0
U101178,2025-03-22,Referral,Student / Hobby,Desktop,Europe,201-1000,0.596,9.87,False,False,Free,Free,,0
U106671,2025-03-22,Referral,Sales Team,Desktop,Europe,1-10,1.179,26.11,False,False,Free,Free,,0
U100166,2025-03-22,Paid Search,Founder,Desktop,Europe,11-50,1.119,28.63,False,False,Free,Free,,0
U106852,2025-03-22,Referral,Student / Hobby,Mobile,Europe,1-10,0.904,19.06,True,False,Free,Free,,0
U105680,2025-03-22,Organic Search,Sales Team,Desktop,North America,11-50,1.356,16.6,True,True,Paid,Starter,2025-03-30,19
U102475,2025-03-22,Organic Search,Sales Team,Desktop,North America,51-200,0.768,26.02,False,False,Free,Free,,0
U102239,2025-03-22,Organic Search,Sales Team,Desktop,MEA,1-10,0.931,38.56,True,False,Free,Free,,0
U107448,2025-03-22,Organic Search,Sales Team,Desktop,APAC,1-10,0.975,23.28,True,False,Free,Free,,0
U106109,2025-03-22,Referral,Student / Hobby,Mobile,North America,1-10,0.34,78.62,True,True,Trial,Free,,0
U102243,2025-03-22,Paid Search,Sales Team,Tablet,APAC,11-50,1.2,10.79,False,False,Free,Free,,0
U106910,2025-03-22,Organic Search,Sales Team,Mobile,Europe,1-10,1.131,4.09,False,False,Free,Free,,0
U105949,2025-03-22,Organic Search,Sales Team,Desktop,North America,51-200,0.799,20.56,False,False,Free,Free,,0
U101503,2025-03-22,Paid Search,Marketing Team,Mobile,North America,1-10,0.657,16.84,False,False,Free,Free,,0
U105265,2025-03-22,Social,Founder,Tablet,Europe,1000+,0.529,18.11,True,False,Free,Free,,0
U108206,2025-03-22,Paid Search,Sales Team,Tablet,Europe,11-50,1.002,32.63,True,False,Free,Free,,0
U102338,2025-03-22,Paid Search,Sales Team,Mobile,Europe,1000+,0.367,58.17,False,False,Free,Free,,0
U106031,2025-03-22,Paid Search,Ops Manager,Desktop,North America,11-50,1.108,10.34,False,False,Free,Free,,0
U108364,2025-03-23,Organic Search,Marketing Team,Desktop,Europe,11-50,1.118,9.4,False,False,Free,Free,,0
U106791,2025-03-23,Organic Search,Founder,Desktop,Europe,1000+,1.254,1.32,True,True,Trial,Free,,0
U101627,2025-03-23,Organic Search,Founder,Mobile,Europe,51-200,1.018,20.67,False,False,Free,Free,,0
U104434,2025-03-23,Social,Ops Manager,Desktop,Europe,1-10,0.92,15.04,False,False,Free,Free,,0
U108276,2025-03-23,Referral,Founder,Desktop,Europe,1-10,1.392,8.71,True,True,Paid,Growth,2025-03-28,59
U106179,2025-03-23,Organic Search,Founder,Tablet,APAC,1000+,1.102,10.11,False,False,Free,Free,,0
U103065,2025-03-23,Content,Marketing Team,Desktop,North America,201-1000,0.862,71.52,False,False,Free,Free,,0
U103985,2025-03-23,Social,Founder,Desktop,North America,1-10,1.158,5.4,True,True,Paid,Starter,2025-03-25,19
U106499,2025-03-23,Paid Search,Marketing Team,Tablet,MEA,1-10,0.357,10.54,False,False,Free,Free,,0
U104411,2025-03-23,Referral,Sales Team,Desktop,North America,1-10,1.033,6.44,False,False,Free,Free,,0
U107689,2025-03-23,Organic Search,Marketing Team,Desktop,Europe,1-10,1.01,4.82,False,False,Free,Free,,0
U105682,2025-03-23,Referral,Marketing Team,Mobile,North America,1-10,1.281,12.2,True,False,Free,Free,,0
U100187,2025-03-23,Paid Search,Ops Manager,Desktop,North America,11-50,0.748,4.2,False,False,Free,Free,,0
U102839,2025-03-23,Organic Search,Ops Manager,Desktop,North America,1000+,1.043,11.26,True,True,Trial,Free,,0
U101340,2025-03-23,Paid Search,Founder,Desktop,North America,11-50,1.283,6.53,False,False,Free,Free,,0
U108187,2025-03-23,Organic Search,Founder,Desktop,Europe,11-50,1.08,22.97,False,False,Free,Free,,0
U107234,2025-03-23,Organic Search,Founder,Tablet,Europe,1000+,1.213,6.81,True,False,Free,Free,,0
U104704,2025-03-23,Organic Search,Marketing Team,Desktop,APAC,11-50,1.395,21.55,True,True,Paid,Starter,2025-03-28,19
U105217,2025-03-23,Social,Founder,Desktop,North America,1-10,1.052,25.32,False,False,Free,Free,,0
U108240,2025-03-23,Content,Marketing Team,Desktop,North America,11-50,0.795,15.41,False,False,Free,Free,,0
U107640,2025-03-23,Paid Search,Marketing Team,Mobile,North America,51-200,0.857,29.21,True,False,Free,Free,,0
U102479,2025-03-23,Organic Search,Ops Manager,Mobile,North America,11-50,1.091,17.37,False,False,Free,Free,,0
U100634,2025-03-23,Referral,Founder,Desktop,North America,11-50,1.385,11.91,True,False,Free,Free,,0
U102020,2025-03-23,Paid Search,Sales Team,Desktop,LATAM,11-50,1.287,1.0,False,False,Free,Free,,0
U100288,2025-03-23,Social,Sales Team,Desktop,LATAM,1-10,0.673,50.4,False,False,Free,Free,,0
U101327,2025-03-23,Organic Search,Student / Hobby,Mobile,LATAM,51-200,0.277,18.61,False,False,Free,Free,,0
U103905,2025-03-23,Referral,Ops Manager,Desktop,North America,1000+,1.021,13.16,False,False,Free,Free,,0
U106096,2025-03-23,Organic Search,Ops Manager,Desktop,LATAM,1-10,1.448,4.38,False,False,Free,Free,,0
U107201,2025-03-23,Paid Search,Ops Manager,Desktop,North America,1-10,0.533,42.37,False,False,Free,Free,,0
U107709,2025-03-23,Paid Search,Ops Manager,Desktop,Europe,11-50,0.817,51.02,False,False,Free,Free,,0
U100932,2025-03-23,Partnership,Founder,Tablet,Europe,1000+,1.721,3.2,False,False,Free,Free,,0
U100249,2025-03-23,Referral,Marketing Team,Desktop,North America,11-50,1.601,15.89,False,False,Free,Free,,0
U100522,2025-03-23,Referral,Marketing Team,Desktop,Europe,51-200,1.207,8.53,False,False,Free,Free,,0
U102546,2025-03-23,Referral,Ops Manager,Desktop,North America,11-50,2.15,4.38,True,False,Free,Free,,0
U101362,2025-03-24,Partnership,Ops Manager,Mobile,North America,201-1000,1.448,15.92,False,False,Free,Free,,0
U107382,2025-03-24,Social,Sales Team,Desktop,LATAM,51-200,0.723,53.05,False,False,Free,Free,,0
U100859,2025-03-24,Social,Founder,Mobile,Europe,201-1000,0.887,30.7,False,False,Free,Free,,0
U102905,2025-03-24,Content,Ops Manager,Desktop,North America,11-50,1.709,16.75,True,False,Free,Free,,0
U101460,2025-03-24,Paid Search,Marketing Team,Mobile,North America,51-200,0.871,20.89,True,False,Free,Free,,0
U106722,2025-03-24,Social,Founder,Desktop,MEA,1000+,0.482,29.58,False,False,Free,Free,,0
U102850,2025-03-24,Referral,Ops Manager,Desktop,Europe,1-10,1.845,8.52,True,False,Free,Free,,0
U105284,2025-03-24,Referral,Marketing Team,Desktop,APAC,1000+,1.792,4.3,False,False,Free,Free,,0
U100317,2025-03-24,Paid Search,Founder,Desktop,APAC,11-50,0.949,8.95,False,False,Free,Free,,0
U101614,2025-03-24,Referral,Student / Hobby,Desktop,North America,11-50,0.332,32.64,True,False,Free,Free,,0
U100385,2025-03-24,Referral,Ops Manager,Desktop,Europe,51-200,1.524,2.85,True,True,Trial,Free,,0
U100874,2025-03-24,Social,Sales Team,Desktop,Europe,11-50,0.876,13.0,True,False,Free,Free,,0
U104426,2025-03-24,Social,Ops Manager,Desktop,North America,51-200,0.834,29.75,False,False,Free,Free,,0
U100886,2025-03-24,Paid Search,Marketing Team,Desktop,Europe,51-200,1.032,50.48,False,False,Free,Free,,0
U102332,2025-03-24,Paid Search,Marketing Team,Desktop,APAC,11-50,0.508,84.84,False,False,Free,Free,,0
U107785,2025-03-24,Social,Sales Team,Desktop,APAC,1-10,0.781,24.1,False,False,Free,Free,,0
U107768,2025-03-24,Organic Search,Founder,Mobile,Europe,51-200,1.102,19.91,False,False,Free,Free,,0
U105996,2025-03-24,Organic Search,Founder,Mobile,North America,1000+,1.189,13.15,False,False,Free,Free,,0
U101982,2025-03-24,Referral,Sales Team,Desktop,North America,1-10,0.851,36.18,False,False,Free,Free,,0
U102538,2025-03-24,Social,Student / Hobby,Desktop,North America,11-50,0.427,5.02,True,False,Free,Free,,0
U105988,2025-03-24,Social,Student / Hobby,Mobile,North America,1-10,0.348,72.95,False,False,Free,Free,,0
U106336,2025-03-24,Organic Search,Marketing Team,Mobile,Europe,1-10,0.878,21.13,False,False,Free,Free,,0
U108121,2025-03-24,Referral,Founder,Desktop,North America,201-1000,1.556,6.62,True,False,Free,Free,,0
U106656,2025-03-24,Referral,Ops Manager,Desktop,North America,1-10,1.683,1.98,True,True,Paid,Growth,2025-03-28,59
U103140,2025-03-24,Organic Search,Ops Manager,Desktop,North America,1-10,1.106,37.41,False,False,Free,Free,,0
U103030,2025-03-24,Partnership,Sales Team,Mobile,North America,11-50,1.599,12.12,False,False,Free,Free,,0
U102253,2025-03-24,Paid Search,Founder,Desktop,APAC,201-1000,1.06,15.46,True,True,Trial,Free,,0
U102125,2025-03-24,Referral,Ops Manager,Desktop,APAC,51-200,1.646,6.89,True,False,Free,Free,,0
U105644,2025-03-24,Paid Search,Founder,Mobile,North America,201-1000,0.59,46.79,False,False,Free,Free,,0
U106322,2025-03-24,Partnership,Founder,Mobile,Europe,1-10,1.525,7.95,False,False,Free,Free,,0
U102028,2025-03-24,Referral,Ops Manager,Desktop,North America,1-10,1.577,5.77,True,False,Free,Free,,0
U107065,2025-03-24,Paid Search,Sales Team,Mobile,MEA,201-1000,0.752,25.7,False,False,Free,Free,,0
U104408,2025-03-24,Organic Search,Founder,Mobile,APAC,201-1000,1.171,21.65,False,False,Free,Free,,0
U104039,2025-03-24,Referral,Sales Team,Desktop,North America,51-200,1.217,5.25,False,False,Free,Free,,0
U106250,2025-03-24,Partnership,Ops Manager,Desktop,APAC,1-10,1.79,15.17,False,False,Free,Free,,0
U105841,2025-03-24,Content,Founder,Desktop,North America,51-200,1.288,3.08,True,True,Paid,Starter,2025-03-24,19
U101296,2025-03-24,Organic Search,Marketing Team,Desktop,MEA,51-200,0.755,32.78,True,False,Free,Free,,0
U107586,2025-03-24,Referral,Founder,Desktop,Europe,201-1000,1.427,4.52,False,False,Free,Free,,0
U106556,2025-03-25,Organic Search,Ops Manager,Desktop,North America,201-1000,1.349,30.49,False,False,Free,Free,,0
U106804,2025-03-25,Content,Marketing Team,Desktop,Europe,1-10,0.943,15.07,False,False,Free,Free,,0
U105275,2025-03-25,Referral,Founder,Desktop,North America,1-10,1.103,17.99,False,False,Free,Free,,0
U107542,2025-03-25,Paid Search,Sales Team,Mobile,North America,11-50,0.548,26.35,False,False,Free,Free,,0
U107117,2025-03-25,Referral,Ops Manager,Mobile,APAC,51-200,1.462,10.62,False,False,Free,Free,,0
U103041,2025-03-25,Organic Search,Sales Team,Desktop,North America,11-50,1.1,17.76,False,False,Free,Free,,0
U105752,2025-03-25,Paid Search,Founder,Desktop,North America,11-50,0.983,25.41,False,False,Free,Free,,0
U107799,2025-03-25,Paid Search,Student / Hobby,Desktop,North America,1-10,0.25,182.93,False,False,Free,Free,,0
U105740,2025-03-25,Paid Search,Founder,Desktop,North America,1-10,0.852,31.54,False,False,Free,Free,,0
U103524,2025-03-25,Paid Search,Marketing Team,Desktop,North America,11-50,0.799,15.95,True,False,Free,Free,,0
U102692,2025-03-25,Organic Search,Ops Manager,Mobile,LATAM,11-50,1.091,10.34,False,False,Free,Free,,0
U104447,2025-03-25,Paid Search,Ops Manager,Desktop,North America,11-50,0.961,7.47,False,False,Free,Free,,0
U101712,2025-03-25,Organic Search,Sales Team,Mobile,APAC,11-50,1.311,7.72,True,False,Free,Free,,0
U103669,2025-03-25,Organic Search,Ops Manager,Desktop,North America,11-50,1.279,20.66,False,False,Free,Free,,0
U106781,2025-03-25,Paid Search,Founder,Desktop,MEA,201-1000,1.176,16.41,False,False,Free,Free,,0
U107017,2025-03-25,Social,Student / Hobby,Mobile,North America,1-10,0.465,48.2,False,False,Free,Free,,0
U107895,2025-03-25,Paid Search,Ops Manager,Mobile,Europe,11-50,1.309,14.64,False,False,Free,Free,,0
U104144,2025-03-25,Referral,Marketing Team,Desktop,North America,51-200,1.009,9.14,False,False,Free,Free,,0
U107056,2025-03-25,Content,Sales Team,Desktop,North America,1-10,1.12,20.58,False,False,Free,Free,,0
U103690,2025-03-25,Organic Search,Ops Manager,Desktop,APAC,11-50,1.079,17.93,False,False,Free,Free,,0
U102486,2025-03-25,Organic Search,Founder,Mobile,North America,1-10,1.19,8.95,True,True,Trial,Free,,0
U107529,2025-03-25,Social,Ops Manager,Desktop,North America,11-50,0.9,3.44,False,False,Free,Free,,0
U100379,2025-03-25,Referral,Sales Team,Desktop,Europe,1-10,1.561,5.2,False,False,Free,Free,,0
U106945,2025-03-25,Paid Search,Marketing Team,Desktop,LATAM,1-10,0.902,17.03,True,True,Paid,Growth,2025-03-25,59
U108165,2025-03-25,Content,Marketing Team,Desktop,North America,1-10,1.046,18.36,True,True,Trial,Free,,0
U106112,2025-03-25,Social,Founder,Mobile,North America,11-50,0.835,26.33,False,False,Free,Free,,0
U101272,2025-03-25,Content,Sales Team,Desktop,North America,1-10,1.523,5.37,True,False,Free,Free,,0
U107047,2025-03-25,Social,Sales Team,Desktop,APAC,11-50,0.594,19.22,False,False,Free,Free,,0
U100094,2025-03-25,Paid Search,Ops Manager,Mobile,North America,1-10,1.405,8.21,False,False,Free,Free,,0
U106213,2025-03-25,Paid Search,Founder,Desktop,LATAM,51-200,1.051,20.13,False,False,Free,Free,,0
U102851,2025-03-25,Referral,Marketing Team,Desktop,North America,11-50,1.324,15.76,False,False,Free,Free,,0
U105403,2025-03-26,Organic Search,Ops Manager,Desktop,North America,51-200,1.339,7.35,False,False,Free,Free,,0
U105392,2025-03-26,Social,Founder,Desktop,Europe,11-50,0.969,18.51,False,False,Free,Free,,0
U107356,2025-03-26,Organic Search,Sales Team,Desktop,Europe,11-50,0.883,21.96,False,False,Free,Free,,0
U108386,2025-03-26,Paid Search,Founder,Tablet,APAC,1000+,0.722,15.68,False,False,Free,Free,,0
U107311,2025-03-26,Referral,Founder,Desktop,North America,51-200,1.318,56.81,False,False,Free,Free,,0
U105971,2025-03-26,Social,Sales Team,Mobile,Europe,51-200,0.471,15.91,False,False,Free,Free,,0
U106782,2025-03-26,Organic Search,Founder,Desktop,North America,201-1000,1.102,23.95,True,False,Free,Free,,0
U100533,2025-03-26,Referral,Ops Manager,Mobile,APAC,1-10,1.746,7.24,False,False,Free,Free,,0
U105582,2025-03-26,Organic Search,Ops Manager,Desktop,Europe,1-10,1.319,22.2,False,False,Free,Free,,0
U104879,2025-03-26,Partnership,Sales Team,Desktop,North America,11-50,1.361,7.17,True,False,Free,Free,,0
U100734,2025-03-26,Content,Sales Team,Desktop,LATAM,11-50,1.143,12.09,False,False,Free,Free,,0
U106776,2025-03-26,Paid Search,Marketing Team,Mobile,LATAM,11-50,0.905,18.56,False,False,Free,Free,,0
U104124,2025-03-26,Social,Founder,Desktop,Europe,1-10,1.126,33.48,False,False,Free,Free,,0
U105182,2025-03-26,Paid Search,Ops Manager,Desktop,North America,11-50,0.834,11.73,True,False,Free,Free,,0
U104913,2025-03-26,Organic Search,Sales Team,Desktop,Europe,11-50,1.285,37.33,True,True,Trial,Free,,0
U100307,2025-03-26,Referral,Ops Manager,Mobile,LATAM,11-50,1.766,4.81,False,False,Free,Free,,0
U103914,2025-03-26,Paid Search,Student / Hobby,Desktop,Europe,1-10,0.32,52.86,False,False,Free,Free,,0
U107475,2025-03-26,Paid Search,Sales Team,Desktop,North America,1-10,0.957,15.0,True,False,Free,Free,,0
U103576,2025-03-26,Paid Search,Sales Team,Tablet,North America,1-10,1.272,9.01,False,False,Free,Free,,0
U104237,2025-03-26,Organic Search,Sales Team,Desktop,MEA,11-50,0.679,11.3,False,False,Free,Free,,0
U105421,2025-03-26,Paid Search,Sales Team,Mobile,MEA,11-50,0.872,33.34,False,False,Free,Free,,0
U102245,2025-03-26,Social,Founder,Desktop,North America,11-50,0.744,47.36,False,False,Free,Free,,0
U106117,2025-03-26,Organic Search,Founder,Tablet,Europe,51-200,1.226,12.51,False,False,Free,Free,,0
U108027,2025-03-26,Content,Ops Manager,Desktop,Europe,1-10,1.694,12.26,True,False,Free,Free,,0
U106640,2025-03-26,Paid Search,Student / Hobby,Mobile,North America,11-50,0.757,12.16,True,True,Trial,Free,,0
U100047,2025-03-26,Paid Search,Sales Team,Mobile,North America,51-200,0.92,26.83,False,False,Free,Free,,0
U102313,2025-03-26,Referral,Founder,Desktop,APAC,11-50,1.751,2.42,True,False,Free,Free,,0
U101214,2025-03-26,Paid Search,Sales Team,Desktop,North America,11-50,0.699,4.84,False,False,Free,Free,,0
U102126,2025-03-26,Referral,Marketing Team,Desktop,North America,51-200,1.178,18.02,True,True,Trial,Free,,0
U107648,2025-03-26,Paid Search,Ops Manager,Mobile,APAC,1-10,1.034,16.13,False,False,Free,Free,,0
U101424,2025-03-26,Referral,Founder,Mobile,Europe,51-200,1.215,11.73,True,False,Free,Free,,0
U102790,2025-03-26,Organic Search,Sales Team,Desktop,North America,11-50,0.968,25.12,False,False,Free,Free,,0
U102901,2025-03-26,Content,Founder,Desktop,Europe,51-200,1.015,40.92,True,False,Free,Free,,0
U102249,2025-03-27,Paid Search,Marketing Team,Desktop,APAC,11-50,1.004,20.57,False,False,Free,Free,,0
U102075,2025-03-27,Organic Search,Marketing Team,Mobile,North America,1000+,1.023,6.08,True,False,Free,Free,,0
U106726,2025-03-27,Organic Search,Sales Team,Desktop,APAC,11-50,1.218,7.69,False,False,Free,Free,,0
U107397,2025-03-27,Social,Marketing Team,Desktop,Europe,201-1000,0.597,17.96,False,False,Free,Free,,0
U101300,2025-03-27,Social,Ops Manager,Desktop,Europe,11-50,0.893,32.64,False,False,Free,Free,,0
U101108,2025-03-27,Paid Search,Ops Manager,Desktop,North America,1-10,1.156,13.62,False,False,Free,Free,,0
U102081,2025-03-27,Social,Ops Manager,Desktop,North America,11-50,1.066,15.73,False,False,Free,Free,,0
U106770,2025-03-27,Referral,Sales Team,Desktop,North America,51-200,1.327,30.01,False,False,Free,Free,,0
U103648,2025-03-27,Paid Search,Ops Manager,Tablet,APAC,1000+,0.879,2.93,True,True,Paid,Scale,2025-03-30,149
U108467,2025-03-27,Referral,Founder,Desktop,North America,1-10,1.485,33.64,True,True,Paid,Starter,2025-04-02,19
U103196,2025-03-27,Social,Ops Manager,Mobile,North America,1-10,0.881,20.18,True,False,Free,Free,,0
U102703,2025-03-27,Content,Marketing Team,Desktop,North America,51-200,1.002,17.88,False,False,Free,Free,,0
U101287,2025-03-27,Organic Search,Sales Team,Desktop,Europe,51-200,1.079,13.22,False,False,Free,Free,,0
U105641,2025-03-27,Referral,Sales Team,Mobile,Europe,1-10,1.21,32.24,True,False,Free,Free,,0
U108180,2025-03-27,Referral,Sales Team,Desktop,LATAM,11-50,0.933,12.87,True,False,Free,Free,,0
U104921,2025-03-27,Organic Search,Student / Hobby,Desktop,North America,51-200,0.591,13.17,False,False,Free,Free,,0
U108249,2025-03-27,Social,Founder,Desktop,North America,1-10,0.874,10.14,False,False,Free,Free,,0
U107335,2025-03-27,Organic Search,Ops Manager,Desktop,Europe,1-10,1.135,33.95,True,True,Trial,Free,,0
U101426,2025-03-27,Social,Founder,Mobile,North America,11-50,0.5,32.34,False,False,Free,Free,,0
U104141,2025-03-27,Paid Search,Student / Hobby,Desktop,North America,201-1000,0.488,16.75,False,False,Free,Free,,0
U106436,2025-03-27,Social,Marketing Team,Desktop,North America,11-50,0.627,11.75,False,False,Free,Free,,0
U103816,2025-03-27,Organic Search,Sales Team,Mobile,North America,51-200,1.009,42.85,False,False,Free,Free,,0
U108161,2025-03-27,Organic Search,Ops Manager,Desktop,North America,11-50,1.044,8.76,False,False,Free,Free,,0
U103587,2025-03-27,Paid Search,Marketing Team,Desktop,North America,11-50,1.078,14.47,False,False,Free,Free,,0
U106283,2025-03-27,Referral,Ops Manager,Desktop,APAC,201-1000,1.433,2.01,False,False,Free,Free,,0
U107533,2025-03-27,Organic Search,Ops Manager,Desktop,North America,1-10,1.261,42.74,False,False,Free,Free,,0
U103098,2025-03-27,Organic Search,Sales Team,Desktop,North America,51-200,1.085,32.19,False,False,Free,Free,,0
U106046,2025-03-27,Paid Search,Marketing Team,Desktop,Europe,11-50,0.384,114.85,False,False,Free,Free,,0
U106998,2025-03-27,Partnership,Sales Team,Mobile,North America,201-1000,1.549,40.13,True,False,Free,Free,,0
U103854,2025-03-27,Referral,Sales Team,Desktop,APAC,11-50,1.249,15.31,True,True,Paid,Growth,2025-03-29,59
U102699,2025-03-28,Organic Search,Ops Manager,Desktop,Europe,11-50,1.174,9.65,True,True,Paid,Scale,2025-04-03,149
U106721,2025-03-28,Organic Search,Ops Manager,Desktop,Europe,51-200,1.183,7.95,True,False,Free,Free,,0
U100276,2025-03-28,Organic Search,Sales Team,Desktop,North America,1-10,1.262,9.31,True,True,Trial,Free,,0
U104845,2025-03-28,Social,Student / Hobby,Desktop,Europe,201-1000,0.586,3.68,False,False,Free,Free,,0
U101192,2025-03-28,Organic Search,Student / Hobby,Desktop,North America,1-10,0.632,49.87,False,False,Free,Free,,0
U101006,2025-03-28,Referral,Marketing Team,Mobile,Europe,11-50,0.88,13.38,False,False,Free,Free,,0
U107323,2025-03-28,Paid Search,Marketing Team,Desktop,North America,1-10,0.538,16.41,False,False,Free,Free,,0
U101171,2025-03-28,Referral,Ops Manager,Desktop,LATAM,11-50,1.736,9.39,True,False,Free,Free,,0
U103960,2025-03-28,Paid Search,Founder,Desktop,LATAM,1-10,0.664,20.69,False,False,Free,Free,,0
U100547,2025-03-28,Social,Ops Manager,Mobile,APAC,201-1000,1.296,10.62,False,False,Free,Free,,0
U100847,2025-03-28,Referral,Founder,Desktop,North America,11-50,1.378,6.58,False,False,Free,Free,,0
U106173,2025-03-28,Social,Marketing Team,Desktop,North America,1-10,0.468,63.06,True,False,Free,Free,,0
U100739,2025-03-28,Organic Search,Founder,Desktop,Europe,11-50,1.082,10.49,False,False,Free,Free,,0
U107310,2025-03-28,Paid Search,Marketing Team,Desktop,North America,11-50,0.943,37.85,False,False,Free,Free,,0
U102729,2025-03-28,Referral,Sales Team,Mobile,North America,11-50,1.027,13.06,True,False,Free,Free,,0
U101311,2025-03-28,Organic Search,Sales Team,Mobile,North America,11-50,1.312,17.09,False,False,Free,Free,,0
U103915,2025-03-28,Organic Search,Ops Manager,Desktop,North America,1-10,1.499,8.79,False,False,Free,Free,,0
U106207,2025-03-28,Organic Search,Sales Team,Mobile,LATAM,11-50,1.274,13.37,True,False,Free,Free,,0
U105316,2025-03-28,Organic Search,Sales Team,Desktop,MEA,1-10,1.109,24.03,True,False,Free,Free,,0
U107922,2025-03-28,Organic Search,Ops Manager,Desktop,North America,11-50,1.338,9.47,False,False,Free,Free,,0
U102163,2025-03-28,Paid Search,Marketing Team,Desktop,North America,1000+,0.766,28.8,False,False,Free,Free,,0
U100887,2025-03-28,Organic Search,Sales Team,Mobile,Europe,51-200,0.488,22.13,False,False,Free,Free,,0
U102657,2025-03-28,Organic Search,Sales Team,Desktop,LATAM,1-10,1.021,15.52,False,False,Free,Free,,0
U102663,2025-03-28,Referral,Founder,Desktop,MEA,51-200,1.254,33.24,False,False,Free,Free,,0
U100877,2025-03-28,Paid Search,Ops Manager,Desktop,Europe,11-50,1.155,3.62,True,False,Free,Free,,0
U103021,2025-03-28,Organic Search,Founder,Mobile,APAC,201-1000,1.156,28.12,False,False,Free,Free,,0
U108283,2025-03-28,Content,Sales Team,Tablet,APAC,1000+,0.745,37.09,False,False,Free,Free,,0
U106047,2025-03-28,Paid Search,Ops Manager,Desktop,LATAM,1-10,0.979,18.19,True,False,Free,Free,,0
U100676,2025-03-28,Social,Founder,Desktop,LATAM,51-200,0.742,27.05,False,False,Free,Free,,0
U105938,2025-03-28,Partnership,Ops Manager,Desktop,North America,11-50,1.223,30.46,True,True,Trial,Free,,0
U108251,2025-03-28,Referral,Ops Manager,Desktop,Europe,1-10,1.667,15.42,True,True,Paid,Starter,2025-04-02,19
U101690,2025-03-28,Organic Search,Student / Hobby,Mobile,North America,11-50,0.554,57.94,False,False,Free,Free,,0
U106600,2025-03-28,Social,Marketing Team,Mobile,APAC,11-50,0.845,21.66,False,False,Free,Free,,0
U102566,2025-03-28,Paid Search,Ops Manager,Mobile,Europe,1000+,1.26,15.24,False,False,Free,Free,,0
U103499,2025-03-28,Social,Marketing Team,Desktop,Europe,51-200,0.586,2.84,False,False,Free,Free,,0
U107726,2025-03-28,Organic Search,Ops Manager,Mobile,LATAM,11-50,1.856,12.35,True,True,Paid,Starter,2025-04-03,19
U101625,2025-03-28,Paid Search,Marketing Team,Desktop,LATAM,201-1000,0.666,35.46,False,False,Free,Free,,0
U108051,2025-03-28,Organic Search,Founder,Mobile,APAC,201-1000,1.372,7.93,False,False,Free,Free,,0
U106428,2025-03-28,Referral,Sales Team,Desktop,Europe,1-10,1.435,16.76,False,False,Free,Free,,0
U104889,2025-03-28,Organic Search,Ops Manager,Desktop,North America,51-200,1.099,31.0,True,True,Trial,Free,,0
U103350,2025-03-28,Content,Founder,Desktop,Europe,1-10,1.217,1.49,True,True,Trial,Free,,0
U106964,2025-03-28,Referral,Ops Manager,Mobile,North America,1-10,1.48,4.18,True,True,Paid,Scale,2025-04-01,149
U104036,2025-03-28,Organic Search,Student / Hobby,Desktop,Europe,11-50,0.667,7.95,False,False,Free,Free,,0
U101546,2025-03-28,Social,Student / Hobby,Mobile,Europe,1-10,0.25,91.44,False,False,Free,Free,,0
U102026,2025-03-28,Organic Search,Marketing Team,Desktop,North America,201-1000,0.315,108.72,True,False,Free,Free,,0
U106777,2025-03-28,Social,Sales Team,Desktop,APAC,1-10,0.536,20.18,False,False,Free,Free,,0
U104059,2025-03-28,Organic Search,Student / Hobby,Mobile,North America,51-200,0.832,27.69,False,False,Free,Free,,0
U107277,2025-03-28,Organic Search,Founder,Desktop,North America,1-10,1.151,5.34,False,False,Free,Free,,0
U108170,2025-03-28,Referral,Student / Hobby,Mobile,APAC,51-200,0.745,30.13,False,False,Free,Free,,0
U104071,2025-03-28,Referral,Founder,Mobile,North America,11-50,1.367,6.32,True,False,Free,Free,,0
U108302,2025-03-28,Referral,Founder,Tablet,APAC,1-10,1.24,15.09,True,False,Free,Free,,0
U104600,2025-03-29,Partnership,Sales Team,Desktop,Europe,11-50,1.215,22.94,False,False,Free,Free,,0
U101400,2025-03-29,Referral,Founder,Desktop,Europe,11-50,1.437,34.49,True,False,Free,Free,,0
U104697,2025-03-29,Paid Search,Founder,Desktop,Europe,51-200,1.294,13.1,True,False,Free,Free,,0
U104772,2025-03-29,Social,Sales Team,Desktop,North America,51-200,0.338,27.89,False,False,Free,Free,,0
U101273,2025-03-29,Paid Search,Founder,Desktop,North America,11-50,0.856,9.52,False,False,Free,Free,,0
U100833,2025-03-29,Organic Search,Ops Manager,Mobile,North America,11-50,1.243,23.61,True,False,Free,Free,,0
U105508,2025-03-29,Referral,Founder,Mobile,Europe,1-10,1.154,22.52,True,True,Paid,Scale,2025-03-29,149
U108207,2025-03-29,Partnership,Founder,Tablet,APAC,1-10,1.384,23.36,False,False,Free,Free,,0
U107121,2025-03-29,Organic Search,Ops Manager,Mobile,North America,1-10,0.933,16.7,False,False,Free,Free,,0
U101187,2025-03-29,Content,Ops Manager,Mobile,Europe,1-10,1.071,14.0,True,False,Free,Free,,0
U108185,2025-03-29,Paid Search,Student / Hobby,Desktop,LATAM,1-10,0.25,78.46,False,False,Free,Free,,0
U106883,2025-03-29,Content,Ops Manager,Mobile,Europe,51-200,1.337,19.15,False,False,Free,Free,,0
U108119,2025-03-29,Referral,Founder,Desktop,LATAM,1-10,1.582,14.38,True,True,Trial,Free,,0
U104695,2025-03-29,Organic Search,Ops Manager,Mobile,North America,1-10,1.363,29.82,True,True,Trial,Free,,0
U104506,2025-03-29,Organic Search,Founder,Mobile,LATAM,1-10,0.838,51.59,False,False,Free,Free,,0
U107981,2025-03-29,Organic Search,Ops Manager,Desktop,Europe,1-10,1.213,10.47,False,False,Free,Free,,0
U107736,2025-03-29,Referral,Founder,Tablet,North America,51-200,1.399,13.33,True,True,Trial,Free,,0
U102662,2025-03-29,Organic Search,Founder,Desktop,Europe,1-10,1.105,19.89,False,False,Free,Free,,0
U101730,2025-03-29,Organic Search,Founder,Desktop,North America,1-10,1.179,22.36,False,False,Free,Free,,0
U104164,2025-03-29,Social,Sales Team,Desktop,MEA,1-10,0.563,21.66,False,False,Free,Free,,0
U100584,2025-03-29,Paid Search,Ops Manager,Mobile,North America,11-50,1.328,8.44,True,False,Free,Free,,0
U100660,2025-03-29,Partnership,Ops Manager,Desktop,APAC,1000+,1.633,15.21,False,False,Free,Free,,0
U101067,2025-03-29,Paid Search,Marketing Team,Desktop,Europe,11-50,0.713,49.79,True,False,Free,Free,,0
U103898,2025-03-29,Organic Search,Founder,Mobile,APAC,1-10,1.247,20.28,True,False,Free,Free,,0
U105044,2025-03-29,Paid Search,Founder,Mobile,North America,1-10,0.907,9.51,True,False,Free,Free,,0
U101659,2025-03-29,Paid Search,Founder,Mobile,North America,201-1000,0.686,43.93,False,False,Free,Free,,0
U100220,2025-03-29,Paid Search,Student / Hobby,Tablet,North America,1-10,0.701,14.56,False,False,Free,Free,,0
U107724,2025-03-29,Paid Search,Marketing Team,Mobile,North America,11-50,0.955,42.73,False,False,Free,Free,,0
U101070,2025-03-29,Organic Search,Student / Hobby,Tablet,North America,1-10,0.461,18.63,False,False,Free,Free,,0
U104320,2025-03-29,Paid Search,Founder,Desktop,North America,51-200,0.684,9.51,False,False,Free,Free,,0
U105800,2025-03-29,Organic Search,Marketing Team,Desktop,Europe,201-1000,0.71,32.01,False,False,Free,Free,,0
U102673,2025-03-29,Referral,Founder,Mobile,North America,1-10,1.839,9.61,True,False,Free,Free,,0
U104296,2025-03-30,Paid Search,Founder,Desktop,North America,11-50,0.863,35.79,True,True,Paid,Growth,2025-04-01,59
U102590,2025-03-30,Content,Marketing Team,Mobile,LATAM,1-10,0.842,28.78,False,False,Free,Free,,0
U106835,2025-03-30,Referral,Founder,Desktop,North America,51-200,1.514,8.07,False,False,Free,Free,,0
U107615,2025-03-30,Paid Search,Sales Team,Mobile,APAC,11-50,1.044,7.44,False,False,Free,Free,,0
U101637,2025-03-30,Paid Search,Founder,Desktop,Europe,201-1000,1.042,23.23,True,False,Free,Free,,0
U100471,2025-03-30,Referral,Founder,Mobile,LATAM,1-10,1.199,26.84,True,False,Free,Free,,0
U107206,2025-03-30,Organic Search,Founder,Desktop,North America,1-10,1.125,20.56,True,True,Paid,Growth,2025-04-01,59
U103583,2025-03-30,Referral,Marketing Team,Desktop,APAC,1-10,1.431,26.67,True,True,Paid,Scale,2025-03-30,149
U100978,2025-03-30,Content,Ops Manager,Desktop,North America,11-50,1.098,2.92,True,True,Trial,Free,,0
U106471,2025-03-30,Referral,Founder,Desktop,APAC,11-50,1.362,31.52,False,False,Free,Free,,0
U101262,2025-03-30,Social,Ops Manager,Desktop,North America,11-50,0.719,9.87,False,False,Free,Free,,0
U102448,2025-03-30,Social,Founder,Desktop,North America,51-200,0.801,14.97,True,True,Trial,Free,,0
U105010,2025-03-30,Content,Ops Manager,Desktop,MEA,201-1000,1.478,7.86,False,False,Free,Free,,0
U102492,2025-03-30,Paid Search,Ops Manager,Mobile,Europe,1-10,0.969,15.88,False,False,Free,Free,,0
U102323,2025-03-30,Organic Search,Sales Team,Desktop,North America,11-50,1.292,17.73,False,False,Free,Free,,0
U101030,2025-03-30,Paid Search,Student / Hobby,Mobile,Europe,201-1000,0.275,53.82,False,False,Free,Free,,0
U106064,2025-03-30,Paid Search,Ops Manager,Desktop,North America,1-10,0.951,20.8,True,False,Free,Free,,0
U104826,2025-03-30,Organic Search,Ops Manager,Mobile,North America,1-10,1.343,11.64,True,True,Trial,Free,,0
U103424,2025-03-30,Organic Search,Ops Manager,Desktop,APAC,51-200,1.401,26.53,False,False,Free,Free,,0
U101656,2025-03-30,Paid Search,Ops Manager,Mobile,North America,51-200,1.099,25.03,True,True,Trial,Free,,0
U104168,2025-03-30,Social,Founder,Desktop,Europe,1000+,0.755,40.97,False,False,Free,Free,,0
U106062,2025-03-30,Organic Search,Marketing Team,Mobile,North America,51-200,0.855,14.55,False,False,Free,Free,,0
U101583,2025-03-30,Paid Search,Student / Hobby,Mobile,North America,51-200,0.661,37.97,False,False,Free,Free,,0
U107313,2025-03-30,Social,Marketing Team,Mobile,APAC,11-50,0.279,113.1,False,False,Free,Free,,0
U108493,2025-03-30,Organic Search,Ops Manager,Desktop,North America,11-50,1.475,6.21,False,False,Free,Free,,0
U108339,2025-03-30,Social,Ops Manager,Mobile,APAC,51-200,1.13,54.45,False,False,Free,Free,,0
U100651,2025-03-30,Referral,Sales Team,Desktop,APAC,51-200,1.802,20.85,True,True,Paid,Scale,2025-03-30,149
U108287,2025-03-30,Paid Search,Founder,Desktop,North America,1-10,1.401,12.14,True,False,Free,Free,,0
U102878,2025-03-30,Organic Search,Ops Manager,Desktop,APAC,1-10,1.203,31.92,True,True,Paid,Starter,2025-04-05,19
U107674,2025-03-30,Content,Ops Manager,Desktop,North America,11-50,1.157,10.64,True,True,Paid,Growth,2025-03-31,59
U107186,2025-03-30,Paid Search,Marketing Team,Desktop,Europe,1-10,0.787,17.0,False,False,Free,Free,,0
U101594,2025-03-30,Partnership,Sales Team,Mobile,North America,11-50,1.305,11.57,False,False,Free,Free,,0
U106329,2025-03-30,Paid Search,Sales Team,Tablet,APAC,1-10,1.209,14.07,False,False,Free,Free,,0
U100933,2025-03-31,Partnership,Sales Team,Mobile,North America,1-10,1.035,15.9,False,False,Free,Free,,0
U105234,2025-03-31,Paid Search,Founder,Desktop,North America,11-50,0.722,46.84,False,False,Free,Free,,0
U100082,2025-03-31,Paid Search,Ops Manager,Tablet,Europe,201-1000,1.001,48.8,False,False,Free,Free,,0
U103327,2025-03-31,Organic Search,Founder,Desktop,APAC,51-200,0.853,15.15,False,False,Free,Free,,0
U104277,2025-03-31,Paid Search,Ops Manager,Desktop,APAC,11-50,1.117,27.78,False,False,Free,Free,,0
U105233,2025-03-31,Referral,Student / Hobby,Mobile,APAC,1-10,0.718,76.18,False,False,Free,Free,,0
U100670,2025-03-31,Paid Search,Sales Team,Mobile,Europe,11-50,0.367,31.63,False,False,Free,Free,,0
U101373,2025-03-31,Organic Search,Founder,Desktop,North America,1-10,1.118,28.05,False,False,Free,Free,,0
U101883,2025-03-31,Referral,Sales Team,Desktop,North America,1-10,1.342,18.34,False,False,Free,Free,,0
U101571,2025-03-31,Paid Search,Marketing Team,Desktop,APAC,201-1000,0.421,85.22,False,False,Free,Free,,0
U106854,2025-03-31,Organic Search,Marketing Team,Mobile,APAC,1-10,0.84,19.37,True,False,Free,Free,,0
U102598,2025-03-31,Paid Search,Founder,Tablet,APAC,1-10,0.626,23.35,False,False,Free,Free,,0
U104920,2025-03-31,Organic Search,Founder,Desktop,North America,11-50,1.384,11.99,True,False,Free,Free,,0
U105215,2025-03-31,Organic Search,Founder,Desktop,APAC,1-10,1.402,20.95,True,True,Paid,Growth,2025-04-08,59
U107693,2025-03-31,Social,Founder,Desktop,North America,1-10,0.43,34.32,False,False,Free,Free,,0
U100844,2025-03-31,Social,Sales Team,Desktop,APAC,1-10,0.661,6.58,False,False,Free,Free,,0
U106801,2025-03-31,Paid Search,Marketing Team,Desktop,APAC,11-50,1.154,6.06,False,False,Free,Free,,0
U105319,2025-03-31,Organic Search,Founder,Desktop,APAC,1-10,1.079,31.98,True,True,Trial,Free,,0
U107599,2025-03-31,Referral,Sales Team,Mobile,North America,11-50,1.74,3.1,True,False,Free,Free,,0
U107060,2025-03-31,Organic Search,Founder,Desktop,North America,11-50,1.466,15.96,True,False,Free,Free,,0
U104076,2025-03-31,Organic Search,Founder,Desktop,MEA,1-10,1.343,20.77,True,True,Trial,Free,,0
U101038,2025-03-31,Partnership,Sales Team,Desktop,North America,1-10,0.868,56.34,False,False,Free,Free,,0
U108374,2025-03-31,Referral,Marketing Team,Mobile,North America,201-1000,1.407,5.61,False,False,Free,Free,,0
U104825,2025-04-01,Partnership,Ops Manager,Desktop,North America,1-10,1.533,8.41,False,False,Free,Free,,0
U102724,2025-04-01,Social,Sales Team,Desktop,APAC,51-200,0.847,18.84,False,False,Free,Free,,0
U107794,2025-04-01,Content,Sales Team,Desktop,North America,11-50,0.449,22.47,False,False,Free,Free,,0
U103067,2025-04-01,Organic Search,Ops Manager,Mobile,Europe,201-1000,1.612,5.63,False,False,Free,Free,,0
U101630,2025-04-01,Social,Ops Manager,Desktop,Europe,1-10,1.2,19.34,False,False,Free,Free,,0
U102867,2025-04-01,Referral,Founder,Desktop,APAC,1-10,1.14,2.3,False,False,Free,Free,,0
U103876,2025-04-01,Paid Search,Sales Team,Desktop,North America,51-200,0.582,24.7,False,False,Free,Free,,0
U104807,2025-04-01,Organic Search,Student / Hobby,Desktop,North America,11-50,0.866,46.2,False,False,Free,Free,,0
U100626,2025-04-01,Social,Marketing Team,Mobile,North America,1000+,0.63,45.0,False,False,Free,Free,,0
U108379,2025-04-01,Referral,Founder,Mobile,North America,11-50,1.257,26.8,False,False,Free,Free,,0
U101096,2025-04-01,Organic Search,Founder,Desktop,North America,11-50,1.274,46.59,True,True,Paid,Starter,2025-04-02,19
U106115,2025-04-01,Social,Founder,Mobile,North America,51-200,0.878,29.18,True,False,Free,Free,,0
U105820,2025-04-01,Organic Search,Marketing Team,Mobile,Europe,1-10,0.59,12.34,False,False,Free,Free,,0
U104666,2025-04-01,Partnership,Marketing Team,Desktop,North America,201-1000,1.151,5.03,True,False,Free,Free,,0
U108042,2025-04-01,Paid Search,Sales Team,Desktop,North America,11-50,1.072,15.1,True,True,Paid,Starter,2025-04-02,19
U104507,2025-04-01,Paid Search,Sales Team,Desktop,North America,1000+,0.722,16.21,False,False,Free,Free,,0
U106431,2025-04-01,Paid Search,Ops Manager,Desktop,APAC,11-50,1.143,15.66,False,False,Free,Free,,0
U104730,2025-04-01,Referral,Sales Team,Mobile,APAC,51-200,1.273,28.66,False,False,Free,Free,,0
U102601,2025-04-01,Content,Sales Team,Mobile,North America,1-10,1.021,40.75,False,False,Free,Free,,0
U100072,2025-04-01,Paid Search,Founder,Desktop,Europe,51-200,1.036,16.67,False,False,Free,Free,,0
U106617,2025-04-01,Social,Founder,Desktop,North America,1-10,0.687,9.58,False,False,Free,Free,,0
U105489,2025-04-01,Social,Sales Team,Mobile,North America,1-10,0.786,25.48,False,False,Free,Free,,0
U103474,2025-04-01,Paid Search,Marketing Team,Mobile,North America,1000+,0.609,13.02,False,False,Free,Free,,0
U100881,2025-04-01,Organic Search,Ops Manager,Desktop,North America,11-50,0.982,19.84,False,False,Free,Free,,0
U107913,2025-04-01,Organic Search,Sales Team,Mobile,North America,11-50,0.941,18.16,False,False,Free,Free,,0
U104976,2025-04-01,Paid Search,Sales Team,Desktop,Europe,11-50,0.94,38.47,False,False,Free,Free,,0
U101708,2025-04-01,Organic Search,Founder,Desktop,North America,1-10,1.386,12.72,False,False,Free,Free,,0
U105396,2025-04-01,Referral,Ops Manager,Mobile,North America,1-10,1.637,15.54,True,True,Trial,Free,,0
U100480,2025-04-01,Organic Search,Student / Hobby,Desktop,Europe,1-10,0.25,79.86,False,False,Free,Free,,0
U100481,2025-04-01,Organic Search,Ops Manager,Mobile,North America,1-10,1.157,12.85,False,False,Free,Free,,0
U101849,2025-04-01,Organic Search,Sales Team,Tablet,North America,1-10,1.005,20.92,True,False,Free,Free,,0
U101282,2025-04-01,Content,Student / Hobby,Desktop,Europe,11-50,0.963,34.49,False,False,Free,Free,,0
U101636,2025-04-01,Content,Founder,Mobile,APAC,11-50,1.17,4.71,False,False,Free,Free,,0
U105091,2025-04-01,Organic Search,Sales Team,Mobile,LATAM,11-50,1.288,8.02,False,False,Free,Free,,0
U101809,2025-04-01,Referral,Marketing Team,Desktop,Europe,1-10,1.219,7.78,False,False,Free,Free,,0
U108068,2025-04-02,Paid Search,Marketing Team,Mobile,North America,1-10,1.009,28.96,False,False,Free,Free,,0
U108473,2025-04-02,Referral,Founder,Desktop,North America,201-1000,1.953,10.37,True,False,Free,Free,,0
U102223,2025-04-02,Paid Search,Marketing Team,Desktop,North America,11-50,0.899,24.37,True,False,Free,Free,,0
U104522,2025-04-02,Paid Search,Ops Manager,Desktop,MEA,51-200,0.801,31.64,False,False,Free,Free,,0
U105086,2025-04-02,Organic Search,Founder,Desktop,Europe,201-1000,0.793,52.52,False,False,Free,Free,,0
U108188,2025-04-02,Social,Student / Hobby,Desktop,APAC,11-50,0.337,43.41,False,False,Free,Free,,0
U108219,2025-04-02,Partnership,Founder,Tablet,North America,201-1000,1.339,15.53,False,False,Free,Free,,0
U103833,2025-04-02,Paid Search,Founder,Mobile,North America,11-50,1.288,30.08,False,False,Free,Free,,0
U106759,2025-04-02,Content,Ops Manager,Desktop,APAC,11-50,1.426,12.95,False,False,Free,Free,,0
U105088,2025-04-02,Content,Founder,Desktop,Europe,1-10,1.257,25.85,False,False,Free,Free,,0
U105801,2025-04-02,Content,Ops Manager,Desktop,APAC,11-50,1.109,16.27,True,True,Trial,Free,,0
U103501,2025-04-02,Content,Student / Hobby,Desktop,APAC,11-50,0.345,71.06,False,False,Free,Free,,0
U102015,2025-04-02,Content,Founder,Desktop,North America,1-10,0.784,3.54,False,False,Free,Free,,0
U106196,2025-04-02,Paid Search,Ops Manager,Desktop,APAC,1-10,1.2,39.29,True,False,Free,Free,,0
U100792,2025-04-02,Organic Search,Founder,Mobile,Europe,51-200,1.297,34.63,True,False,Free,Free,,0
U100124,2025-04-02,Partnership,Marketing Team,Tablet,LATAM,11-50,1.004,3.95,False,False,Free,Free,,0
U100286,2025-04-02,Organic Search,Founder,Desktop,Europe,11-50,0.905,15.33,True,False,Free,Free,,0
U103634,2025-04-02,Partnership,Ops Manager,Desktop,Europe,1-10,1.53,13.27,True,False,Free,Free,,0
U105164,2025-04-02,Organic Search,Founder,Desktop,Europe,1-10,1.038,20.47,False,False,Free,Free,,0
U102861,2025-04-02,Paid Search,Ops Manager,Mobile,North America,1-10,1.125,14.78,False,False,Free,Free,,0
U102865,2025-04-02,Social,Founder,Desktop,North America,51-200,0.634,54.59,False,False,Free,Free,,0
U102159,2025-04-02,Content,Founder,Desktop,APAC,201-1000,1.582,6.5,True,False,Free,Free,,0
U105706,2025-04-02,Organic Search,Ops Manager,Mobile,North America,11-50,1.218,20.76,True,True,Trial,Free,,0
U105766,2025-04-02,Paid Search,Founder,Desktop,APAC,1-10,1.177,12.78,False,False,Free,Free,,0
U104757,2025-04-02,Organic Search,Founder,Desktop,North America,51-200,1.339,20.18,True,False,Free,Free,,0
U104150,2025-04-02,Organic Search,Founder,Mobile,LATAM,1-10,0.929,33.11,False,False,Free,Free,,0
U107948,2025-04-02,Referral,Marketing Team,Tablet,North America,1000+,1.666,9.43,False,False,Free,Free,,0
U103799,2025-04-02,Organic Search,Sales Team,Desktop,Europe,51-200,1.262,10.69,False,False,Free,Free,,0
U102177,2025-04-02,Paid Search,Founder,Mobile,North America,51-200,1.071,44.48,False,False,Free,Free,,0
U107614,2025-04-02,Paid Search,Ops Manager,Mobile,Europe,51-200,0.817,17.83,False,False,Free,Free,,0
U104462,2025-04-02,Referral,Ops Manager,Mobile,North America,201-1000,1.58,15.66,True,True,Paid,Growth,2025-04-10,59
U100248,2025-04-02,Organic Search,Ops Manager,Desktop,LATAM,51-200,1.45,22.78,False,False,Free,Free,,0
U100944,2025-04-02,Organic Search,Student / Hobby,Mobile,North America,201-1000,0.453,44.1,False,False,Free,Free,,0
U108444,2025-04-02,Paid Search,Marketing Team,Desktop,APAC,1000+,0.632,19.33,False,False,Free,Free,,0
U101943,2025-04-02,Partnership,Sales Team,Mobile,North America,1-10,1.212,4.42,False,False,Free,Free,,0
U108024,2025-04-02,Paid Search,Founder,Desktop,LATAM,11-50,0.557,24.94,False,False,Free,Free,,0
U104828,2025-04-02,Organic Search,Founder,Mobile,North America,1-10,1.342,35.14,False,False,Free,Free,,0
U108296,2025-04-02,Organic Search,Founder,Desktop,Europe,51-200,1.417,9.04,True,True,Trial,Free,,0
U105598,2025-04-02,Referral,Marketing Team,Mobile,North America,1-10,1.233,9.77,False,False,Free,Free,,0
U106923,2025-04-03,Organic Search,Founder,Desktop,North America,1-10,0.915,29.02,False,False,Free,Free,,0
U102281,2025-04-03,Organic Search,Sales Team,Desktop,LATAM,51-200,0.914,47.87,False,False,Free,Free,,0
U103880,2025-04-03,Organic Search,Ops Manager,Desktop,North America,11-50,1.366,4.93,True,True,Trial,Free,,0
U107166,2025-04-03,Paid Search,Sales Team,Desktop,North America,11-50,0.555,51.28,False,False,Free,Free,,0
U105358,2025-04-03,Organic Search,Student / Hobby,Desktop,Europe,201-1000,0.25,73.11,False,False,Free,Free,,0
U100312,2025-04-03,Paid Search,Marketing Team,Mobile,Europe,1-10,0.447,77.24,False,False,Free,Free,,0
U102512,2025-04-03,Referral,Sales Team,Mobile,North America,1-10,0.817,18.36,False,False,Free,Free,,0
U107625,2025-04-03,Organic Search,Founder,Desktop,APAC,51-200,1.603,6.54,True,True,Trial,Free,,0
U106723,2025-04-03,Referral,Founder,Tablet,Europe,1-10,1.545,7.29,True,False,Free,Free,,0
U105083,2025-04-03,Social,Ops Manager,Desktop,Europe,1-10,0.965,44.75,False,False,Free,Free,,0
U108127,2025-04-03,Paid Search,Founder,Mobile,APAC,1-10,0.915,15.66,False,False,Free,Free,,0
U102171,2025-04-03,Paid Search,Ops Manager,Desktop,Europe,1-10,1.361,13.98,False,False,Free,Free,,0
U100232,2025-04-03,Referral,Sales Team,Desktop,Europe,1-10,1.187,4.84,False,False,Free,Free,,0
U102900,2025-04-03,Paid Search,Ops Manager,Mobile,Europe,11-50,0.865,41.14,False,False,Free,Free,,0
U103206,2025-04-03,Social,Founder,Mobile,Europe,1-10,1.088,28.27,True,False,Free,Free,,0
U100740,2025-04-03,Social,Sales Team,Desktop,North America,201-1000,0.689,37.02,False,False,Free,Free,,0
U100366,2025-04-03,Paid Search,Founder,Desktop,North America,1-10,0.865,16.67,False,False,Free,Free,,0
U104655,2025-04-03,Partnership,Marketing Team,Desktop,North America,11-50,1.303,35.67,True,False,Free,Free,,0
U108437,2025-04-03,Paid Search,Marketing Team,Mobile,Europe,11-50,0.787,7.69,False,False,Free,Free,,0
U101349,2025-04-03,Paid Search,Founder,Desktop,North America,51-200,0.462,45.98,False,False,Free,Free,,0
U102946,2025-04-03,Content,Sales Team,Tablet,APAC,11-50,1.222,5.55,False,False,Free,Free,,0
U100839,2025-04-03,Organic Search,Founder,Desktop,North America,1-10,0.874,8.98,False,False,Free,Free,,0
U107453,2025-04-03,Referral,Founder,Desktop,LATAM,1-10,1.794,18.77,False,False,Free,Free,,0
U101210,2025-04-03,Partnership,Founder,Desktop,North America,1-10,1.436,29.03,True,True,Paid,Starter,2025-04-09,19
U103666,2025-04-03,Social,Founder,Desktop,APAC,51-200,0.664,8.89,False,False,Free,Free,,0
U101035,2025-04-03,Paid Search,Marketing Team,Desktop,Europe,51-200,0.867,17.97,True,False,Free,Free,,0
U103658,2025-04-03,Content,Founder,Desktop,APAC,201-1000,0.995,17.98,False,False,Free,Free,,0
U105661,2025-04-03,Paid Search,Ops Manager,Desktop,MEA,1-10,1.007,15.97,False,False,Free,Free,,0
U104073,2025-04-03,Content,Marketing Team,Desktop,APAC,1-10,1.408,7.43,False,False,Free,Free,,0
U108136,2025-04-03,Organic Search,Founder,Desktop,Europe,1000+,1.599,3.71,False,False,Free,Free,,0
U101962,2025-04-03,Referral,Marketing Team,Desktop,APAC,11-50,1.32,23.13,True,True,Trial,Free,,0
U100486,2025-04-03,Referral,Sales Team,Mobile,LATAM,201-1000,1.315,14.15,False,False,Free,Free,,0
U106848,2025-04-03,Organic Search,Sales Team,Desktop,APAC,201-1000,1.147,20.67,False,False,Free,Free,,0
U102652,2025-04-03,Paid Search,Ops Manager,Mobile,Europe,51-200,1.174,14.57,False,False,Free,Free,,0
U100687,2025-04-03,Paid Search,Marketing Team,Desktop,APAC,51-200,0.56,10.36,False,False,Free,Free,,0
U102368,2025-04-03,Organic Search,Founder,Desktop,North America,1-10,0.864,19.05,True,True,Trial,Free,,0
U102413,2025-04-03,Organic Search,Founder,Desktop,North America,11-50,1.586,19.33,False,False,Free,Free,,0
U101145,2025-04-03,Social,Ops Manager,Desktop,North America,201-1000,0.982,18.23,True,False,Free,Free,,0
U105258,2025-04-04,Organic Search,Student / Hobby,Desktop,Europe,11-50,0.632,30.26,False,False,Free,Free,,0
U103376,2025-04-04,Content,Ops Manager,Mobile,APAC,1-10,0.99,29.2,True,False,Free,Free,,0
U103696,2025-04-04,Referral,Founder,Desktop,APAC,51-200,1.202,17.78,False,False,Free,Free,,0
U108380,2025-04-04,Content,Sales Team,Desktop,APAC,1-10,1.089,12.49,True,True,Trial,Free,,0
U102034,2025-04-04,Referral,Ops Manager,Desktop,North America,1-10,1.473,20.95,False,False,Free,Free,,0
U107141,2025-04-04,Content,Founder,Mobile,North America,201-1000,1.751,6.35,False,False,Free,Free,,0
U106809,2025-04-04,Social,Sales Team,Desktop,APAC,1-10,0.831,8.95,True,False,Free,Free,,0
U108277,2025-04-04,Organic Search,Marketing Team,Desktop,North America,1-10,1.006,47.55,False,False,Free,Free,,0
U107755,2025-04-04,Content,Sales Team,Desktop,North America,1-10,1.013,11.43,True,True,Trial,Free,,0
U106660,2025-04-04,Social,Founder,Mobile,North America,51-200,0.764,26.39,False,False,Free,Free,,0
U103851,2025-04-04,Organic Search,Founder,Mobile,Europe,1-10,1.31,13.67,True,False,Free,Free,,0
U106478,2025-04-04,Social,Founder,Desktop,North America,11-50,1.072,20.29,False,False,Free,Free,,0
U108371,2025-04-04,Referral,Sales Team,Mobile,North America,11-50,1.257,1.51,False,False,Free,Free,,0
U101238,2025-04-04,Referral,Founder,Mobile,Europe,1-10,1.46,18.78,False,False,Free,Free,,0
U105685,2025-04-04,Content,Marketing Team,Desktop,North America,1-10,1.094,17.55,False,False,Free,Free,,0
U105633,2025-04-04,Social,Ops Manager,Desktop,Europe,11-50,0.972,5.27,False,False,Free,Free,,0
U102626,2025-04-04,Paid Search,Founder,Mobile,Europe,51-200,1.052,17.98,False,False,Free,Free,,0
U108071,2025-04-04,Organic Search,Marketing Team,Tablet,North America,1-10,1.091,3.44,True,False,Free,Free,,0
U103992,2025-04-04,Social,Ops Manager,Desktop,LATAM,1-10,1.038,11.14,False,False,Free,Free,,0
U105631,2025-04-04,Organic Search,Student / Hobby,Desktop,Europe,1-10,0.881,25.8,False,False,Free,Free,,0
U101125,2025-04-04,Partnership,Marketing Team,Desktop,North America,51-200,0.966,30.33,True,False,Free,Free,,0
U106237,2025-04-04,Referral,Marketing Team,Mobile,North America,1000+,1.337,20.45,True,False,Free,Free,,0
U106155,2025-04-04,Organic Search,Founder,Desktop,Europe,201-1000,1.623,9.82,False,False,Free,Free,,0
U103288,2025-04-04,Paid Search,Founder,Mobile,MEA,1-10,1.114,53.29,True,False,Free,Free,,0
U106725,2025-04-04,Referral,Ops Manager,Desktop,APAC,1-10,1.478,14.26,True,True,Paid,Growth,2025-04-12,59
U101481,2025-04-04,Organic Search,Sales Team,Mobile,APAC,51-200,1.082,19.64,False,False,Free,Free,,0
U107692,2025-04-04,Partnership,Sales Team,Desktop,North America,51-200,1.382,36.13,True,False,Free,Free,,0
U105052,2025-04-04,Organic Search,Founder,Desktop,APAC,1000+,1.173,8.06,True,False,Free,Free,,0
U101112,2025-04-04,Referral,Sales Team,Desktop,North America,1-10,1.791,12.77,False,False,Free,Free,,0
U104267,2025-04-04,Partnership,Ops Manager,Desktop,MEA,11-50,1.633,6.28,False,False,Free,Free,,0
U107661,2025-04-04,Paid Search,Sales Team,Desktop,Europe,1-10,0.418,77.15,False,False,Free,Free,,0
U107479,2025-04-04,Organic Search,Founder,Mobile,North America,1-10,1.208,10.88,False,False,Free,Free,,0
U104461,2025-04-04,Social,Founder,Tablet,North America,11-50,0.65,15.29,False,False,Free,Free,,0
U107134,2025-04-04,Partnership,Ops Manager,Desktop,MEA,1-10,1.372,3.09,False,False,Free,Free,,0
U102065,2025-04-04,Content,Ops Manager,Desktop,North America,1-10,1.435,2.74,True,True,Paid,Starter,2025-04-12,19
U106040,2025-04-05,Paid Search,Sales Team,Mobile,North America,1-10,0.768,23.98,False,False,Free,Free,,0
U107776,2025-04-05,Social,Founder,Desktop,North America,11-50,0.821,19.24,False,False,Free,Free,,0
U107379,2025-04-05,Content,Founder,Mobile,North America,1-10,1.185,35.62,True,False,Free,Free,,0
U106172,2025-04-05,Organic Search,Sales Team,Desktop,North America,1-10,0.617,31.47,False,False,Free,Free,,0
U106887,2025-04-05,Paid Search,Founder,Desktop,MEA,51-200,0.846,48.32,True,False,Free,Free,,0
U105367,2025-04-05,Referral,Marketing Team,Mobile,APAC,1-10,1.284,24.57,False,False,Free,Free,,0
U105259,2025-04-05,Referral,Founder,Desktop,Europe,1-10,1.335,25.13,False,False,Free,Free,,0
U101347,2025-04-05,Paid Search,Ops Manager,Tablet,Europe,51-200,0.961,12.85,True,True,Trial,Free,,0
U107069,2025-04-05,Content,Sales Team,Desktop,North America,201-1000,1.375,6.41,False,False,Free,Free,,0
U104815,2025-04-05,Referral,Founder,Desktop,North America,11-50,1.303,22.54,False,False,Free,Free,,0
U101138,2025-04-05,Organic Search,Student / Hobby,Desktop,LATAM,1-10,0.771,29.22,False,False,Free,Free,,0
U106337,2025-04-05,Social,Founder,Tablet,North America,1-10,0.955,16.92,False,False,Free,Free,,0
U106175,2025-04-05,Social,Student / Hobby,Mobile,North America,11-50,0.379,59.33,False,False,Free,Free,,0
U105311,2025-04-05,Referral,Founder,Desktop,North America,201-1000,1.356,6.8,False,False,Free,Free,,0
U103683,2025-04-05,Organic Search,Sales Team,Desktop,North America,1-10,0.769,47.31,True,False,Free,Free,,0
U100477,2025-04-05,Referral,Ops Manager,Desktop,Europe,51-200,1.67,27.75,False,False,Free,Free,,0
U105591,2025-04-05,Content,Ops Manager,Mobile,North America,51-200,1.527,27.71,False,False,Free,Free,,0
U106174,2025-04-05,Social,Marketing Team,Desktop,APAC,1-10,0.861,5.06,True,True,Paid,Starter,2025-04-10,19
U103131,2025-04-05,Paid Search,Sales Team,Mobile,North America,11-50,0.665,7.87,False,False,Free,Free,,0
U106624,2025-04-05,Organic Search,Sales Team,Desktop,Europe,51-200,1.157,4.56,False,False,Free,Free,,0
U104133,2025-04-05,Referral,Sales Team,Desktop,North America,201-1000,1.154,21.05,True,True,Paid,Starter,2025-04-09,19
U105434,2025-04-05,Paid Search,Sales Team,Mobile,Europe,11-50,1.205,17.89,True,False,Free,Free,,0
U104842,2025-04-05,Organic Search,Ops Manager,Desktop,Europe,51-200,0.535,21.52,False,False,Free,Free,,0
U100250,2025-04-05,Referral,Founder,Mobile,Europe,51-200,1.446,18.32,True,False,Free,Free,,0
U102335,2025-04-05,Social,Sales Team,Mobile,MEA,51-200,0.562,42.62,False,False,Free,Free,,0
U103817,2025-04-05,Content,Founder,Desktop,Europe,51-200,1.156,31.9,False,False,Free,Free,,0
U107713,2025-04-05,Referral,Ops Manager,Mobile,Europe,1000+,1.687,9.7,True,False,Free,Free,,0
U107920,2025-04-05,Paid Search,Student / Hobby,Desktop,North America,1-10,0.25,24.37,False,False,Free,Free,,0
U107330,2025-04-05,Social,Student / Hobby,Desktop,Europe,1-10,0.366,55.88,True,True,Trial,Free,,0
U104708,2025-04-05,Social,Founder,Desktop,Europe,51-200,0.673,27.69,False,False,Free,Free,,0
U101504,2025-04-05,Social,Student / Hobby,Desktop,APAC,1-10,0.816,48.92,True,False,Free,Free,,0
U107705,2025-04-05,Paid Search,Marketing Team,Desktop,North America,1-10,0.443,31.74,False,False,Free,Free,,0
U102164,2025-04-05,Organic Search,Founder,Mobile,LATAM,1-10,1.38,4.91,False,False,Free,Free,,0
U101495,2025-04-05,Referral,Student / Hobby,Desktop,Europe,51-200,0.399,64.95,False,False,Free,Free,,0
U103951,2025-04-05,Social,Founder,Mobile,Europe,1-10,0.947,46.83,False,False,Free,Free,,0
U102355,2025-04-05,Paid Search,Marketing Team,Mobile,APAC,51-200,1.067,13.01,False,False,Free,Free,,0
U102168,2025-04-05,Social,Sales Team,Mobile,Europe,1-10,0.834,15.54,False,False,Free,Free,,0
U102858,2025-04-06,Paid Search,Sales Team,Desktop,North America,1-10,0.621,17.45,False,False,Free,Free,,0
U105123,2025-04-06,Referral,Ops Manager,Desktop,Europe,11-50,1.695,11.02,True,False,Free,Free,,0
U101838,2025-04-06,Paid Search,Founder,Mobile,North America,51-200,1.209,20.52,True,False,Free,Free,,0
U103724,2025-04-06,Content,Marketing Team,Mobile,North America,11-50,1.087,9.81,False,False,Free,Free,,0
U101380,2025-04-06,Paid Search,Sales Team,Desktop,North America,1-10,0.772,16.06,True,True,Paid,Growth,2025-04-13,59
U102636,2025-04-06,Referral,Sales Team,Mobile,North America,1-10,1.426,20.0,False,False,Free,Free,,0
U103700,2025-04-06,Social,Marketing Team,Desktop,APAC,201-1000,0.638,12.39,False,False,Free,Free,,0
U104844,2025-04-06,Partnership,Founder,Desktop,Europe,1000+,1.619,6.66,False,False,Free,Free,,0
U106367,2025-04-06,Organic Search,Marketing Team,Desktop,APAC,1-10,0.711,21.95,True,False,Free,Free,,0
U100748,2025-04-06,Organic Search,Founder,Desktop,Europe,1-10,0.949,11.11,True,False,Free,Free,,0
U102852,2025-04-06,Organic Search,Ops Manager,Desktop,Europe,11-50,1.74,4.27,False,False,Free,Free,,0
U103526,2025-04-06,Referral,Ops Manager,Desktop,North America,1-10,1.576,6.54,True,True,Paid,Scale,2025-04-08,149
U107054,2025-04-06,Paid Search,Student / Hobby,Desktop,North America,11-50,0.646,9.01,False,False,Free,Free,,0
U108211,2025-04-06,Organic Search,Founder,Tablet,APAC,1-10,1.071,12.86,True,False,Free,Free,,0
U104370,2025-04-06,Organic Search,Founder,Mobile,MEA,51-200,1.087,10.48,True,False,Free,Free,,0
U105523,2025-04-06,Organic Search,Student / Hobby,Mobile,North America,11-50,0.589,51.41,False,False,Free,Free,,0
U106105,2025-04-06,Organic Search,Founder,Desktop,Europe,51-200,1.303,9.01,True,False,Free,Free,,0
U103815,2025-04-06,Referral,Ops Manager,Desktop,North America,51-200,1.637,3.98,True,True,Paid,Starter,2025-04-14,19
U108037,2025-04-06,Referral,Sales Team,Mobile,Europe,1-10,1.309,31.78,True,True,Trial,Free,,0
U106180,2025-04-06,Social,Ops Manager,Desktop,MEA,51-200,0.613,17.59,False,False,Free,Free,,0
U106253,2025-04-06,Referral,Marketing Team,Desktop,North America,51-200,0.74,56.62,True,True,Trial,Free,,0
U101381,2025-04-06,Content,Ops Manager,Desktop,North America,1-10,1.169,34.4,False,False,Free,Free,,0
U100497,2025-04-06,Paid Search,Ops Manager,Desktop,APAC,1-10,0.833,9.64,False,False,Free,Free,,0
U106051,2025-04-06,Content,Sales Team,Desktop,Europe,51-200,1.136,19.2,True,False,Free,Free,,0
U100119,2025-04-06,Organic Search,Ops Manager,Desktop,APAC,11-50,1.405,11.12,True,False,Free,Free,,0
U103476,2025-04-06,Organic Search,Ops Manager,Desktop,APAC,1000+,1.143,12.32,True,False,Free,Free,,0
U104517,2025-04-06,Organic Search,Ops Manager,Desktop,Europe,1-10,1.334,16.2,True,False,Free,Free,,0
U103969,2025-04-06,Referral,Sales Team,Desktop,APAC,11-50,1.477,1.53,False,False,Free,Free,,0
U103920,2025-04-06,Paid Search,Ops Manager,Mobile,North America,11-50,0.915,58.72,False,False,Free,Free,,0
U105609,2025-04-06,Paid Search,Marketing Team,Mobile,North America,11-50,0.411,36.92,False,False,Free,Free,,0
U108320,2025-04-06,Organic Search,Founder,Desktop,LATAM,1-10,1.501,43.23,True,True,Paid,Starter,2025-04-13,19
U107328,2025-04-06,Organic Search,Ops Manager,Desktop,North America,1000+,1.504,16.32,True,False,Free,Free,,0
U101283,2025-04-06,Paid Search,Sales Team,Desktop,APAC,51-200,0.519,28.16,False,False,Free,Free,,0
U102260,2025-04-06,Organic Search,Sales Team,Mobile,Europe,51-200,1.263,54.45,False,False,Free,Free,,0
U104777,2025-04-06,Social,Ops Manager,Desktop,North America,11-50,1.154,3.13,True,False,Free,Free,,0
U105955,2025-04-06,Organic Search,Sales Team,Desktop,North America,1-10,0.661,15.54,False,False,Free,Free,,0
U101609,2025-04-06,Content,Founder,Mobile,LATAM,1-10,1.379,29.25,True,True,Paid,Growth,2025-04-07,59
U108389,2025-04-06,Paid Search,Ops Manager,Mobile,LATAM,11-50,1.107,36.64,False,False,Free,Free,,0
U102308,2025-04-06,Paid Search,Founder,Mobile,North America,201-1000,0.708,26.37,True,False,Free,Free,,0
U101610,2025-04-06,Paid Search,Sales Team,Desktop,North America,51-200,0.831,18.63,False,False,Free,Free,,0
U104149,2025-04-07,Referral,Student / Hobby,Mobile,North America,1-10,1.037,5.65,True,False,Free,Free,,0
U100962,2025-04-07,Organic Search,Marketing Team,Desktop,LATAM,1-10,0.651,16.93,False,False,Free,Free,,0
U100722,2025-04-07,Referral,Sales Team,Desktop,Europe,11-50,0.837,4.29,False,False,Free,Free,,0
U107711,2025-04-07,Social,Ops Manager,Desktop,North America,1-10,0.875,12.1,False,False,Free,Free,,0
U105395,2025-04-07,Social,Student / Hobby,Desktop,APAC,1000+,0.511,43.91,False,False,Free,Free,,0
U105027,2025-04-07,Organic Search,Founder,Mobile,Europe,11-50,1.068,1.42,True,True,Paid,Growth,2025-04-14,59
U102142,2025-04-07,Organic Search,Student / Hobby,Desktop,LATAM,1-10,0.89,18.51,False,False,Free,Free,,0
U104597,2025-04-07,Paid Search,Ops Manager,Mobile,North America,51-200,0.765,22.71,False,False,Free,Free,,0
U106677,2025-04-07,Paid Search,Marketing Team,Desktop,North America,51-200,1.149,9.03,False,False,Free,Free,,0
U104871,2025-04-07,Partnership,Marketing Team,Mobile,North America,201-1000,1.502,4.34,True,True,Trial,Free,,0
U101159,2025-04-07,Social,Founder,Mobile,Europe,1-10,0.887,41.64,False,False,Free,Free,,0
U102842,2025-04-07,Referral,Ops Manager,Mobile,LATAM,11-50,1.434,26.2,False,False,Free,Free,,0
U106354,2025-04-07,Paid Search,Founder,Desktop,LATAM,1-10,1.217,22.38,False,False,Free,Free,,0
U100177,2025-04-07,Content,Founder,Desktop,Europe,11-50,1.529,23.83,False,False,Free,Free,,0
U104809,2025-04-07,Organic Search,Sales Team,Desktop,APAC,51-200,1.597,7.67,True,False,Free,Free,,0
U108392,2025-04-07,Referral,Sales Team,Desktop,Europe,1-10,1.053,19.38,True,False,Free,Free,,0
U107436,2025-04-07,Referral,Ops Manager,Desktop,North America,201-1000,1.592,23.83,False,False,Free,Free,,0
U103290,2025-04-07,Paid Search,Ops Manager,Tablet,North America,11-50,1.545,24.63,True,False,Free,Free,,0
U102819,2025-04-07,Paid Search,Founder,Desktop,Europe,51-200,0.915,21.19,True,False,Free,Free,,0
U103322,2025-04-07,Content,Marketing Team,Desktop,North America,11-50,1.034,22.37,False,False,Free,Free,,0
U106593,2025-04-07,Organic Search,Founder,Tablet,North America,1-10,1.113,21.09,True,False,Free,Free,,0
U106575,2025-04-07,Paid Search,Founder,Desktop,APAC,11-50,0.946,15.37,False,False,Free,Free,,0
U102305,2025-04-07,Paid Search,Founder,Mobile,APAC,1-10,0.951,8.58,False,False,Free,Free,,0
U107182,2025-04-07,Social,Sales Team,Mobile,North America,1-10,0.585,26.74,False,False,Free,Free,,0
U106220,2025-04-07,Paid Search,Marketing Team,Mobile,North America,1-10,0.913,24.7,False,False,Free,Free,,0
U108447,2025-04-07,Social,Ops Manager,Mobile,North America,1-10,0.912,9.87,False,False,Free,Free,,0
U106230,2025-04-07,Social,Sales Team,Desktop,North America,11-50,0.932,13.55,False,False,Free,Free,,0
U100550,2025-04-07,Organic Search,Founder,Desktop,Europe,1-10,0.825,47.8,False,False,Free,Free,,0
U106674,2025-04-07,Paid Search,Ops Manager,Mobile,Europe,11-50,1.316,2.91,False,False,Free,Free,,0
U101467,2025-04-07,Social,Marketing Team,Mobile,LATAM,11-50,1.078,8.62,True,True,Trial,Free,,0
U105649,2025-04-07,Referral,Founder,Desktop,North America,1-10,1.152,30.14,False,False,Free,Free,,0
U106413,2025-04-07,Referral,Ops Manager,Desktop,APAC,51-200,1.76,1.28,True,True,Paid,Starter,2025-04-14,19
U103389,2025-04-08,Paid Search,Student / Hobby,Desktop,Europe,201-1000,0.455,24.86,False,False,Free,Free,,0
U106331,2025-04-08,Organic Search,Student / Hobby,Desktop,APAC,1-10,0.701,20.94,False,False,Free,Free,,0
U100070,2025-04-08,Social,Marketing Team,Desktop,MEA,1-10,0.894,47.39,False,False,Free,Free,,0
U103836,2025-04-08,Paid Search,Founder,Mobile,Europe,51-200,0.679,33.51,False,False,Free,Free,,0
U106873,2025-04-08,Content,Ops Manager,Desktop,North America,11-50,1.048,19.33,False,False,Free,Free,,0
U108130,2025-04-08,Organic Search,Ops Manager,Desktop,LATAM,11-50,1.334,5.52,True,False,Free,Free,,0
U100002,2025-04-08,Content,Marketing Team,Desktop,Europe,1000+,1.124,17.0,False,False,Free,Free,,0
U100149,2025-04-08,Organic Search,Founder,Desktop,APAC,1-10,0.888,8.66,True,True,Trial,Free,,0
U101552,2025-04-08,Partnership,Marketing Team,Mobile,Europe,1-10,0.909,5.48,False,False,Free,Free,,0
U102439,2025-04-08,Organic Search,Founder,Desktop,North America,51-200,0.94,25.27,False,False,Free,Free,,0
U103858,2025-04-08,Partnership,Ops Manager,Mobile,APAC,1-10,1.193,19.83,True,True,Paid,Starter,2025-04-16,19
U102843,2025-04-08,Organic Search,Founder,Desktop,North America,11-50,1.334,10.5,True,True,Paid,Growth,2025-04-14,59
U104396,2025-04-08,Content,Founder,Desktop,Europe,51-200,0.938,30.17,False,False,Free,Free,,0
U100709,2025-04-08,Organic Search,Ops Manager,Mobile,Europe,51-200,1.415,14.27,False,False,Free,Free,,0
U101039,2025-04-08,Organic Search,Sales Team,Desktop,North America,11-50,1.029,17.88,False,False,Free,Free,,0
U107928,2025-04-08,Social,Founder,Desktop,North America,11-50,1.097,7.34,False,False,Free,Free,,0
U103231,2025-04-08,Content,Ops Manager,Desktop,Europe,1-10,1.355,11.7,True,False,Free,Free,,0
U105006,2025-04-08,Paid Search,Ops Manager,Desktop,APAC,1-10,1.246,15.94,True,False,Free,Free,,0
U100610,2025-04-08,Organic Search,Founder,Desktop,APAC,1-10,1.277,5.45,True,False,Free,Free,,0
U105020,2025-04-08,Organic Search,Founder,Desktop,LATAM,11-50,0.94,41.47,False,False,Free,Free,,0
U100378,2025-04-08,Organic Search,Marketing Team,Mobile,North America,11-50,1.121,37.25,True,False,Free,Free,,0
U101477,2025-04-08,Social,Founder,Desktop,APAC,51-200,0.705,90.19,False,False,Free,Free,,0
U105329,2025-04-08,Organic Search,Ops Manager,Desktop,APAC,51-200,1.489,10.17,True,True,Paid,Starter,2025-04-10,19
U106565,2025-04-08,Paid Search,Marketing Team,Desktop,Europe,1-10,0.59,33.8,False,False,Free,Free,,0
U105617,2025-04-08,Paid Search,Ops Manager,Mobile,APAC,201-1000,1.503,15.34,True,True,Paid,Starter,2025-04-15,19
U103471,2025-04-08,Content,Ops Manager,Desktop,Europe,1-10,1.456,18.43,True,False,Free,Free,,0
U105239,2025-04-08,Social,Ops Manager,Mobile,North America,51-200,1.146,16.75,True,False,Free,Free,,0
U104765,2025-04-08,Paid Search,Sales Team,Desktop,North America,1-10,0.58,52.12,True,False,Free,Free,,0
U103600,2025-04-08,Paid Search,Founder,Desktop,Europe,201-1000,1.063,32.28,False,False,Free,Free,,0
U107740,2025-04-08,Organic Search,Marketing Team,Desktop,North America,11-50,1.226,7.86,False,False,Free,Free,,0
U106755,2025-04-08,Social,Student / Hobby,Desktop,North America,1-10,0.25,226.35,False,False,Free,Free,,0
U104153,2025-04-08,Referral,Sales Team,Desktop,Europe,1-10,1.441,4.89,True,True,Paid,Growth,2025-04-11,59
U103709,2025-04-08,Paid Search,Founder,Mobile,North America,1-10,0.772,29.16,True,False,Free,Free,,0
U107590,2025-04-08,Organic Search,Ops Manager,Desktop,Europe,1-10,1.366,9.39,False,False,Free,Free,,0
U107564,2025-04-08,Content,Ops Manager,Desktop,North America,11-50,1.395,7.57,True,False,Free,Free,,0
U100996,2025-04-08,Organic Search,Ops Manager,Desktop,North America,1000+,1.269,2.5,True,False,Free,Free,,0
U101458,2025-04-08,Paid Search,Marketing Team,Desktop,North America,51-200,0.39,45.21,False,False,Free,Free,,0
U104801,2025-04-08,Referral,Ops Manager,Desktop,Europe,51-200,1.859,10.1,True,False,Free,Free,,0
U107738,2025-04-08,Referral,Sales Team,Desktop,LATAM,201-1000,1.418,8.53,True,False,Free,Free,,0
U105127,2025-04-08,Content,Sales Team,Desktop,Europe,1-10,1.113,6.86,False,False,Free,Free,,0
U107720,2025-04-08,Referral,Student / Hobby,Tablet,LATAM,51-200,0.628,21.22,False,False,Free,Free,,0
U100041,2025-04-08,Paid Search,Ops Manager,Mobile,APAC,201-1000,0.988,33.98,False,False,Free,Free,,0
U102542,2025-04-08,Paid Search,Founder,Mobile,LATAM,1000+,1.042,12.84,True,False,Free,Free,,0
U101930,2025-04-08,Organic Search,Sales Team,Desktop,Europe,11-50,0.802,34.28,False,False,Free,Free,,0
U107732,2025-04-08,Social,Student / Hobby,Desktop,Europe,11-50,0.734,19.3,False,False,Free,Free,,0
U101872,2025-04-08,Organic Search,Ops Manager,Desktop,APAC,201-1000,1.124,40.49,True,False,Free,Free,,0
U102014,2025-04-09,Referral,Founder,Mobile,North America,1-10,1.084,11.73,False,False,Free,Free,,0
U104747,2025-04-09,Paid Search,Marketing Team,Mobile,North America,1-10,0.828,3.46,True,True,Paid,Starter,2025-04-11,19
U105621,2025-04-09,Organic Search,Founder,Mobile,North America,11-50,1.229,10.79,False,False,Free,Free,,0
U102208,2025-04-09,Paid Search,Founder,Mobile,APAC,1-10,1.537,25.63,False,False,Free,Free,,0
U101812,2025-04-09,Organic Search,Ops Manager,Desktop,North America,51-200,1.402,12.19,False,False,Free,Free,,0
U107504,2025-04-09,Referral,Marketing Team,Mobile,Europe,201-1000,0.79,18.6,True,False,Free,Free,,0
U103481,2025-04-09,Organic Search,Founder,Desktop,North America,11-50,1.343,46.24,True,False,Free,Free,,0
U105521,2025-04-09,Organic Search,Founder,Desktop,North America,1-10,1.032,17.56,True,False,Free,Free,,0
U101678,2025-04-09,Social,Founder,Desktop,APAC,201-1000,1.068,5.1,True,False,Free,Free,,0
U103370,2025-04-09,Organic Search,Sales Team,Desktop,Europe,1-10,1.059,19.53,True,True,Paid,Growth,2025-04-15,59
U106577,2025-04-09,Organic Search,Sales Team,Desktop,Europe,1-10,0.849,22.13,False,False,Free,Free,,0
U106497,2025-04-09,Paid Search,Ops Manager,Desktop,Europe,1-10,1.14,14.46,True,False,Free,Free,,0
U105197,2025-04-09,Organic Search,Ops Manager,Mobile,APAC,1-10,1.314,14.2,True,False,Free,Free,,0
U103062,2025-04-09,Paid Search,Marketing Team,Desktop,North America,1-10,0.477,16.02,True,False,Free,Free,,0
U104702,2025-04-09,Paid Search,Student / Hobby,Tablet,Europe,1000+,0.43,10.26,True,False,Free,Free,,0
U103982,2025-04-09,Referral,Ops Manager,Desktop,North America,11-50,2.109,1.59,True,True,Paid,Growth,2025-04-13,59
U103740,2025-04-09,Partnership,Marketing Team,Mobile,North America,1-10,0.798,24.85,False,False,Free,Free,,0
U104869,2025-04-09,Paid Search,Ops Manager,Desktop,North America,1-10,1.343,52.87,True,True,Trial,Free,,0
U105226,2025-04-09,Paid Search,Founder,Mobile,North America,11-50,1.075,33.66,False,False,Free,Free,,0
U106432,2025-04-09,Paid Search,Marketing Team,Desktop,LATAM,1-10,1.146,4.83,False,False,Free,Free,,0
U101907,2025-04-09,Paid Search,Founder,Desktop,Europe,11-50,0.501,53.35,False,False,Free,Free,,0
U105432,2025-04-09,Referral,Ops Manager,Mobile,North America,51-200,1.959,11.73,False,False,Free,Free,,0
U104041,2025-04-09,Paid Search,Sales Team,Desktop,Europe,1-10,1.037,4.84,False,False,Free,Free,,0
U100015,2025-04-09,Referral,Founder,Desktop,Europe,11-50,1.727,5.62,True,False,Free,Free,,0
U100400,2025-04-09,Paid Search,Marketing Team,Desktop,APAC,11-50,0.877,65.17,False,False,Free,Free,,0
U101073,2025-04-09,Paid Search,Student / Hobby,Desktop,LATAM,1000+,0.44,37.23,True,False,Free,Free,,0
U107980,2025-04-09,Partnership,Sales Team,Mobile,Europe,1-10,1.187,35.11,True,False,Free,Free,,0
U104893,2025-04-09,Referral,Founder,Desktop,APAC,51-200,1.418,14.39,True,True,Trial,Free,,0
U104721,2025-04-10,Paid Search,Founder,Mobile,APAC,201-1000,1.021,32.32,False,False,Free,Free,,0
U103472,2025-04-10,Partnership,Founder,Desktop,APAC,11-50,1.567,8.01,False,False,Free,Free,,0
U102047,2025-04-10,Organic Search,Founder,Mobile,Europe,51-200,1.266,29.85,True,False,Free,Free,,0
U101890,2025-04-10,Content,Ops Manager,Mobile,Europe,1-10,1.621,8.52,True,True,Paid,Growth,2025-04-11,59
U105450,2025-04-10,Organic Search,Founder,Desktop,APAC,11-50,1.281,14.65,False,False,Free,Free,,0
U100093,2025-04-10,Social,Student / Hobby,Desktop,North America,1-10,0.472,140.86,False,False,Free,Free,,0
U101808,2025-04-10,Paid Search,Founder,Mobile,North America,11-50,1.024,7.7,True,True,Trial,Free,,0
U101778,2025-04-10,Paid Search,Ops Manager,Desktop,North America,51-200,0.78,23.47,False,False,Free,Free,,0
U102672,2025-04-10,Content,Sales Team,Desktop,Europe,201-1000,1.526,15.64,False,False,Free,Free,,0
U100592,2025-04-10,Organic Search,Marketing Team,Desktop,North America,1-10,0.755,46.81,False,False,Free,Free,,0
U103066,2025-04-10,Organic Search,Sales Team,Desktop,MEA,1-10,1.253,32.28,False,False,Free,Free,,0
U108199,2025-04-10,Organic Search,Student / Hobby,Desktop,North America,51-200,0.749,38.23,False,False,Free,Free,,0
U103574,2025-04-10,Referral,Marketing Team,Desktop,Europe,11-50,1.212,15.65,False,False,Free,Free,,0
U105292,2025-04-10,Content,Student / Hobby,Desktop,North America,1-10,0.792,77.91,False,False,Free,Free,,0
U104297,2025-04-10,Organic Search,Founder,Desktop,North America,1-10,0.8,40.3,True,False,Free,Free,,0
U108393,2025-04-10,Referral,Ops Manager,Desktop,LATAM,11-50,1.686,2.47,False,False,Free,Free,,0
U101906,2025-04-10,Organic Search,Ops Manager,Desktop,Europe,1-10,1.606,19.75,True,False,Free,Free,,0
U104774,2025-04-10,Content,Sales Team,Desktop,North America,1-10,1.048,8.98,False,False,Free,Free,,0
U103044,2025-04-10,Organic Search,Student / Hobby,Mobile,North America,11-50,0.523,9.83,False,False,Free,Free,,0
U108471,2025-04-10,Partnership,Marketing Team,Desktop,APAC,1-10,1.142,3.43,False,False,Free,Free,,0
U106221,2025-04-10,Social,Ops Manager,Desktop,North America,1-10,0.956,8.94,True,False,Free,Free,,0
U101430,2025-04-10,Content,Founder,Desktop,North America,11-50,1.102,4.13,True,False,Free,Free,,0
U101401,2025-04-10,Organic Search,Sales Team,Desktop,North America,1000+,1.541,12.36,True,False,Free,Free,,0
U102002,2025-04-10,Content,Marketing Team,Desktop,North America,51-200,1.095,29.13,True,True,Trial,Free,,0
U101540,2025-04-10,Content,Marketing Team,Desktop,Europe,1-10,1.06,65.64,False,False,Free,Free,,0
U106140,2025-04-10,Social,Founder,Desktop,Europe,11-50,0.649,60.83,False,False,Free,Free,,0
U102767,2025-04-10,Social,Ops Manager,Desktop,LATAM,11-50,0.653,27.52,False,False,Free,Free,,0
U102161,2025-04-10,Content,Founder,Mobile,APAC,1-10,1.322,13.56,True,False,Free,Free,,0
U104632,2025-04-10,Referral,Ops Manager,Mobile,North America,1-10,1.594,8.91,False,False,Free,Free,,0
U105652,2025-04-10,Paid Search,Marketing Team,Desktop,APAC,1-10,0.558,59.52,False,False,Free,Free,,0
U104619,2025-04-10,Organic Search,Founder,Desktop,APAC,1-10,0.813,48.58,False,False,Free,Free,,0
U100546,2025-04-10,Content,Ops Manager,Mobile,North America,1-10,1.703,9.09,False,False,Free,Free,,0
U102586,2025-04-10,Referral,Sales Team,Mobile,APAC,1-10,1.232,24.73,True,False,Free,Free,,0
U102471,2025-04-10,Organic Search,Sales Team,Tablet,North America,11-50,0.804,60.0,False,False,Free,Free,,0
U102072,2025-04-10,Paid Search,Ops Manager,Desktop,APAC,1000+,0.886,50.06,True,False,Free,Free,,0
U107257,2025-04-10,Paid Search,Sales Team,Desktop,North America,201-1000,0.526,72.04,False,False,Free,Free,,0
U108099,2025-04-11,Organic Search,Sales Team,Desktop,Europe,11-50,0.982,34.07,False,False,Free,Free,,0
U106344,2025-04-11,Paid Search,Ops Manager,Mobile,LATAM,1-10,1.16,10.4,False,False,Free,Free,,0
U104209,2025-04-11,Organic Search,Ops Manager,Desktop,North America,11-50,1.274,4.87,True,True,Trial,Free,,0
U100010,2025-04-11,Social,Ops Manager,Desktop,North America,1-10,0.703,57.62,False,False,Free,Free,,0
U105106,2025-04-11,Organic Search,Sales Team,Desktop,North America,201-1000,0.692,14.56,True,False,Free,Free,,0
U105478,2025-04-11,Paid Search,Founder,Mobile,APAC,51-200,1.12,3.03,False,False,Free,Free,,0
U107666,2025-04-11,Organic Search,Founder,Desktop,North America,1-10,1.29,6.84,False,False,Free,Free,,0
U103623,2025-04-11,Referral,Marketing Team,Mobile,Europe,11-50,0.721,25.48,False,False,Free,Free,,0
U104159,2025-04-11,Referral,Founder,Desktop,North America,201-1000,1.119,38.87,False,False,Free,Free,,0
U102832,2025-04-11,Social,Student / Hobby,Desktop,North America,1-10,0.379,53.25,False,False,Free,Free,,0
U100945,2025-04-11,Referral,Marketing Team,Desktop,North America,11-50,1.139,10.4,False,False,Free,Free,,0
U104213,2025-04-11,Organic Search,Sales Team,Mobile,North America,11-50,1.023,22.01,True,False,Free,Free,,0
U101833,2025-04-11,Paid Search,Founder,Desktop,North America,11-50,0.909,6.13,True,True,Trial,Free,,0
U105216,2025-04-11,Social,Sales Team,Mobile,Europe,1000+,0.463,34.34,False,False,Free,Free,,0
U108478,2025-04-11,Organic Search,Marketing Team,Desktop,APAC,1-10,1.373,9.73,True,False,Free,Free,,0
U103115,2025-04-11,Referral,Ops Manager,Mobile,North America,1-10,1.515,17.26,False,False,Free,Free,,0
U101191,2025-04-11,Referral,Sales Team,Desktop,North America,11-50,0.869,21.67,True,False,Free,Free,,0
U105211,2025-04-11,Content,Sales Team,Desktop,Europe,11-50,0.979,12.49,True,False,Free,Free,,0
U101020,2025-04-11,Content,Marketing Team,Desktop,Europe,11-50,1.348,15.0,False,False,Free,Free,,0
U106691,2025-04-11,Organic Search,Founder,Desktop,North America,51-200,1.091,8.04,False,False,Free,Free,,0
U108074,2025-04-11,Organic Search,Student / Hobby,Desktop,APAC,1-10,0.51,23.32,False,False,Free,Free,,0
U107683,2025-04-11,Paid Search,Ops Manager,Desktop,North America,1-10,0.922,14.16,False,False,Free,Free,,0
U101289,2025-04-11,Social,Founder,Desktop,Europe,1-10,1.056,8.14,False,False,Free,Free,,0
U103753,2025-04-11,Paid Search,Student / Hobby,Tablet,APAC,51-200,0.25,42.75,False,False,Free,Free,,0
U106535,2025-04-11,Partnership,Ops Manager,Desktop,North America,11-50,1.658,2.8,True,True,Trial,Free,,0
U103070,2025-04-11,Social,Ops Manager,Mobile,North America,1-10,0.573,52.66,False,False,Free,Free,,0
U104054,2025-04-11,Social,Ops Manager,Desktop,North America,1-10,1.096,13.37,True,True,Trial,Free,,0
U106229,2025-04-11,Paid Search,Ops Manager,Tablet,North America,11-50,1.398,12.49,False,False,Free,Free,,0
U107162,2025-04-11,Social,Ops Manager,Desktop,North America,11-50,1.305,9.74,False,False,Free,Free,,0
U107131,2025-04-11,Referral,Ops Manager,Mobile,APAC,11-50,1.709,3.78,False,False,Free,Free,,0
U106157,2025-04-11,Content,Founder,Mobile,North America,11-50,1.514,14.24,True,True,Paid,Growth,2025-04-19,59
U103461,2025-04-11,Referral,Sales Team,Mobile,LATAM,1-10,1.193,18.19,True,False,Free,Free,,0
U106522,2025-04-11,Paid Search,Sales Team,Desktop,North America,1-10,0.836,12.92,False,False,Free,Free,,0
U100107,2025-04-11,Social,Ops Manager,Mobile,Europe,1-10,0.696,5.04,False,False,Free,Free,,0
U104080,2025-04-11,Referral,Marketing Team,Desktop,North America,11-50,1.171,31.16,True,True,Trial,Free,,0
U106417,2025-04-11,Organic Search,Founder,Desktop,North America,51-200,1.264,21.27,True,False,Free,Free,,0
U106720,2025-04-11,Social,Student / Hobby,Desktop,North America,1-10,0.25,46.01,False,False,Free,Free,,0
U101750,2025-04-11,Paid Search,Founder,Mobile,North America,1-10,0.854,18.38,False,False,Free,Free,,0
U102589,2025-04-11,Paid Search,Marketing Team,Desktop,Europe,1-10,0.452,77.56,True,True,Trial,Free,,0
U105550,2025-04-12,Organic Search,Founder,Tablet,Europe,1-10,1.267,31.58,True,False,Free,Free,,0
U105952,2025-04-12,Paid Search,Founder,Desktop,LATAM,1-10,0.689,71.78,False,False,Free,Free,,0
U100253,2025-04-12,Referral,Founder,Mobile,North America,1-10,1.437,22.81,True,True,Paid,Starter,2025-04-18,19
U106032,2025-04-12,Social,Ops Manager,Desktop,Europe,1-10,1.153,15.95,True,False,Free,Free,,0
U103379,2025-04-12,Content,Marketing Team,Desktop,Europe,11-50,0.805,8.3,True,True,Trial,Free,,0
U100684,2025-04-12,Paid Search,Marketing Team,Mobile,North America,1-10,0.349,59.51,False,False,Free,Free,,0
U103088,2025-04-12,Referral,Ops Manager,Desktop,APAC,11-50,1.78,15.83,False,False,Free,Free,,0
U106749,2025-04-12,Paid Search,Founder,Desktop,North America,51-200,0.835,51.47,False,False,Free,Free,,0
U107820,2025-04-12,Partnership,Ops Manager,Tablet,North America,1-10,1.584,8.32,False,False,Free,Free,,0
U106041,2025-04-12,Organic Search,Marketing Team,Desktop,North America,1-10,0.748,51.04,False,False,Free,Free,,0
U106787,2025-04-12,Paid Search,Founder,Mobile,Europe,11-50,0.796,4.32,False,False,Free,Free,,0
U107306,2025-04-12,Referral,Sales Team,Desktop,North America,11-50,1.1,38.58,True,True,Trial,Free,,0
U104688,2025-04-12,Paid Search,Marketing Team,Desktop,APAC,11-50,0.581,86.31,False,False,Free,Free,,0
U100111,2025-04-12,Paid Search,Student / Hobby,Desktop,LATAM,51-200,0.25,260.0,False,False,Free,Free,,0
U104502,2025-04-12,Paid Search,Founder,Desktop,Europe,11-50,1.075,11.74,False,False,Free,Free,,0
U100729,2025-04-12,Organic Search,Sales Team,Desktop,Europe,11-50,0.931,3.94,True,False,Free,Free,,0
U102222,2025-04-12,Paid Search,Sales Team,Desktop,North America,11-50,0.809,21.37,False,False,Free,Free,,0
U106001,2025-04-12,Organic Search,Sales Team,Desktop,Europe,1-10,0.954,33.7,True,False,Free,Free,,0
U103124,2025-04-12,Paid Search,Ops Manager,Desktop,North America,51-200,0.646,4.81,False,False,Free,Free,,0
U105159,2025-04-12,Paid Search,Marketing Team,Mobile,North America,1-10,0.583,62.96,True,False,Free,Free,,0
U106561,2025-04-12,Content,Ops Manager,Desktop,North America,1-10,1.419,11.9,True,True,Trial,Free,,0
U100396,2025-04-12,Paid Search,Marketing Team,Mobile,APAC,1-10,0.47,40.61,False,False,Free,Free,,0
U100783,2025-04-12,Content,Founder,Desktop,North America,11-50,1.675,11.44,False,False,Free,Free,,0
U104663,2025-04-12,Content,Ops Manager,Desktop,LATAM,11-50,1.627,2.91,True,True,Paid,Growth,2025-04-19,59
U104018,2025-04-12,Social,Founder,Mobile,North America,1-10,0.391,91.81,True,False,Free,Free,,0
U102212,2025-04-12,Referral,Marketing Team,Desktop,North America,1-10,1.005,35.11,True,False,Free,Free,,0
U105389,2025-04-12,Paid Search,Student / Hobby,Desktop,LATAM,11-50,0.712,40.92,False,False,Free,Free,,0
U101942,2025-04-12,Referral,Founder,Desktop,North America,11-50,1.451,1.59,False,False,Free,Free,,0
U105073,2025-04-12,Referral,Ops Manager,Desktop,North America,1-10,1.41,9.65,False,False,Free,Free,,0
U103998,2025-04-12,Content,Ops Manager,Desktop,Europe,1-10,1.691,15.52,False,False,Free,Free,,0
U106265,2025-04-12,Organic Search,Ops Manager,Mobile,North America,1-10,1.341,34.54,True,False,Free,Free,,0
U107006,2025-04-12,Social,Sales Team,Desktop,North America,11-50,0.613,28.1,False,False,Free,Free,,0
U102053,2025-04-12,Paid Search,Ops Manager,Tablet,North America,1-10,1.128,28.42,True,False,Free,Free,,0
U102655,2025-04-12,Referral,Ops Manager,Mobile,Europe,201-1000,1.75,15.84,False,False,Free,Free,,0
U106199,2025-04-13,Organic Search,Founder,Desktop,North America,11-50,0.816,26.77,False,False,Free,Free,,0
U105204,2025-04-13,Referral,Founder,Desktop,North America,51-200,1.187,25.79,True,True,Trial,Free,,0
U101090,2025-04-13,Organic Search,Founder,Desktop,Europe,201-1000,1.252,18.04,True,False,Free,Free,,0
U100399,2025-04-13,Paid Search,Ops Manager,Desktop,Europe,11-50,1.19,6.8,False,False,Free,Free,,0
U104170,2025-04-13,Organic Search,Sales Team,Desktop,North America,51-200,1.003,14.78,True,False,Free,Free,,0
U101423,2025-04-13,Referral,Ops Manager,Desktop,Europe,11-50,1.707,14.76,True,True,Paid,Starter,2025-04-18,19
U102860,2025-04-13,Organic Search,Founder,Desktop,Europe,1-10,1.286,29.78,True,False,Free,Free,,0
U108044,2025-04-13,Paid Search,Founder,Desktop,North America,11-50,1.128,30.21,False,False,Free,Free,,0
U107128,2025-04-13,Partnership,Ops Manager,Mobile,Europe,11-50,1.612,9.95,True,True,Paid,Starter,2025-04-19,19
U106705,2025-04-13,Paid Search,Founder,Desktop,North America,1-10,1.057,31.41,False,False,Free,Free,,0
U102872,2025-04-13,Referral,Founder,Desktop,Europe,1000+,1.746,3.34,False,False,Free,Free,,0
U106695,2025-04-13,Paid Search,Marketing Team,Desktop,Europe,1-10,0.266,30.38,False,False,Free,Free,,0
U107301,2025-04-13,Organic Search,Sales Team,Mobile,LATAM,1-10,1.207,10.29,False,False,Free,Free,,0
U100057,2025-04-13,Organic Search,Ops Manager,Desktop,MEA,11-50,1.304,1.73,False,False,Free,Free,,0
U102915,2025-04-13,Partnership,Marketing Team,Tablet,APAC,11-50,1.161,26.29,False,False,Free,Free,,0
U101508,2025-04-13,Partnership,Founder,Desktop,LATAM,11-50,1.464,2.96,False,False,Free,Free,,0
U106680,2025-04-13,Referral,Student / Hobby,Desktop,Europe,51-200,0.843,19.97,True,False,Free,Free,,0
U107319,2025-04-13,Organic Search,Founder,Desktop,APAC,11-50,1.325,20.52,True,False,Free,Free,,0
U100458,2025-04-13,Paid Search,Marketing Team,Desktop,Europe,11-50,0.961,17.07,False,False,Free,Free,,0
U102603,2025-04-13,Social,Sales Team,Desktop,North America,11-50,0.96,16.65,False,False,Free,Free,,0
U108293,2025-04-13,Organic Search,Ops Manager,Desktop,North America,201-1000,1.419,21.03,False,False,Free,Free,,0
U102025,2025-04-13,Organic Search,Ops Manager,Mobile,Europe,51-200,1.602,7.35,True,True,Trial,Free,,0
U107742,2025-04-13,Social,Sales Team,Desktop,APAC,11-50,0.804,32.72,False,False,Free,Free,,0
U102736,2025-04-13,Content,Marketing Team,Mobile,Europe,1-10,0.805,8.54,False,False,Free,Free,,0
U105953,2025-04-13,Referral,Founder,Mobile,North America,1-10,1.124,16.71,True,True,Trial,Free,,0
U104481,2025-04-13,Social,Founder,Desktop,MEA,1-10,1.081,40.32,True,True,Paid,Starter,2025-04-20,19
U101002,2025-04-13,Partnership,Founder,Tablet,APAC,11-50,1.205,15.91,False,False,Free,Free,,0
U102263,2025-04-13,Organic Search,Student / Hobby,Desktop,Europe,201-1000,0.499,36.48,False,False,Free,Free,,0
U104446,2025-04-13,Organic Search,Founder,Desktop,North America,51-200,1.131,28.28,False,False,Free,Free,,0
U101365,2025-04-14,Partnership,Ops Manager,Tablet,North America,11-50,1.323,27.46,True,False,Free,Free,,0
U102559,2025-04-14,Partnership,Marketing Team,Desktop,Europe,11-50,0.916,26.04,False,False,Free,Free,,0
U107708,2025-04-14,Paid Search,Ops Manager,Desktop,North America,201-1000,0.99,31.66,False,False,Free,Free,,0
U104650,2025-04-14,Organic Search,Ops Manager,Mobile,North America,51-200,1.434,8.8,False,False,Free,Free,,0
U101977,2025-04-14,Social,Marketing Team,Desktop,APAC,51-200,0.426,45.87,False,False,Free,Free,,0
U107076,2025-04-14,Content,Sales Team,Tablet,North America,11-50,1.188,28.96,False,False,Free,Free,,0
U101566,2025-04-14,Organic Search,Founder,Desktop,North America,11-50,1.662,15.83,True,True,Paid,Starter,2025-04-18,19
U104857,2025-04-14,Organic Search,Ops Manager,Mobile,North America,51-200,1.275,9.68,True,True,Trial,Free,,0
U103884,2025-04-14,Paid Search,Sales Team,Mobile,MEA,1-10,0.987,34.44,False,False,Free,Free,,0
U106271,2025-04-14,Content,Marketing Team,Mobile,APAC,11-50,0.905,53.26,True,False,Free,Free,,0
U101358,2025-04-14,Paid Search,Founder,Tablet,North America,1000+,1.28,7.03,True,False,Free,Free,,0
U100760,2025-04-14,Partnership,Founder,Desktop,APAC,11-50,1.421,34.23,False,False,Free,Free,,0
U105845,2025-04-14,Referral,Founder,Desktop,North America,11-50,1.551,15.66,True,False,Free,Free,,0
U105394,2025-04-14,Organic Search,Ops Manager,Desktop,LATAM,11-50,1.061,21.56,True,True,Trial,Free,,0
U100306,2025-04-14,Organic Search,Founder,Mobile,Europe,1-10,0.727,27.32,False,False,Free,Free,,0
U102371,2025-04-14,Paid Search,Ops Manager,Tablet,North America,201-1000,1.249,23.96,False,False,Free,Free,,0
U105790,2025-04-14,Paid Search,Ops Manager,Desktop,North America,11-50,1.181,25.09,False,False,Free,Free,,0
U104804,2025-04-14,Referral,Ops Manager,Desktop,Europe,1-10,1.841,15.58,True,False,Free,Free,,0
U102511,2025-04-14,Paid Search,Ops Manager,Desktop,APAC,1-10,0.838,7.88,False,False,Free,Free,,0
U107474,2025-04-14,Organic Search,Founder,Desktop,APAC,11-50,1.055,12.52,False,False,Free,Free,,0
U103047,2025-04-14,Social,Ops Manager,Mobile,North America,1000+,0.868,10.71,False,False,Free,Free,,0
U105245,2025-04-14,Organic Search,Student / Hobby,Desktop,North America,11-50,0.34,70.54,False,False,Free,Free,,0
U108089,2025-04-14,Organic Search,Founder,Desktop,North America,1-10,1.305,1.57,True,True,Trial,Free,,0
U106168,2025-04-14,Referral,Ops Manager,Mobile,APAC,1-10,1.933,8.88,True,False,Free,Free,,0
U107523,2025-04-14,Paid Search,Founder,Tablet,North America,51-200,0.821,10.64,True,False,Free,Free,,0
U101010,2025-04-14,Social,Student / Hobby,Mobile,APAC,11-50,0.461,94.27,False,False,Free,Free,,0
U107419,2025-04-14,Organic Search,Marketing Team,Desktop,North America,51-200,0.751,13.71,True,False,Free,Free,,0
U100088,2025-04-14,Organic Search,Ops Manager,Tablet,North America,1-10,1.083,11.67,False,False,Free,Free,,0
U106380,2025-04-14,Social,Marketing Team,Desktop,APAC,11-50,0.406,31.06,True,False,Free,Free,,0
U102833,2025-04-14,Social,Founder,Mobile,APAC,1-10,0.712,40.96,False,False,Free,Free,,0
U101646,2025-04-14,Paid Search,Marketing Team,Desktop,Europe,51-200,0.811,9.25,False,False,Free,Free,,0
U101137,2025-04-14,Content,Sales Team,Desktop,North America,51-200,1.214,19.3,True,False,Free,Free,,0
U104504,2025-04-14,Social,Sales Team,Desktop,LATAM,1-10,0.546,71.78,False,False,Free,Free,,0
U101291,2025-04-14,Organic Search,Marketing Team,Desktop,North America,201-1000,1.124,3.33,True,True,Paid,Starter,2025-04-22,19
U100355,2025-04-15,Organic Search,Founder,Desktop,Europe,201-1000,0.851,42.14,False,False,Free,Free,,0
U101177,2025-04-15,Paid Search,Founder,Mobile,APAC,11-50,1.222,11.14,False,False,Free,Free,,0
U100624,2025-04-15,Referral,Marketing Team,Desktop,North America,1-10,1.077,34.99,False,False,Free,Free,,0
U102637,2025-04-15,Organic Search,Sales Team,Desktop,APAC,1-10,1.294,29.46,True,False,Free,Free,,0
U104912,2025-04-15,Content,Founder,Desktop,Europe,1000+,1.482,5.94,True,False,Free,Free,,0
U105783,2025-04-15,Social,Sales Team,Mobile,North America,1-10,0.75,24.75,True,False,Free,Free,,0
U105921,2025-04-15,Organic Search,Founder,Desktop,North America,1-10,1.392,3.8,False,False,Free,Free,,0
U104977,2025-04-15,Paid Search,Marketing Team,Mobile,APAC,1-10,0.714,15.44,False,False,Free,Free,,0
U103870,2025-04-15,Paid Search,Founder,Desktop,APAC,1-10,0.883,32.2,False,False,Free,Free,,0
U107245,2025-04-15,Organic Search,Founder,Mobile,Europe,1-10,1.172,17.08,True,True,Paid,Starter,2025-04-17,19
U106773,2025-04-15,Organic Search,Student / Hobby,Desktop,North America,201-1000,0.68,75.77,False,False,Free,Free,,0
U100977,2025-04-15,Organic Search,Ops Manager,Desktop,North America,11-50,1.121,37.45,True,True,Paid,Growth,2025-04-21,59
U100027,2025-04-15,Organic Search,Ops Manager,Desktop,APAC,51-200,1.054,16.24,False,False,Free,Free,,0
U102090,2025-04-15,Content,Marketing Team,Tablet,APAC,1-10,0.973,10.62,False,False,Free,Free,,0
U101322,2025-04-15,Social,Founder,Mobile,North America,51-200,0.71,28.1,False,False,Free,Free,,0
U108304,2025-04-15,Organic Search,Founder,Mobile,North America,11-50,1.05,16.69,True,True,Trial,Free,,0
U107866,2025-04-15,Organic Search,Founder,Desktop,North America,1-10,1.501,10.9,False,False,Free,Free,,0
U102827,2025-04-15,Referral,Ops Manager,Mobile,North America,11-50,1.778,9.42,True,True,Paid,Growth,2025-04-21,59
U104614,2025-04-15,Referral,Marketing Team,Mobile,Europe,1-10,1.256,5.67,True,False,Free,Free,,0
U104258,2025-04-15,Paid Search,Ops Manager,Desktop,LATAM,51-200,0.957,10.54,False,False,Free,Free,,0
U102670,2025-04-15,Social,Sales Team,Desktop,North America,1000+,1.135,15.14,False,False,Free,Free,,0
U106482,2025-04-15,Referral,Founder,Desktop,Europe,1-10,1.401,3.59,False,False,Free,Free,,0
U101780,2025-04-15,Referral,Marketing Team,Desktop,LATAM,51-200,1.354,3.54,False,False,Free,Free,,0
U101545,2025-04-15,Paid Search,Ops Manager,Tablet,APAC,1-10,1.019,56.34,False,False,Free,Free,,0
U103095,2025-04-15,Content,Marketing Team,Desktop,North America,11-50,0.805,25.44,True,True,Trial,Free,,0
U100884,2025-04-15,Referral,Ops Manager,Mobile,APAC,201-1000,1.656,17.07,False,False,Free,Free,,0
U103755,2025-04-15,Referral,Founder,Desktop,LATAM,201-1000,1.681,8.05,True,False,Free,Free,,0
U100237,2025-04-15,Social,Student / Hobby,Desktop,Europe,1-10,0.25,32.93,False,False,Free,Free,,0
U106429,2025-04-15,Organic Search,Student / Hobby,Desktop,North America,201-1000,0.82,46.22,True,False,Free,Free,,0
U105905,2025-04-15,Social,Founder,Desktop,LATAM,11-50,0.919,36.81,False,False,Free,Free,,0
U103988,2025-04-15,Content,Ops Manager,Mobile,North America,1-10,1.323,28.66,True,False,Free,Free,,0
U105416,2025-04-16,Organic Search,Ops Manager,Tablet,Europe,11-50,1.508,17.06,True,False,Free,Free,,0
U106516,2025-04-16,Paid Search,Founder,Tablet,Europe,11-50,1.118,18.77,True,False,Free,Free,,0
U105765,2025-04-16,Social,Marketing Team,Desktop,LATAM,1000+,0.25,77.9,False,False,Free,Free,,0
U100062,2025-04-16,Paid Search,Marketing Team,Desktop,North America,11-50,0.818,28.47,True,False,Free,Free,,0
U104405,2025-04-16,Partnership,Ops Manager,Desktop,North America,11-50,1.399,28.17,False,False,Free,Free,,0
U101831,2025-04-16,Social,Marketing Team,Desktop,North America,11-50,1.039,16.21,False,False,Free,Free,,0
U100901,2025-04-16,Paid Search,Sales Team,Desktop,Europe,1-10,1.09,30.46,False,False,Free,Free,,0
U103834,2025-04-16,Referral,Founder,Desktop,North America,11-50,1.625,1.67,False,False,Free,Free,,0
U103861,2025-04-16,Partnership,Sales Team,Mobile,MEA,11-50,0.997,18.64,True,False,Free,Free,,0
U101643,2025-04-16,Organic Search,Marketing Team,Desktop,North America,1000+,1.009,11.5,False,False,Free,Free,,0
U100856,2025-04-16,Referral,Sales Team,Desktop,North America,1-10,1.312,8.42,True,True,Paid,Growth,2025-04-19,59
U106334,2025-04-16,Content,Ops Manager,Desktop,Europe,51-200,1.01,11.62,False,False,Free,Free,,0
U102971,2025-04-16,Social,Ops Manager,Mobile,APAC,51-200,0.492,37.57,False,False,Free,Free,,0
U101488,2025-04-16,Organic Search,Founder,Desktop,APAC,1-10,1.455,15.64,False,False,Free,Free,,0
U100984,2025-04-16,Paid Search,Ops Manager,Desktop,APAC,1-10,0.932,15.56,False,False,Free,Free,,0
U101227,2025-04-16,Paid Search,Founder,Mobile,Europe,1000+,1.454,14.11,False,False,Free,Free,,0
U102706,2025-04-16,Paid Search,Founder,Mobile,Europe,1000+,0.9,14.42,False,False,Free,Free,,0
U107675,2025-04-16,Organic Search,Founder,Tablet,North America,201-1000,1.492,19.29,True,True,Paid,Growth,2025-04-16,59
U104384,2025-04-16,Paid Search,Student / Hobby,Desktop,North America,11-50,0.45,95.77,False,False,Free,Free,,0
U100551,2025-04-16,Referral,Sales Team,Mobile,MEA,1-10,1.678,7.62,True,True,Paid,Starter,2025-04-16,19
U104998,2025-04-16,Content,Ops Manager,Desktop,North America,11-50,1.628,19.09,True,False,Free,Free,,0
U106448,2025-04-16,Social,Ops Manager,Mobile,Europe,51-200,1.108,14.14,False,False,Free,Free,,0
U105513,2025-04-16,Referral,Ops Manager,Desktop,North America,1-10,1.761,8.12,True,True,Paid,Growth,2025-04-19,59
U103546,2025-04-16,Referral,Ops Manager,Mobile,Europe,11-50,1.553,6.03,False,False,Free,Free,,0
U100035,2025-04-16,Referral,Marketing Team,Desktop,North America,51-200,0.949,2.98,False,False,Free,Free,,0
U106498,2025-04-17,Social,Founder,Mobile,North America,1-10,0.9,13.02,False,False,Free,Free,,0
U104691,2025-04-17,Organic Search,Founder,Mobile,APAC,11-50,1.447,10.02,False,False,Free,Free,,0
U102936,2025-04-17,Organic Search,Founder,Mobile,APAC,1-10,1.259,30.46,False,False,Free,Free,,0
U102303,2025-04-17,Organic Search,Ops Manager,Mobile,North America,1-10,1.394,3.05,False,False,Free,Free,,0
U102058,2025-04-17,Referral,Marketing Team,Desktop,Europe,51-200,1.31,29.83,True,True,Trial,Free,,0
U103912,2025-04-17,Paid Search,Sales Team,Mobile,North America,11-50,0.682,47.2,False,False,Free,Free,,0
U100472,2025-04-17,Organic Search,Sales Team,Mobile,MEA,1-10,1.073,6.54,False,False,Free,Free,,0
U105839,2025-04-17,Organic Search,Ops Manager,Desktop,North America,11-50,1.661,11.42,True,False,Free,Free,,0
U106360,2025-04-17,Paid Search,Ops Manager,Mobile,North America,201-1000,0.622,12.36,False,False,Free,Free,,0
U103720,2025-04-17,Organic Search,Student / Hobby,Mobile,North America,1-10,0.777,13.65,False,False,Free,Free,,0
U104925,2025-04-17,Referral,Ops Manager,Mobile,LATAM,11-50,1.919,35.22,False,False,Free,Free,,0
U104643,2025-04-17,Content,Ops Manager,Desktop,North America,201-1000,1.781,12.44,False,False,Free,Free,,0
U101013,2025-04-17,Organic Search,Ops Manager,Mobile,APAC,1-10,1.341,11.9,True,False,Free,Free,,0
U100145,2025-04-17,Paid Search,Founder,Desktop,North America,51-200,0.738,22.19,False,False,Free,Free,,0
U108281,2025-04-17,Content,Ops Manager,Desktop,Europe,51-200,1.433,30.03,False,False,Free,Free,,0
U100487,2025-04-17,Content,Founder,Desktop,North America,1-10,1.299,9.3,False,False,Free,Free,,0
U101937,2025-04-17,Content,Founder,Desktop,North America,51-200,0.976,16.91,True,True,Trial,Free,,0
U101818,2025-04-17,Paid Search,Sales Team,Desktop,North America,201-1000,0.751,29.41,False,False,Free,Free,,0
U101705,2025-04-17,Social,Sales Team,Mobile,North America,11-50,0.786,31.13,True,True,Trial,Free,,0
U103533,2025-04-17,Organic Search,Founder,Desktop,North America,1-10,1.022,37.94,False,False,Free,Free,,0
U104334,2025-04-17,Referral,Sales Team,Desktop,North America,11-50,1.247,10.33,True,False,Free,Free,,0
U103023,2025-04-17,Organic Search,Student / Hobby,Mobile,Europe,1-10,0.611,92.88,False,False,Free,Free,,0
U102674,2025-04-17,Organic Search,Founder,Mobile,North America,51-200,0.527,17.69,False,False,Free,Free,,0
U103250,2025-04-17,Organic Search,Founder,Desktop,North America,51-200,1.401,15.96,True,True,Paid,Growth,2025-04-21,59
U105153,2025-04-17,Organic Search,Founder,Desktop,Europe,1-10,1.239,7.99,False,False,Free,Free,,0
U101995,2025-04-17,Paid Search,Founder,Desktop,North America,1-10,0.731,34.9,False,False,Free,Free,,0
U104367,2025-04-17,Organic Search,Ops Manager,Desktop,MEA,1-10,1.238,5.09,False,False,Free,Free,,0
U104154,2025-04-17,Organic Search,Student / Hobby,Desktop,Europe,1-10,0.733,10.07,False,False,Free,Free,,0
U101969,2025-04-17,Organic Search,Founder,Tablet,Europe,11-50,1.131,15.94,True,False,Free,Free,,0
U104145,2025-04-17,Referral,Ops Manager,Desktop,Europe,1000+,1.599,9.9,False,False,Free,Free,,0
U106457,2025-04-17,Social,Marketing Team,Desktop,LATAM,11-50,0.262,69.75,False,False,Free,Free,,0
U105600,2025-04-17,Referral,Ops Manager,Desktop,North America,51-200,1.727,11.04,True,True,Paid,Growth,2025-04-20,59
U102996,2025-04-17,Organic Search,Ops Manager,Desktop,North America,1-10,1.305,23.35,True,False,Free,Free,,0
U104301,2025-04-17,Organic Search,Marketing Team,Desktop,North America,51-200,1.07,18.38,True,False,Free,Free,,0
U107449,2025-04-17,Organic Search,Sales Team,Desktop,North America,1-10,1.077,4.43,False,False,Free,Free,,0
U102677,2025-04-17,Paid Search,Ops Manager,Mobile,Europe,51-200,1.277,17.51,False,False,Free,Free,,0
U106668,2025-04-18,Social,Marketing Team,Mobile,North America,11-50,0.631,5.34,False,False,Free,Free,,0
U104798,2025-04-18,Paid Search,Founder,Desktop,LATAM,1-10,0.844,51.13,False,False,Free,Free,,0
U106956,2025-04-18,Content,Student / Hobby,Desktop,North America,1-10,0.837,48.57,False,False,Free,Free,,0
U101528,2025-04-18,Organic Search,Sales Team,Desktop,LATAM,201-1000,0.869,25.2,False,False,Free,Free,,0
U103299,2025-04-18,Referral,Founder,Desktop,North America,51-200,1.961,28.34,True,True,Trial,Free,,0
U107998,2025-04-18,Organic Search,Founder,Desktop,Europe,1-10,1.338,7.75,True,True,Paid,Scale,2025-04-24,149
U101228,2025-04-18,Paid Search,Founder,Mobile,North America,201-1000,1.1,9.44,True,False,Free,Free,,0
U104243,2025-04-18,Social,Ops Manager,Mobile,Europe,51-200,0.863,6.13,False,False,Free,Free,,0
U106585,2025-04-18,Paid Search,Founder,Mobile,APAC,11-50,0.778,9.07,False,False,Free,Free,,0
U108330,2025-04-18,Organic Search,Sales Team,Desktop,Europe,1-10,1.236,28.23,False,False,Free,Free,,0
U107097,2025-04-18,Referral,Founder,Mobile,North America,1-10,1.704,19.12,False,False,Free,Free,,0
U105134,2025-04-18,Organic Search,Ops Manager,Desktop,Europe,1-10,1.084,38.12,True,True,Paid,Starter,2025-04-21,19
U104272,2025-04-18,Social,Student / Hobby,Desktop,Europe,51-200,0.489,36.78,False,False,Free,Free,,0
U107361,2025-04-18,Organic Search,Ops Manager,Desktop,North America,1-10,1.584,4.83,False,False,Free,Free,,0
U104698,2025-04-18,Social,Founder,Desktop,North America,11-50,1.081,6.56,False,False,Free,Free,,0
U107348,2025-04-18,Organic Search,Founder,Desktop,North America,1-10,1.359,12.76,True,False,Free,Free,,0
U101923,2025-04-18,Organic Search,Founder,Desktop,Europe,1-10,1.01,67.29,False,False,Free,Free,,0
U100710,2025-04-18,Paid Search,Marketing Team,Desktop,MEA,1-10,0.849,40.77,False,False,Free,Free,,0
U107304,2025-04-18,Partnership,Marketing Team,Mobile,APAC,11-50,1.259,14.34,False,False,Free,Free,,0
U100038,2025-04-18,Paid Search,Sales Team,Desktop,North America,1-10,0.804,22.18,True,False,Free,Free,,0
U106905,2025-04-18,Organic Search,Student / Hobby,Desktop,APAC,201-1000,0.418,17.64,False,False,Free,Free,,0
U101569,2025-04-18,Paid Search,Ops Manager,Desktop,LATAM,1-10,0.768,35.17,True,True,Paid,Scale,2025-04-21,149
U104497,2025-04-18,Content,Marketing Team,Desktop,North America,1-10,1.081,40.16,True,True,Paid,Starter,2025-04-22,19
U105876,2025-04-18,Referral,Sales Team,Mobile,North America,51-200,1.198,11.63,False,False,Free,Free,,0
U102363,2025-04-18,Referral,Founder,Desktop,APAC,1-10,1.317,26.16,False,False,Free,Free,,0
U101490,2025-04-18,Social,Founder,Tablet,Europe,1-10,0.906,16.53,True,True,Paid,Growth,2025-04-24,59
U106768,2025-04-18,Referral,Ops Manager,Mobile,North America,1-10,1.6,17.64,False,False,Free,Free,,0
U103264,2025-04-18,Organic Search,Founder,Mobile,Europe,11-50,1.083,10.94,True,False,Free,Free,,0
U101480,2025-04-18,Organic Search,Founder,Desktop,APAC,11-50,0.761,11.75,False,False,Free,Free,,0
U101749,2025-04-18,Referral,Founder,Desktop,North America,1-10,1.563,14.5,True,False,Free,Free,,0
U106690,2025-04-18,Content,Ops Manager,Desktop,North America,11-50,1.294,12.22,False,False,Free,Free,,0
U100601,2025-04-18,Paid Search,Ops Manager,Desktop,North America,51-200,1.52,4.47,True,True,Paid,Growth,2025-04-20,59
U100311,2025-04-18,Social,Founder,Tablet,APAC,1-10,0.852,31.42,False,False,Free,Free,,0
U103831,2025-04-18,Paid Search,Founder,Desktop,Europe,11-50,0.901,19.99,False,False,Free,Free,,0
U100384,2025-04-19,Partnership,Marketing Team,Desktop,North America,11-50,1.596,30.87,False,False,Free,Free,,0
U102445,2025-04-19,Referral,Sales Team,Desktop,LATAM,1-10,0.551,17.83,False,False,Free,Free,,0
U101343,2025-04-19,Referral,Ops Manager,Mobile,Europe,11-50,1.544,17.97,False,False,Free,Free,,0
U107239,2025-04-19,Social,Marketing Team,Desktop,Europe,51-200,1.115,16.36,False,False,Free,Free,,0
U105225,2025-04-19,Partnership,Ops Manager,Desktop,Europe,1-10,1.741,14.82,True,False,Free,Free,,0
U101631,2025-04-19,Social,Founder,Desktop,North America,1-10,0.651,29.46,False,False,Free,Free,,0
U105251,2025-04-19,Organic Search,Marketing Team,Mobile,North America,11-50,0.732,1.08,True,True,Paid,Starter,2025-04-26,19
U104754,2025-04-19,Referral,Marketing Team,Desktop,North America,11-50,1.122,20.65,False,False,Free,Free,,0
U107091,2025-04-19,Paid Search,Ops Manager,Mobile,LATAM,11-50,0.881,11.98,False,False,Free,Free,,0
U101422,2025-04-19,Referral,Ops Manager,Desktop,North America,11-50,1.809,5.34,False,False,Free,Free,,0
U104029,2025-04-19,Organic Search,Marketing Team,Mobile,North America,11-50,1.136,17.47,False,False,Free,Free,,0
U100138,2025-04-19,Paid Search,Founder,Desktop,North America,201-1000,1.093,15.34,False,False,Free,Free,,0
U103358,2025-04-19,Organic Search,Sales Team,Mobile,APAC,1-10,0.778,11.08,False,False,Free,Free,,0
U103547,2025-04-19,Organic Search,Ops Manager,Desktop,LATAM,1-10,1.095,16.66,False,False,Free,Free,,0
U104045,2025-04-19,Paid Search,Marketing Team,Mobile,LATAM,11-50,0.584,81.98,False,False,Free,Free,,0
U103568,2025-04-19,Organic Search,Founder,Mobile,APAC,1-10,1.097,13.99,False,False,Free,Free,,0
U100966,2025-04-19,Referral,Ops Manager,Desktop,MEA,1-10,1.778,9.07,True,True,Paid,Growth,2025-04-25,59
U100322,2025-04-19,Content,Sales Team,Desktop,Europe,1-10,0.981,27.37,False,False,Free,Free,,0
U102214,2025-04-19,Paid Search,Ops Manager,Desktop,Europe,1-10,0.832,46.4,True,False,Free,Free,,0
U101536,2025-04-19,Organic Search,Ops Manager,Desktop,APAC,1-10,1.294,16.79,False,False,Free,Free,,0
U101828,2025-04-19,Referral,Founder,Desktop,APAC,201-1000,1.804,32.53,False,False,Free,Free,,0
U100754,2025-04-19,Referral,Founder,Desktop,APAC,1-10,1.743,16.66,True,False,Free,Free,,0
U104534,2025-04-19,Social,Ops Manager,Mobile,Europe,201-1000,0.578,37.76,False,False,Free,Free,,0
U107024,2025-04-19,Organic Search,Sales Team,Desktop,Europe,1-10,1.059,22.71,True,False,Free,Free,,0
U107461,2025-04-19,Social,Marketing Team,Desktop,North America,51-200,0.596,39.94,False,False,Free,Free,,0
U106259,2025-04-19,Organic Search,Sales Team,Mobile,Europe,1-10,1.499,3.15,False,False,Free,Free,,0
U100904,2025-04-19,Organic Search,Ops Manager,Desktop,APAC,1-10,1.478,16.92,True,True,Paid,Scale,2025-04-24,149
U100573,2025-04-19,Content,Ops Manager,Desktop,North America,1-10,1.24,9.12,True,True,Paid,Starter,2025-04-24,19
U104128,2025-04-19,Paid Search,Sales Team,Desktop,Europe,1-10,0.733,12.36,False,False,Free,Free,,0
U101089,2025-04-19,Referral,Founder,Desktop,LATAM,11-50,1.591,14.9,True,True,Trial,Free,,0
U107477,2025-04-19,Paid Search,Ops Manager,Desktop,Europe,1-10,0.953,6.06,True,False,Free,Free,,0
U102056,2025-04-19,Organic Search,Ops Manager,Desktop,North America,51-200,1.313,12.74,True,False,Free,Free,,0
U104896,2025-04-19,Referral,Ops Manager,Tablet,North America,1-10,1.951,9.13,True,True,Trial,Free,,0
U107804,2025-04-20,Organic Search,Founder,Desktop,APAC,201-1000,1.005,6.97,False,False,Free,Free,,0
U107854,2025-04-20,Referral,Sales Team,Desktop,North America,201-1000,0.99,12.35,False,False,Free,Free,,0
U102304,2025-04-20,Referral,Student / Hobby,Desktop,LATAM,11-50,0.397,11.49,False,False,Free,Free,,0
U104184,2025-04-20,Organic Search,Founder,Desktop,North America,11-50,1.476,14.29,True,False,Free,Free,,0
U103530,2025-04-20,Paid Search,Sales Team,Mobile,APAC,11-50,0.816,5.59,False,False,Free,Free,,0
U106067,2025-04-20,Partnership,Sales Team,Desktop,North America,11-50,1.205,37.11,False,False,Free,Free,,0
U105148,2025-04-20,Referral,Ops Manager,Desktop,North America,11-50,1.187,4.31,True,False,Free,Free,,0
U104928,2025-04-20,Referral,Ops Manager,Mobile,Europe,11-50,1.785,3.31,True,False,Free,Free,,0
U104359,2025-04-20,Social,Founder,Desktop,North America,1-10,0.385,21.83,False,False,Free,Free,,0
U106194,2025-04-20,Partnership,Marketing Team,Mobile,Europe,1-10,1.321,36.67,False,False,Free,Free,,0
U104963,2025-04-20,Social,Sales Team,Desktop,North America,1-10,0.602,25.71,False,False,Free,Free,,0
U108363,2025-04-20,Paid Search,Marketing Team,Desktop,North America,1-10,0.373,44.3,False,False,Free,Free,,0
U100141,2025-04-20,Social,Sales Team,Desktop,LATAM,11-50,1.044,10.85,False,False,Free,Free,,0
U101479,2025-04-20,Paid Search,Founder,Mobile,North America,11-50,0.918,44.4,False,False,Free,Free,,0
U101208,2025-04-20,Paid Search,Ops Manager,Desktop,APAC,51-200,0.897,21.44,False,False,Free,Free,,0
U106227,2025-04-20,Organic Search,Founder,Mobile,APAC,11-50,1.315,5.82,True,False,Free,Free,,0
U103230,2025-04-20,Paid Search,Student / Hobby,Mobile,APAC,1-10,0.289,83.61,False,False,Free,Free,,0
U105990,2025-04-20,Social,Ops Manager,Desktop,APAC,11-50,1.173,17.66,False,False,Free,Free,,0
U103588,2025-04-20,Organic Search,Ops Manager,Desktop,Europe,1-10,1.541,13.48,True,False,Free,Free,,0
U103277,2025-04-20,Social,Student / Hobby,Desktop,Europe,11-50,0.426,26.52,True,False,Free,Free,,0
U104120,2025-04-20,Organic Search,Student / Hobby,Desktop,North America,1-10,0.258,158.94,False,False,Free,Free,,0
U105018,2025-04-20,Content,Ops Manager,Desktop,North America,1000+,1.467,12.26,True,False,Free,Free,,0
U105589,2025-04-21,Paid Search,Sales Team,Desktop,North America,11-50,0.99,6.51,False,False,Free,Free,,0
U100622,2025-04-21,Organic Search,Sales Team,Mobile,North America,51-200,1.032,5.97,True,False,Free,Free,,0
U106319,2025-04-21,Content,Sales Team,Mobile,APAC,51-200,0.655,7.28,False,False,Free,Free,,0
U108026,2025-04-21,Social,Student / Hobby,Desktop,Europe,1-10,0.25,58.52,False,False,Free,Free,,0
U100558,2025-04-21,Content,Founder,Desktop,Europe,11-50,1.283,11.88,True,False,Free,Free,,0
U102357,2025-04-21,Content,Marketing Team,Desktop,North America,1-10,0.959,2.64,False,False,Free,Free,,0
U104448,2025-04-21,Partnership,Student / Hobby,Desktop,Europe,201-1000,0.584,23.62,False,False,Free,Free,,0
U102007,2025-04-21,Partnership,Student / Hobby,Mobile,North America,1-10,0.68,7.18,False,False,Free,Free,,0
U102415,2025-04-21,Referral,Marketing Team,Tablet,Europe,51-200,0.856,13.37,True,False,Free,Free,,0
U104579,2025-04-21,Referral,Founder,Desktop,North America,11-50,1.461,9.17,False,False,Free,Free,,0
U105077,2025-04-21,Content,Founder,Mobile,North America,201-1000,1.258,18.45,False,False,Free,Free,,0
U100746,2025-04-21,Referral,Sales Team,Desktop,Europe,1-10,1.191,31.33,True,True,Trial,Free,,0
U106232,2025-04-21,Organic Search,Ops Manager,Mobile,North America,11-50,0.93,36.2,False,False,Free,Free,,0
U103295,2025-04-21,Paid Search,Sales Team,Desktop,APAC,11-50,1.183,11.25,True,True,Paid,Starter,2025-04-29,19
U105270,2025-04-21,Organic Search,Ops Manager,Tablet,North America,11-50,1.183,27.98,False,False,Free,Free,,0
U103254,2025-04-21,Social,Founder,Mobile,North America,1-10,1.074,27.78,False,False,Free,Free,,0
U107338,2025-04-21,Paid Search,Ops Manager,Desktop,Europe,51-200,1.302,15.1,True,True,Trial,Free,,0
U106823,2025-04-21,Paid Search,Ops Manager,Mobile,LATAM,11-50,0.848,26.68,False,False,Free,Free,,0
U101078,2025-04-21,Organic Search,Ops Manager,Mobile,North America,11-50,1.383,15.2,True,True,Trial,Free,,0
U103684,2025-04-21,Paid Search,Sales Team,Desktop,Europe,11-50,0.534,67.87,False,False,Free,Free,,0
U107450,2025-04-21,Organic Search,Ops Manager,Desktop,North America,11-50,0.957,17.34,False,False,Free,Free,,0
U108271,2025-04-21,Referral,Ops Manager,Desktop,Europe,11-50,1.759,11.27,True,False,Free,Free,,0
U107355,2025-04-21,Organic Search,Founder,Desktop,LATAM,51-200,1.034,10.67,False,False,Free,Free,,0
U108076,2025-04-21,Paid Search,Founder,Desktop,North America,201-1000,0.35,5.75,False,False,Free,Free,,0
U100222,2025-04-21,Organic Search,Founder,Desktop,North America,1000+,1.473,9.21,True,False,Free,Free,,0
U105422,2025-04-21,Social,Founder,Desktop,North America,51-200,0.754,24.68,False,False,Free,Free,,0
U103294,2025-04-22,Paid Search,Sales Team,Desktop,North America,1-10,1.108,23.14,False,False,Free,Free,,0
U103979,2025-04-22,Content,Founder,Mobile,North America,11-50,0.901,39.44,False,False,Free,Free,,0
U106942,2025-04-22,Paid Search,Marketing Team,Mobile,APAC,11-50,1.293,10.39,True,True,Trial,Free,,0
U100509,2025-04-22,Social,Ops Manager,Mobile,LATAM,11-50,0.947,13.92,False,False,Free,Free,,0
U101149,2025-04-22,Paid Search,Founder,Desktop,MEA,11-50,0.952,43.43,True,True,Paid,Scale,2025-04-29,149
U102613,2025-04-22,Organic Search,Sales Team,Mobile,APAC,1-10,0.861,20.71,False,False,Free,Free,,0
U104498,2025-04-22,Organic Search,Founder,Desktop,APAC,1-10,1.141,11.46,True,True,Trial,Free,,0
U103776,2025-04-22,Social,Founder,Desktop,North America,51-200,0.836,39.69,False,False,Free,Free,,0
U101830,2025-04-22,Partnership,Founder,Mobile,APAC,11-50,1.607,4.88,True,True,Paid,Starter,2025-04-28,19
U108038,2025-04-22,Organic Search,Ops Manager,Desktop,Europe,1-10,1.266,11.75,True,True,Paid,Growth,2025-04-26,59
U101822,2025-04-22,Referral,Ops Manager,Tablet,APAC,11-50,1.494,2.55,False,False,Free,Free,,0
U106831,2025-04-22,Organic Search,Marketing Team,Mobile,North America,201-1000,1.045,6.21,False,False,Free,Free,,0
U100126,2025-04-22,Referral,Sales Team,Desktop,APAC,1-10,1.116,6.38,False,False,Free,Free,,0
U101270,2025-04-22,Social,Student / Hobby,Desktop,Europe,11-50,0.313,66.6,False,False,Free,Free,,0
U105758,2025-04-22,Paid Search,Sales Team,Desktop,North America,1000+,1.132,12.4,True,False,Free,Free,,0
U102802,2025-04-22,Organic Search,Student / Hobby,Mobile,North America,11-50,0.409,34.78,False,False,Free,Free,,0
U101921,2025-04-22,Organic Search,Founder,Desktop,North America,51-200,1.332,10.96,True,False,Free,Free,,0
U100142,2025-04-22,Organic Search,Ops Manager,Desktop,Europe,51-200,1.259,22.05,True,False,Free,Free,,0
U100359,2025-04-22,Paid Search,Founder,Mobile,North America,1-10,1.021,9.6,True,False,Free,Free,,0
U105885,2025-04-22,Organic Search,Sales Team,Tablet,Europe,1-10,0.794,16.85,False,False,Free,Free,,0
U106453,2025-04-22,Organic Search,Marketing Team,Desktop,North America,1-10,1.161,49.32,True,False,Free,Free,,0
U106087,2025-04-22,Paid Search,Ops Manager,Mobile,Europe,1-10,1.343,15.12,False,False,Free,Free,,0
U102665,2025-04-22,Paid Search,Ops Manager,Desktop,North America,11-50,0.798,31.38,False,False,Free,Free,,0
U100560,2025-04-22,Social,Ops Manager,Desktop,Europe,11-50,0.836,21.87,False,False,Free,Free,,0
U104544,2025-04-22,Social,Founder,Desktop,North America,1-10,0.774,47.77,False,False,Free,Free,,0
U106803,2025-04-22,Paid Search,Ops Manager,Desktop,North America,51-200,0.825,7.26,True,False,Free,Free,,0
U106706,2025-04-22,Paid Search,Marketing Team,Mobile,Europe,1000+,0.379,38.63,False,False,Free,Free,,0
U104791,2025-04-22,Referral,Founder,Mobile,APAC,1-10,1.203,6.27,True,False,Free,Free,,0
U100959,2025-04-22,Social,Ops Manager,Tablet,Europe,201-1000,0.288,22.38,False,False,Free,Free,,0
U103183,2025-04-22,Paid Search,Founder,Mobile,Europe,11-50,1.386,6.45,False,False,Free,Free,,0
U107194,2025-04-22,Organic Search,Founder,Desktop,APAC,51-200,0.493,57.88,False,False,Free,Free,,0
U104190,2025-04-22,Organic Search,Sales Team,Mobile,APAC,11-50,1.018,6.35,True,False,Free,Free,,0
U100678,2025-04-23,Content,Ops Manager,Tablet,North America,51-200,1.288,5.95,True,False,Free,Free,,0
U107637,2025-04-23,Referral,Sales Team,Desktop,North America,1-10,1.584,5.52,True,False,Free,Free,,0
U102319,2025-04-23,Paid Search,Ops Manager,Mobile,North America,51-200,1.265,7.92,False,False,Free,Free,,0
U104592,2025-04-23,Social,Ops Manager,Desktop,North America,1-10,0.749,40.76,True,False,Free,Free,,0
U104475,2025-04-23,Paid Search,Sales Team,Desktop,Europe,11-50,0.807,41.82,False,False,Free,Free,,0
U101474,2025-04-23,Organic Search,Ops Manager,Desktop,North America,1-10,1.707,14.83,False,False,Free,Free,,0
U102749,2025-04-23,Content,Sales Team,Desktop,North America,201-1000,0.779,35.98,False,False,Free,Free,,0
U100907,2025-04-23,Paid Search,Founder,Mobile,North America,11-50,1.093,27.75,True,False,Free,Free,,0
U108381,2025-04-23,Paid Search,Founder,Desktop,North America,1-10,0.743,11.68,True,False,Free,Free,,0
U102632,2025-04-23,Paid Search,Marketing Team,Desktop,LATAM,1-10,0.771,25.44,False,False,Free,Free,,0
U102098,2025-04-23,Paid Search,Founder,Mobile,APAC,201-1000,1.02,66.27,False,False,Free,Free,,0
U103507,2025-04-23,Social,Marketing Team,Desktop,North America,11-50,0.283,38.8,False,False,Free,Free,,0
U101558,2025-04-23,Social,Ops Manager,Mobile,North America,201-1000,1.005,13.86,False,False,Free,Free,,0
U106441,2025-04-23,Social,Founder,Desktop,Europe,11-50,0.886,32.89,True,False,Free,Free,,0
U107687,2025-04-23,Organic Search,Ops Manager,Desktop,North America,51-200,1.033,22.84,True,True,Trial,Free,,0
U107424,2025-04-23,Organic Search,Sales Team,Mobile,APAC,51-200,1.187,30.6,False,False,Free,Free,,0
U104007,2025-04-23,Paid Search,Founder,Desktop,APAC,1-10,0.941,21.21,False,False,Free,Free,,0
U102616,2025-04-23,Paid Search,Sales Team,Desktop,APAC,1-10,0.65,26.62,False,False,Free,Free,,0
U103355,2025-04-23,Social,Founder,Desktop,Europe,51-200,0.287,25.23,False,False,Free,Free,,0
U105963,2025-04-23,Content,Sales Team,Desktop,North America,1-10,1.038,20.09,True,True,Trial,Free,,0
U103298,2025-04-23,Organic Search,Sales Team,Mobile,Europe,11-50,0.725,37.86,False,False,Free,Free,,0
U103056,2025-04-23,Organic Search,Founder,Desktop,North America,1-10,1.523,21.17,True,True,Trial,Free,,0
U101332,2025-04-23,Referral,Ops Manager,Desktop,North America,11-50,1.845,14.91,False,False,Free,Free,,0
U101570,2025-04-23,Social,Founder,Desktop,North America,51-200,1.024,9.58,True,True,Trial,Free,,0
U101321,2025-04-23,Social,Ops Manager,Mobile,Europe,51-200,1.17,16.86,True,False,Free,Free,,0
U103939,2025-04-23,Social,Founder,Tablet,Europe,11-50,0.916,17.06,False,False,Free,Free,,0
U103935,2025-04-23,Referral,Founder,Desktop,APAC,51-200,1.707,3.2,True,True,Trial,Free,,0
U101725,2025-04-23,Content,Sales Team,Desktop,APAC,201-1000,0.792,31.77,False,False,Free,Free,,0
U106349,2025-04-23,Partnership,Marketing Team,Mobile,Europe,1-10,1.017,5.44,False,False,Free,Free,,0
U101127,2025-04-24,Organic Search,Founder,Desktop,Europe,51-200,0.875,19.64,False,False,Free,Free,,0
U102358,2025-04-24,Paid Search,Marketing Team,Tablet,Europe,1-10,0.606,12.08,False,False,Free,Free,,0
U102676,2025-04-24,Organic Search,Ops Manager,Mobile,North America,11-50,1.541,3.91,False,False,Free,Free,,0
U108412,2025-04-24,Paid Search,Marketing Team,Desktop,North America,201-1000,0.715,52.99,False,False,Free,Free,,0
U103967,2025-04-24,Social,Sales Team,Mobile,Europe,11-50,1.271,30.01,True,False,Free,Free,,0
U102330,2025-04-24,Paid Search,Sales Team,Desktop,North America,11-50,0.567,37.64,False,False,Free,Free,,0
U100581,2025-04-24,Partnership,Founder,Desktop,North America,1-10,1.81,9.74,True,True,Paid,Scale,2025-05-01,149
U107792,2025-04-24,Partnership,Ops Manager,Mobile,North America,1-10,1.848,4.25,True,True,Trial,Free,,0
U106302,2025-04-24,Organic Search,Ops Manager,Desktop,LATAM,1-10,1.548,5.94,False,False,Free,Free,,0
U105136,2025-04-24,Paid Search,Ops Manager,Tablet,APAC,1-10,1.217,7.75,True,False,Free,Free,,0
U103557,2025-04-24,Paid Search,Sales Team,Mobile,LATAM,201-1000,1.057,13.88,False,False,Free,Free,,0
U101269,2025-04-24,Content,Ops Manager,Desktop,North America,1-10,1.247,5.32,True,False,Free,Free,,0
U102500,2025-04-24,Referral,Founder,Desktop,Europe,11-50,1.304,32.96,False,False,Free,Free,,0
U106876,2025-04-24,Content,Founder,Desktop,Europe,1-10,1.067,44.32,True,False,Free,Free,,0
U101819,2025-04-24,Organic Search,Ops Manager,Mobile,North America,1-10,1.071,22.33,False,False,Free,Free,,0
U107501,2025-04-24,Organic Search,Marketing Team,Desktop,LATAM,51-200,0.788,13.85,True,False,Free,Free,,0
U106006,2025-04-24,Social,Student / Hobby,Mobile,LATAM,11-50,0.727,12.36,False,False,Free,Free,,0
U100203,2025-04-24,Organic Search,Founder,Desktop,North America,201-1000,1.259,42.95,True,False,Free,Free,,0
U104114,2025-04-24,Paid Search,Student / Hobby,Desktop,APAC,1-10,0.25,143.31,False,False,Free,Free,,0
U100090,2025-04-24,Organic Search,Sales Team,Tablet,APAC,1-10,1.269,0.97,False,False,Free,Free,,0
U106356,2025-04-24,Social,Student / Hobby,Desktop,North America,201-1000,0.374,41.42,False,False,Free,Free,,0
U102552,2025-04-24,Organic Search,Marketing Team,Mobile,Europe,1-10,1.006,13.42,False,False,Free,Free,,0
U104818,2025-04-24,Organic Search,Ops Manager,Desktop,North America,11-50,1.193,8.44,True,False,Free,Free,,0
U104901,2025-04-24,Organic Search,Ops Manager,Desktop,North America,1-10,0.895,13.91,False,False,Free,Free,,0
U105981,2025-04-24,Social,Sales Team,Desktop,North America,11-50,0.688,72.13,False,False,Free,Free,,0
U103603,2025-04-24,Organic Search,Marketing Team,Tablet,Europe,51-200,0.971,8.36,True,True,Paid,Growth,2025-04-30,59
U105573,2025-04-24,Referral,Sales Team,Desktop,Europe,1-10,1.259,20.0,False,False,Free,Free,,0
U103490,2025-04-24,Referral,Ops Manager,Desktop,North America,51-200,1.824,4.47,True,True,Paid,Scale,2025-05-02,149
U106202,2025-04-24,Social,Marketing Team,Desktop,Europe,51-200,0.536,46.43,False,False,Free,Free,,0
U107864,2025-04-24,Social,Sales Team,Desktop,Europe,11-50,0.757,32.42,True,False,Free,Free,,0
U101853,2025-04-24,Social,Founder,Desktop,APAC,1-10,0.727,19.28,False,False,Free,Free,,0
U108468,2025-04-25,Organic Search,Marketing Team,Mobile,North America,1-10,0.871,18.01,False,False,Free,Free,,0
U103562,2025-04-25,Paid Search,Ops Manager,Mobile,APAC,11-50,1.05,2.74,False,False,Free,Free,,0
U106815,2025-04-25,Paid Search,Ops Manager,Mobile,LATAM,51-200,0.997,15.54,False,False,Free,Free,,0
U101687,2025-04-25,Referral,Sales Team,Mobile,North America,11-50,1.305,5.99,False,False,Free,Free,,0
U103345,2025-04-25,Paid Search,Sales Team,Desktop,North America,1000+,0.763,22.29,True,False,Free,Free,,0
U108401,2025-04-25,Social,Ops Manager,Desktop,APAC,1-10,0.754,18.58,False,False,Free,Free,,0
U104762,2025-04-25,Paid Search,Ops Manager,Desktop,North America,1-10,1.014,4.2,True,True,Paid,Scale,2025-05-01,149
U106786,2025-04-25,Partnership,Founder,Desktop,North America,1-10,1.301,8.85,True,True,Paid,Growth,2025-05-01,59
U100504,2025-04-25,Referral,Ops Manager,Desktop,North America,1-10,1.448,22.86,True,True,Trial,Free,,0
U108466,2025-04-25,Partnership,Ops Manager,Tablet,APAC,1-10,1.793,9.0,False,False,Free,Free,,0
U107481,2025-04-25,Organic Search,Founder,Tablet,North America,1-10,1.149,16.48,False,False,Free,Free,,0
U100278,2025-04-25,Paid Search,Ops Manager,Desktop,LATAM,51-200,1.11,23.22,False,False,Free,Free,,0
U101175,2025-04-25,Organic Search,Sales Team,Desktop,North America,11-50,1.134,38.93,True,True,Paid,Growth,2025-04-29,59
U102173,2025-04-25,Social,Sales Team,Desktop,North America,1-10,1.079,29.12,False,False,Free,Free,,0
U106050,2025-04-25,Referral,Founder,Mobile,Europe,51-200,1.653,6.75,True,False,Free,Free,,0
U100576,2025-04-25,Referral,Marketing Team,Desktop,North America,201-1000,0.758,4.21,True,False,Free,Free,,0
U107171,2025-04-25,Paid Search,Founder,Desktop,North America,1000+,0.91,15.64,True,False,Free,Free,,0
U107783,2025-04-25,Organic Search,Founder,Desktop,MEA,1-10,1.155,8.98,False,False,Free,Free,,0
U105179,2025-04-25,Content,Sales Team,Desktop,North America,1-10,1.083,12.1,True,False,Free,Free,,0
U102135,2025-04-25,Organic Search,Ops Manager,Mobile,North America,51-200,1.388,38.63,True,True,Trial,Free,,0
U102070,2025-04-25,Social,Founder,Mobile,LATAM,11-50,0.862,45.15,False,False,Free,Free,,0
U102067,2025-04-25,Paid Search,Founder,Desktop,APAC,51-200,1.066,24.41,True,True,Paid,Starter,2025-04-26,19
U102717,2025-04-25,Organic Search,Founder,Mobile,APAC,1-10,1.359,6.33,False,False,Free,Free,,0
U102063,2025-04-25,Partnership,Ops Manager,Desktop,Europe,1-10,1.451,9.76,False,False,Free,Free,,0
U104761,2025-04-25,Paid Search,Ops Manager,Desktop,North America,51-200,0.835,31.4,False,False,Free,Free,,0
U102170,2025-04-25,Content,Founder,Mobile,APAC,1-10,1.36,29.49,False,False,Free,Free,,0
U104535,2025-04-25,Referral,Founder,Mobile,APAC,201-1000,1.546,7.77,False,False,Free,Free,,0
U107498,2025-04-25,Organic Search,Marketing Team,Desktop,North America,1-10,0.846,23.37,False,False,Free,Free,,0
U101688,2025-04-25,Organic Search,Sales Team,Mobile,North America,11-50,1.118,10.77,True,True,Paid,Starter,2025-04-27,19
U106568,2025-04-25,Referral,Sales Team,Desktop,Europe,11-50,1.232,15.61,False,False,Free,Free,,0
U108284,2025-04-25,Partnership,Marketing Team,Desktop,LATAM,11-50,1.226,13.77,False,False,Free,Free,,0
U100438,2025-04-25,Organic Search,Ops Manager,Desktop,Europe,11-50,1.476,14.48,True,False,Free,Free,,0
U102481,2025-04-25,Referral,Founder,Desktop,Europe,11-50,1.531,3.04,True,True,Trial,Free,,0
U106287,2025-04-25,Organic Search,Sales Team,Desktop,APAC,11-50,1.48,8.77,True,False,Free,Free,,0
U104137,2025-04-25,Organic Search,Founder,Desktop,APAC,51-200,1.34,5.3,False,False,Free,Free,,0
U105070,2025-04-25,Content,Sales Team,Desktop,North America,51-200,0.922,4.5,True,True,Trial,Free,,0
U104764,2025-04-26,Organic Search,Founder,Mobile,North America,1-10,1.34,24.16,True,True,Paid,Growth,2025-04-27,59
U107631,2025-04-26,Content,Marketing Team,Desktop,Europe,11-50,1.12,7.37,False,False,Free,Free,,0
U104898,2025-04-26,Organic Search,Marketing Team,Desktop,North America,1-10,0.984,31.27,True,True,Paid,Starter,2025-04-27,19
U104587,2025-04-26,Organic Search,Sales Team,Mobile,Europe,11-50,0.779,26.75,False,False,Free,Free,,0
U100210,2025-04-26,Organic Search,Sales Team,Desktop,North America,1-10,0.539,28.99,False,False,Free,Free,,0
U100809,2025-04-26,Organic Search,Ops Manager,Mobile,APAC,11-50,1.609,5.19,True,True,Paid,Starter,2025-04-30,19
U106316,2025-04-26,Social,Sales Team,Desktop,APAC,11-50,0.832,41.17,False,False,Free,Free,,0
U103409,2025-04-26,Organic Search,Student / Hobby,Mobile,North America,11-50,0.25,132.3,False,False,Free,Free,,0
U101881,2025-04-26,Organic Search,Student / Hobby,Desktop,Europe,1-10,0.552,7.65,False,False,Free,Free,,0
U105074,2025-04-26,Paid Search,Marketing Team,Desktop,North America,1000+,0.735,29.09,False,False,Free,Free,,0
U104244,2025-04-26,Referral,Founder,Desktop,Europe,201-1000,1.141,6.18,False,False,Free,Free,,0
U104861,2025-04-26,Paid Search,Sales Team,Desktop,LATAM,1-10,0.738,14.5,False,False,Free,Free,,0
U107537,2025-04-26,Referral,Ops Manager,Desktop,LATAM,11-50,1.913,6.75,True,True,Paid,Starter,2025-04-30,19
U103329,2025-04-26,Paid Search,Founder,Mobile,North America,1-10,0.863,12.12,False,False,Free,Free,,0
U103180,2025-04-26,Content,Sales Team,Desktop,North America,51-200,0.852,17.74,True,False,Free,Free,,0
U106539,2025-04-26,Content,Sales Team,Mobile,APAC,1-10,1.17,8.59,False,False,Free,Free,,0
U102268,2025-04-26,Organic Search,Founder,Tablet,LATAM,1-10,1.194,14.42,True,False,Free,Free,,0
U103375,2025-04-26,Content,Founder,Mobile,North America,51-200,1.398,40.94,True,False,Free,Free,,0
U106201,2025-04-26,Organic Search,Sales Team,Desktop,APAC,201-1000,1.12,9.18,True,False,Free,Free,,0
U104813,2025-04-26,Referral,Sales Team,Desktop,APAC,51-200,1.47,13.37,True,True,Trial,Free,,0
U106359,2025-04-26,Content,Ops Manager,Mobile,Europe,51-200,1.171,7.02,False,False,Free,Free,,0
U101033,2025-04-26,Social,Marketing Team,Desktop,North America,1-10,1.129,31.47,True,False,Free,Free,,0
U100745,2025-04-26,Referral,Sales Team,Desktop,Europe,201-1000,1.244,25.33,False,False,Free,Free,,0
U103846,2025-04-26,Referral,Sales Team,Mobile,North America,1-10,1.521,7.55,False,False,Free,Free,,0
U105502,2025-04-26,Paid Search,Sales Team,Desktop,APAC,1-10,0.928,24.84,True,False,Free,Free,,0
U106924,2025-04-26,Organic Search,Sales Team,Desktop,North America,201-1000,0.875,23.84,False,False,Free,Free,,0
U107741,2025-04-26,Referral,Founder,Desktop,APAC,11-50,1.379,8.18,True,True,Paid,Growth,2025-05-04,59
U106437,2025-04-26,Organic Search,Founder,Desktop,APAC,1-10,1.514,22.86,True,False,Free,Free,,0
U105017,2025-04-26,Organic Search,Ops Manager,Desktop,North America,11-50,1.41,18.82,True,True,Trial,Free,,0
U103525,2025-04-26,Content,Ops Manager,Mobile,LATAM,1-10,1.768,4.71,False,False,Free,Free,,0
U101476,2025-04-26,Organic Search,Sales Team,Mobile,North America,201-1000,1.133,41.76,True,True,Trial,Free,,0
U102541,2025-04-26,Organic Search,Ops Manager,Mobile,Europe,51-200,1.549,27.78,True,True,Paid,Starter,2025-05-01,19
U100470,2025-04-26,Content,Sales Team,Desktop,North America,201-1000,1.137,4.77,True,False,Free,Free,,0
U107847,2025-04-26,Paid Search,Marketing Team,Desktop,North America,1-10,0.913,37.43,False,False,Free,Free,,0
U105805,2025-04-26,Content,Founder,Desktop,North America,201-1000,0.982,27.55,False,False,Free,Free,,0
U102975,2025-04-26,Content,Marketing Team,Mobile,MEA,11-50,0.672,60.37,False,False,Free,Free,,0
U104719,2025-04-26,Partnership,Student / Hobby,Desktop,North America,1-10,0.479,35.44,False,False,Free,Free,,0
U101506,2025-04-26,Social,Ops Manager,Desktop,North America,1-10,1.316,21.53,False,False,Free,Free,,0
U105120,2025-04-26,Paid Search,Marketing Team,Mobile,North America,11-50,1.095,4.96,True,True,Trial,Free,,0
U107670,2025-04-27,Content,Sales Team,Mobile,North America,11-50,1.415,15.19,False,False,Free,Free,,0
U105247,2025-04-27,Paid Search,Founder,Desktop,Europe,1-10,0.833,54.96,False,False,Free,Free,,0
U108346,2025-04-27,Referral,Ops Manager,Desktop,North America,51-200,1.881,9.05,True,True,Paid,Scale,2025-05-02,149
U104031,2025-04-27,Paid Search,Sales Team,Desktop,North America,1-10,0.918,25.37,False,False,Free,Free,,0
U105838,2025-04-27,Social,Ops Manager,Mobile,Europe,11-50,0.832,18.95,True,True,Paid,Starter,2025-05-01,19
U106333,2025-04-27,Paid Search,Sales Team,Desktop,North America,51-200,0.579,53.78,False,False,Free,Free,,0
U102198,2025-04-27,Referral,Student / Hobby,Desktop,North America,11-50,0.653,17.45,True,True,Trial,Free,,0
U103933,2025-04-27,Content,Founder,Desktop,APAC,11-50,1.697,3.19,True,True,Trial,Free,,0
U103413,2025-04-27,Paid Search,Ops Manager,Desktop,MEA,11-50,0.999,20.02,False,False,Free,Free,,0
U106225,2025-04-27,Social,Founder,Desktop,Europe,11-50,1.389,18.52,False,False,Free,Free,,0
U107516,2025-04-27,Paid Search,Ops Manager,Tablet,Europe,1-10,1.042,9.13,True,False,Free,Free,,0
U107909,2025-04-27,Social,Sales Team,Tablet,Europe,51-200,0.937,32.17,True,False,Free,Free,,0
U107049,2025-04-27,Referral,Ops Manager,Desktop,North America,1-10,1.465,9.2,True,False,Free,Free,,0
U105109,2025-04-27,Organic Search,Sales Team,Desktop,North America,201-1000,0.782,26.65,False,False,Free,Free,,0
U102721,2025-04-27,Organic Search,Founder,Desktop,MEA,1-10,0.971,18.32,False,False,Free,Free,,0
U104420,2025-04-27,Paid Search,Ops Manager,Mobile,North America,1-10,1.223,2.65,False,False,Free,Free,,0
U104339,2025-04-27,Organic Search,Ops Manager,Desktop,Europe,1-10,1.361,11.23,False,False,Free,Free,,0
U101970,2025-04-27,Social,Sales Team,Desktop,North America,51-200,0.518,58.43,False,False,Free,Free,,0
U107603,2025-04-27,Organic Search,Sales Team,Mobile,APAC,51-200,0.941,15.81,True,False,Free,Free,,0
U107706,2025-04-27,Paid Search,Ops Manager,Desktop,Europe,1000+,0.81,25.64,False,False,Free,Free,,0
U103767,2025-04-27,Organic Search,Founder,Mobile,North America,201-1000,1.082,8.64,False,False,Free,Free,,0
U103752,2025-04-27,Content,Ops Manager,Tablet,North America,11-50,1.121,4.0,False,False,Free,Free,,0
U102540,2025-04-27,Referral,Founder,Mobile,Europe,1-10,1.594,15.89,True,True,Paid,Scale,2025-04-29,149
U108183,2025-04-27,Social,Sales Team,Mobile,North America,11-50,0.914,32.34,False,False,Free,Free,,0
U106613,2025-04-27,Referral,Ops Manager,Mobile,Europe,51-200,1.488,19.25,True,False,Free,Free,,0
U104135,2025-04-27,Organic Search,Ops Manager,Mobile,Europe,1-10,1.216,5.46,True,False,Free,Free,,0
U103911,2025-04-27,Organic Search,Ops Manager,Desktop,North America,11-50,1.606,6.74,False,False,Free,Free,,0
U104373,2025-04-27,Referral,Founder,Desktop,North America,1-10,1.775,4.04,False,False,Free,Free,,0
U106459,2025-04-27,Social,Founder,Desktop,North America,51-200,0.8,21.31,False,False,Free,Free,,0
U103744,2025-04-27,Content,Marketing Team,Desktop,Europe,11-50,1.153,3.91,False,False,Free,Free,,0
U104266,2025-04-27,Organic Search,Sales Team,Desktop,Europe,1-10,0.821,36.4,True,True,Trial,Free,,0
U104134,2025-04-27,Social,Founder,Desktop,APAC,11-50,1.317,11.51,False,False,Free,Free,,0
U107967,2025-04-27,Paid Search,Founder,Desktop,Europe,1-10,0.969,61.15,False,False,Free,Free,,0
U106673,2025-04-27,Content,Sales Team,Desktop,North America,11-50,0.834,14.11,False,False,Free,Free,,0
U104620,2025-04-27,Paid Search,Marketing Team,Desktop,North America,11-50,1.037,15.35,True,False,Free,Free,,0
U102690,2025-04-27,Partnership,Founder,Mobile,Europe,11-50,1.914,4.42,False,False,Free,Free,,0
U101438,2025-04-28,Paid Search,Sales Team,Desktop,LATAM,1-10,0.743,8.59,False,False,Free,Free,,0
U103893,2025-04-28,Social,Founder,Mobile,North America,11-50,1.161,5.01,False,False,Free,Free,,0
U102778,2025-04-28,Social,Ops Manager,Tablet,LATAM,11-50,0.854,7.88,False,False,Free,Free,,0
U100730,2025-04-28,Organic Search,Sales Team,Desktop,North America,1-10,0.855,11.04,False,False,Free,Free,,0
U106529,2025-04-28,Organic Search,Ops Manager,Desktop,Europe,51-200,1.082,11.62,True,False,Free,Free,,0
U103560,2025-04-28,Content,Student / Hobby,Desktop,North America,11-50,0.74,41.76,False,False,Free,Free,,0
U104512,2025-04-28,Partnership,Marketing Team,Desktop,LATAM,1-10,1.362,7.44,False,False,Free,Free,,0
U105675,2025-04-28,Social,Sales Team,Desktop,North America,11-50,0.267,25.12,False,False,Free,Free,,0
U102032,2025-04-28,Content,Sales Team,Desktop,North America,1-10,0.733,17.99,True,False,Free,Free,,0
U106590,2025-04-28,Paid Search,Ops Manager,Desktop,APAC,11-50,0.776,17.97,False,False,Free,Free,,0
U100840,2025-04-28,Organic Search,Sales Team,Mobile,North America,51-200,1.253,8.03,True,False,Free,Free,,0
U100648,2025-04-28,Paid Search,Sales Team,Desktop,North America,11-50,0.707,2.79,True,False,Free,Free,,0
U100172,2025-04-28,Referral,Founder,Desktop,APAC,51-200,1.174,21.41,False,False,Free,Free,,0
U107211,2025-04-28,Paid Search,Ops Manager,Mobile,North America,11-50,0.844,24.25,True,False,Free,Free,,0
U107252,2025-04-28,Partnership,Ops Manager,Mobile,Europe,1-10,1.844,7.67,False,False,Free,Free,,0
U100304,2025-04-28,Content,Student / Hobby,Mobile,Europe,1-10,0.858,20.1,False,False,Free,Free,,0
U108151,2025-04-28,Organic Search,Ops Manager,Desktop,North America,1-10,1.303,23.13,True,False,Free,Free,,0
U101827,2025-04-28,Content,Marketing Team,Desktop,APAC,1-10,0.584,66.26,True,False,Free,Free,,0
U100721,2025-04-28,Organic Search,Founder,Desktop,LATAM,1-10,1.13,40.12,True,True,Paid,Starter,2025-05-03,19
U100500,2025-04-28,Paid Search,Sales Team,Desktop,Europe,1-10,1.027,28.65,True,False,Free,Free,,0
U103407,2025-04-28,Paid Search,Marketing Team,Mobile,North America,11-50,1.19,23.4,False,False,Free,Free,,0
U107404,2025-04-28,Referral,Founder,Desktop,North America,201-1000,1.501,3.8,True,False,Free,Free,,0
U105858,2025-04-28,Organic Search,Sales Team,Desktop,North America,51-200,0.989,32.04,False,False,Free,Free,,0
U103722,2025-04-28,Content,Student / Hobby,Desktop,North America,1-10,0.518,68.57,False,False,Free,Free,,0
U107944,2025-04-28,Paid Search,Ops Manager,Mobile,North America,1-10,0.988,6.76,False,False,Free,Free,,0
U105811,2025-04-28,Referral,Founder,Desktop,North America,1-10,1.655,7.87,True,True,Trial,Free,,0
U105066,2025-04-28,Referral,Student / Hobby,Mobile,Europe,201-1000,0.494,53.63,False,False,Free,Free,,0
U106994,2025-04-29,Paid Search,Founder,Desktop,North America,201-1000,1.162,11.16,False,False,Free,Free,,0
U102564,2025-04-29,Organic Search,Sales Team,Desktop,Europe,1-10,0.862,13.18,False,False,Free,Free,,0
U105797,2025-04-29,Paid Search,Ops Manager,Desktop,MEA,1-10,1.054,23.74,True,False,Free,Free,,0
U102111,2025-04-29,Organic Search,Ops Manager,Desktop,Europe,51-200,1.383,5.12,False,False,Free,Free,,0
U103917,2025-04-29,Social,Sales Team,Desktop,APAC,51-200,0.962,23.67,False,False,Free,Free,,0
U100183,2025-04-29,Organic Search,Student / Hobby,Desktop,North America,11-50,0.555,21.94,False,False,Free,Free,,0
U104811,2025-04-29,Organic Search,Student / Hobby,Desktop,LATAM,11-50,0.38,11.43,False,False,Free,Free,,0
U104127,2025-04-29,Paid Search,Founder,Mobile,Europe,11-50,0.842,4.53,False,False,Free,Free,,0
U101622,2025-04-29,Paid Search,Sales Team,Desktop,LATAM,1-10,0.732,26.6,True,False,Free,Free,,0
U104110,2025-04-29,Organic Search,Sales Team,Mobile,APAC,1-10,0.788,19.51,False,False,Free,Free,,0
U101475,2025-04-29,Referral,Sales Team,Desktop,North America,1-10,1.109,8.14,False,False,Free,Free,,0
U105533,2025-04-29,Paid Search,Ops Manager,Desktop,Europe,51-200,1.088,17.64,False,False,Free,Free,,0
U103554,2025-04-29,Referral,Sales Team,Desktop,Europe,51-200,1.354,4.06,True,False,Free,Free,,0
U106867,2025-04-29,Paid Search,Founder,Mobile,APAC,11-50,1.24,15.77,True,False,Free,Free,,0
U100860,2025-04-29,Paid Search,Ops Manager,Tablet,Europe,1-10,1.038,34.45,False,False,Free,Free,,0
U103233,2025-04-29,Organic Search,Marketing Team,Desktop,Europe,1-10,0.731,22.29,False,False,Free,Free,,0
U102955,2025-04-29,Organic Search,Student / Hobby,Desktop,North America,11-50,0.558,22.16,False,False,Free,Free,,0
U105893,2025-04-29,Organic Search,Sales Team,Desktop,LATAM,11-50,1.023,16.17,False,False,Free,Free,,0
U104349,2025-04-29,Content,Ops Manager,Desktop,Europe,1-10,1.516,20.76,False,False,Free,Free,,0
U104196,2025-04-29,Organic Search,Sales Team,Desktop,APAC,1-10,1.151,24.2,True,False,Free,Free,,0
U106775,2025-04-29,Organic Search,Marketing Team,Tablet,North America,11-50,1.281,14.23,False,False,Free,Free,,0
U100958,2025-04-29,Organic Search,Student / Hobby,Mobile,North America,11-50,0.495,101.02,False,False,Free,Free,,0
U101132,2025-04-29,Content,Founder,Desktop,North America,11-50,1.42,15.19,True,False,Free,Free,,0
U108196,2025-04-29,Social,Ops Manager,Desktop,APAC,11-50,0.879,32.42,False,False,Free,Free,,0
U104875,2025-04-29,Content,Ops Manager,Desktop,APAC,1-10,1.628,6.34,True,True,Trial,Free,,0
U102474,2025-04-29,Organic Search,Founder,Desktop,LATAM,1-10,0.851,48.28,False,False,Free,Free,,0
U105469,2025-04-29,Social,Marketing Team,Desktop,Europe,1-10,0.626,12.75,True,False,Free,Free,,0
U104393,2025-04-29,Content,Sales Team,Desktop,APAC,1-10,1.323,19.95,False,False,Free,Free,,0
U106544,2025-04-29,Paid Search,Student / Hobby,Mobile,APAC,11-50,0.784,9.13,False,False,Free,Free,,0
U101357,2025-04-30,Referral,Marketing Team,Mobile,APAC,1-10,1.14,34.44,False,False,Free,Free,,0
U101776,2025-04-30,Content,Founder,Desktop,North America,201-1000,1.293,7.36,True,False,Free,Free,,0
U101366,2025-04-30,Organic Search,Sales Team,Desktop,North America,51-200,0.564,15.83,False,False,Free,Free,,0
U102016,2025-04-30,Organic Search,Student / Hobby,Desktop,North America,51-200,0.516,40.46,False,False,Free,Free,,0
U103894,2025-04-30,Paid Search,Ops Manager,Desktop,North America,201-1000,0.92,6.26,False,False,Free,Free,,0
U100148,2025-04-30,Referral,Founder,Desktop,North America,1-10,1.863,26.06,True,False,Free,Free,,0
U102256,2025-04-30,Social,Founder,Mobile,North America,11-50,0.72,63.47,False,False,Free,Free,,0
U100356,2025-04-30,Social,Ops Manager,Desktop,Europe,201-1000,0.885,33.5,False,False,Free,Free,,0
U103403,2025-04-30,Referral,Ops Manager,Tablet,APAC,11-50,1.735,0.99,True,False,Free,Free,,0
U102000,2025-04-30,Paid Search,Marketing Team,Desktop,North America,201-1000,0.719,15.27,True,False,Free,Free,,0
U102496,2025-04-30,Organic Search,Sales Team,Mobile,APAC,201-1000,0.973,12.56,False,False,Free,Free,,0
U100505,2025-04-30,Organic Search,Ops Manager,Tablet,North America,1-10,0.898,12.6,False,False,Free,Free,,0
U101696,2025-04-30,Organic Search,Founder,Desktop,LATAM,11-50,0.903,22.97,False,False,Free,Free,,0
U106363,2025-04-30,Paid Search,Sales Team,Mobile,MEA,1000+,1.24,14.11,False,False,Free,Free,,0
U108238,2025-04-30,Paid Search,Ops Manager,Desktop,LATAM,1-10,1.392,8.57,False,False,Free,Free,,0
U100843,2025-04-30,Organic Search,Student / Hobby,Mobile,North America,1-10,0.656,14.27,False,False,Free,Free,,0
U101216,2025-04-30,Organic Search,Marketing Team,Mobile,North America,1-10,0.801,18.69,False,False,Free,Free,,0
U107476,2025-04-30,Referral,Ops Manager,Desktop,North America,1-10,1.647,5.24,True,False,Free,Free,,0
U106655,2025-04-30,Content,Ops Manager,Mobile,LATAM,51-200,1.252,13.61,False,False,Free,Free,,0
U103973,2025-04-30,Social,Sales Team,Desktop,Europe,11-50,1.23,34.82,False,False,Free,Free,,0
U107026,2025-04-30,Paid Search,Founder,Desktop,Europe,201-1000,1.043,19.32,True,False,Free,Free,,0
U102635,2025-04-30,Organic Search,Founder,Tablet,North America,1-10,1.64,18.47,True,True,Paid,Scale,2025-05-05,149
U103340,2025-04-30,Content,Sales Team,Desktop,North America,51-200,1.073,17.26,True,False,Free,Free,,0
U104381,2025-04-30,Organic Search,Founder,Desktop,APAC,201-1000,1.119,28.68,True,True,Paid,Growth,2025-05-01,59
U108469,2025-04-30,Referral,Marketing Team,Desktop,North America,1-10,0.819,26.14,True,False,Free,Free,,0
U106303,2025-04-30,Organic Search,Founder,Desktop,APAC,51-200,0.934,19.34,False,False,Free,Free,,0
U108152,2025-04-30,Referral,Founder,Desktop,APAC,1-10,1.6,7.98,False,False,Free,Free,,0
U100900,2025-04-30,Organic Search,Student / Hobby,Desktop,North America,1-10,0.571,29.55,False,False,Free,Free,,0
U102370,2025-04-30,Referral,Ops Manager,Mobile,North America,51-200,1.454,40.64,True,True,Trial,Free,,0
U104311,2025-04-30,Paid Search,Marketing Team,Mobile,Europe,11-50,0.886,7.29,True,False,Free,Free,,0
U103521,2025-04-30,Content,Student / Hobby,Desktop,LATAM,1-10,0.902,28.11,False,False,Free,Free,,0
U102307,2025-04-30,Paid Search,Founder,Desktop,APAC,1-10,1.182,2.2,True,False,Free,Free,,0
U106654,2025-05-01,Social,Student / Hobby,Desktop,Europe,51-200,0.451,95.23,False,False,Free,Free,,0
U102862,2025-05-01,Content,Sales Team,Desktop,MEA,1-10,0.722,5.93,False,False,Free,Free,,0
U107191,2025-05-01,Paid Search,Ops Manager,Mobile,Europe,1-10,0.523,52.64,False,False,Free,Free,,0
U105774,2025-05-01,Paid Search,Student / Hobby,Mobile,North America,1-10,0.271,212.02,False,False,Free,Free,,0
U100289,2025-05-01,Organic Search,Sales Team,Desktop,Europe,11-50,0.682,23.05,False,False,Free,Free,,0
U101864,2025-05-01,Organic Search,Marketing Team,Mobile,Europe,1-10,0.787,33.44,False,False,Free,Free,,0
U107223,2025-05-01,Organic Search,Student / Hobby,Desktop,North America,1000+,0.509,13.21,False,False,Free,Free,,0
U102185,2025-05-01,Organic Search,Ops Manager,Tablet,APAC,51-200,1.513,3.84,True,True,Paid,Scale,2025-05-01,149
U106404,2025-05-01,Paid Search,Founder,Mobile,Europe,1-10,0.715,17.06,True,True,Paid,Scale,2025-05-08,149
U105829,2025-05-01,Paid Search,Ops Manager,Desktop,North America,51-200,1.437,7.33,False,False,Free,Free,,0
U105034,2025-05-01,Partnership,Sales Team,Desktop,APAC,201-1000,0.957,13.99,False,False,Free,Free,,0
U106748,2025-05-01,Paid Search,Student / Hobby,Desktop,North America,1-10,0.422,73.33,False,False,Free,Free,,0
U108496,2025-05-01,Paid Search,Founder,Desktop,North America,11-50,1.104,27.22,False,False,Free,Free,,0
U104161,2025-05-01,Paid Search,Marketing Team,Desktop,APAC,51-200,0.712,12.32,False,False,Free,Free,,0
U103337,2025-05-01,Partnership,Student / Hobby,Desktop,North America,1-10,0.905,37.24,False,False,Free,Free,,0
U101259,2025-05-01,Referral,Ops Manager,Desktop,APAC,11-50,1.639,12.87,False,False,Free,Free,,0
U102760,2025-05-01,Content,Founder,Desktop,LATAM,1-10,1.556,11.24,False,False,Free,Free,,0
U103785,2025-05-01,Content,Founder,Mobile,North America,11-50,1.608,5.6,True,False,Free,Free,,0
U108355,2025-05-01,Paid Search,Sales Team,Mobile,North America,1000+,0.724,36.51,False,False,Free,Free,,0
U104491,2025-05-01,Content,Marketing Team,Tablet,Europe,11-50,1.324,19.79,True,True,Paid,Starter,2025-05-01,19
U107973,2025-05-01,Social,Founder,Desktop,North America,201-1000,0.654,38.99,False,False,Free,Free,,0
U100537,2025-05-01,Partnership,Marketing Team,Desktop,North America,1-10,1.248,11.84,True,False,Free,Free,,0
U105815,2025-05-01,Referral,Ops Manager,Desktop,North America,11-50,1.656,11.03,False,False,Free,Free,,0
U106807,2025-05-01,Organic Search,Ops Manager,Mobile,North America,1-10,1.581,26.3,True,True,Trial,Free,,0
U106076,2025-05-01,Organic Search,Marketing Team,Desktop,Europe,11-50,0.734,24.66,True,False,Free,Free,,0
U104699,2025-05-01,Referral,Ops Manager,Desktop,North America,1-10,1.655,13.85,True,False,Free,Free,,0
U106182,2025-05-02,Social,Ops Manager,Desktop,Europe,1-10,0.994,18.72,False,False,Free,Free,,0
U105899,2025-05-02,Paid Search,Founder,Desktop,APAC,1-10,0.939,11.63,True,False,Free,Free,,0
U102738,2025-05-02,Organic Search,Marketing Team,Desktop,North America,1-10,0.841,64.61,False,False,Free,Free,,0
U105663,2025-05-02,Organic Search,Founder,Desktop,North America,11-50,1.274,8.11,True,True,Trial,Free,,0
U107004,2025-05-02,Paid Search,Marketing Team,Desktop,North America,201-1000,0.554,5.18,False,False,Free,Free,,0
U106045,2025-05-02,Social,Ops Manager,Desktop,North America,1000+,0.973,37.29,False,False,Free,Free,,0
U101522,2025-05-02,Referral,Ops Manager,Desktop,MEA,11-50,1.676,5.9,True,False,Free,Free,,0
U107074,2025-05-02,Referral,Founder,Mobile,North America,1-10,1.25,26.84,False,False,Free,Free,,0
U107676,2025-05-02,Content,Sales Team,Mobile,Europe,1-10,0.714,7.95,False,False,Free,Free,,0
U105180,2025-05-02,Organic Search,Founder,Desktop,North America,201-1000,0.99,36.62,False,False,Free,Free,,0
U107010,2025-05-02,Social,Ops Manager,Desktop,North America,1-10,1.013,18.19,True,False,Free,Free,,0
U102879,2025-05-02,Content,Founder,Desktop,Europe,11-50,1.359,7.49,True,True,Paid,Scale,2025-05-09,149
U105913,2025-05-02,Organic Search,Founder,Tablet,North America,1-10,1.337,14.47,True,True,Paid,Scale,2025-05-09,149
U100960,2025-05-02,Organic Search,Ops Manager,Desktop,North America,51-200,1.362,19.44,True,True,Paid,Starter,2025-05-10,19
U105456,2025-05-02,Partnership,Sales Team,Desktop,Europe,11-50,1.26,13.65,False,False,Free,Free,,0
U107653,2025-05-02,Social,Sales Team,Desktop,North America,1000+,0.738,2.89,False,False,Free,Free,,0
U104752,2025-05-02,Referral,Ops Manager,Desktop,LATAM,51-200,1.177,6.95,True,False,Free,Free,,0
U102545,2025-05-02,Content,Ops Manager,Desktop,North America,11-50,1.395,15.76,False,False,Free,Free,,0
U106902,2025-05-02,Referral,Founder,Tablet,LATAM,1-10,1.37,7.46,True,False,Free,Free,,0
U103426,2025-05-02,Referral,Ops Manager,Desktop,North America,51-200,2.15,12.51,True,True,Paid,Starter,2025-05-03,19
U102418,2025-05-02,Referral,Ops Manager,Desktop,North America,11-50,1.801,4.51,False,False,Free,Free,,0
U101823,2025-05-02,Paid Search,Ops Manager,Desktop,LATAM,1000+,0.857,18.71,True,False,Free,Free,,0
U106865,2025-05-02,Organic Search,Ops Manager,Mobile,APAC,1000+,1.052,9.45,False,False,Free,Free,,0
U104142,2025-05-02,Organic Search,Ops Manager,Desktop,LATAM,51-200,1.159,7.0,True,True,Trial,Free,,0
U101869,2025-05-02,Organic Search,Ops Manager,Desktop,Europe,1-10,1.568,5.2,True,False,Free,Free,,0
U107702,2025-05-02,Organic Search,Founder,Mobile,North America,1000+,0.921,12.98,False,False,Free,Free,,0
U102029,2025-05-02,Paid Search,Student / Hobby,Desktop,Europe,201-1000,0.452,81.68,False,False,Free,Free,,0
U102460,2025-05-02,Paid Search,Sales Team,Desktop,North America,1-10,0.465,21.53,False,False,Free,Free,,0
U104455,2025-05-02,Referral,Founder,Desktop,North America,11-50,1.522,38.55,False,False,Free,Free,,0
U101680,2025-05-02,Paid Search,Ops Manager,Desktop,APAC,11-50,1.052,16.29,False,False,Free,Free,,0
U100696,2025-05-02,Referral,Student / Hobby,Desktop,North America,11-50,0.549,18.88,True,False,Free,Free,,0
U106422,2025-05-02,Organic Search,Marketing Team,Desktop,North America,1-10,1.224,16.49,True,False,Free,Free,,0
U105188,2025-05-02,Organic Search,Student / Hobby,Desktop,North America,11-50,0.25,65.22,False,False,Free,Free,,0
U108098,2025-05-02,Paid Search,Student / Hobby,Desktop,North America,51-200,0.25,190.72,False,False,Free,Free,,0
U103904,2025-05-02,Paid Search,Ops Manager,Desktop,APAC,201-1000,0.733,12.23,False,False,Free,Free,,0
U105601,2025-05-03,Organic Search,Student / Hobby,Tablet,Europe,51-200,0.331,39.91,False,False,Free,Free,,0
U103278,2025-05-03,Social,Student / Hobby,Desktop,North America,1-10,0.717,25.95,False,False,Free,Free,,0
U100979,2025-05-03,Referral,Marketing Team,Mobile,Europe,11-50,1.069,12.01,True,True,Paid,Growth,2025-05-08,59
U101748,2025-05-03,Paid Search,Marketing Team,Mobile,Europe,11-50,0.776,19.63,False,False,Free,Free,,0
U100328,2025-05-03,Content,Marketing Team,Desktop,North America,1-10,0.727,11.79,False,False,Free,Free,,0
U101024,2025-05-03,Content,Marketing Team,Desktop,LATAM,1000+,1.175,14.69,False,False,Free,Free,,0
U104945,2025-05-03,Partnership,Sales Team,Desktop,LATAM,11-50,1.506,25.4,True,True,Trial,Free,,0
U102702,2025-05-03,Social,Founder,Mobile,Europe,11-50,0.665,5.23,False,False,Free,Free,,0
U102112,2025-05-03,Organic Search,Founder,Mobile,North America,51-200,0.857,21.01,False,False,Free,Free,,0
U102509,2025-05-03,Paid Search,Ops Manager,Desktop,Europe,1-10,1.397,5.09,False,False,Free,Free,,0
U102913,2025-05-03,Content,Sales Team,Tablet,Europe,1-10,1.118,10.0,False,False,Free,Free,,0
U104299,2025-05-03,Paid Search,Ops Manager,Desktop,North America,51-200,0.729,10.52,False,False,Free,Free,,0
U107114,2025-05-03,Organic Search,Sales Team,Mobile,APAC,201-1000,0.877,21.36,False,False,Free,Free,,0
U102076,2025-05-03,Content,Ops Manager,Desktop,North America,1-10,1.446,7.43,True,False,Free,Free,,0
U102136,2025-05-03,Organic Search,Marketing Team,Desktop,APAC,1-10,0.792,4.38,False,False,Free,Free,,0
U106317,2025-05-03,Paid Search,Marketing Team,Desktop,North America,11-50,0.547,24.64,False,False,Free,Free,,0
U107305,2025-05-03,Partnership,Ops Manager,Desktop,Europe,11-50,1.378,8.6,True,False,Free,Free,,0
U107505,2025-05-03,Paid Search,Ops Manager,Desktop,Europe,1-10,0.867,21.84,False,False,Free,Free,,0
U101739,2025-05-03,Organic Search,Marketing Team,Desktop,North America,51-200,0.513,22.92,False,False,Free,Free,,0
U106708,2025-05-03,Paid Search,Marketing Team,Mobile,MEA,1-10,0.692,37.13,False,False,Free,Free,,0
U106217,2025-05-03,Organic Search,Marketing Team,Desktop,Europe,51-200,0.623,15.3,True,False,Free,Free,,0
U101155,2025-05-03,Paid Search,Sales Team,Desktop,North America,11-50,0.677,41.51,False,False,Free,Free,,0
U105012,2025-05-03,Paid Search,Student / Hobby,Desktop,APAC,1-10,0.266,47.79,False,False,Free,Free,,0
U100582,2025-05-03,Organic Search,Student / Hobby,Mobile,North America,1-10,0.293,156.84,False,False,Free,Free,,0
U104254,2025-05-03,Social,Sales Team,Desktop,North America,1-10,0.741,19.12,False,False,Free,Free,,0
U106572,2025-05-03,Organic Search,Ops Manager,Desktop,Europe,11-50,1.082,21.63,False,False,Free,Free,,0
U104490,2025-05-03,Paid Search,Ops Manager,Tablet,Europe,51-200,1.031,7.9,False,False,Free,Free,,0
U100244,2025-05-03,Paid Search,Sales Team,Desktop,North America,51-200,0.383,46.1,False,False,Free,Free,,0
U100951,2025-05-03,Paid Search,Founder,Mobile,Europe,11-50,1.179,10.82,True,True,Paid,Growth,2025-05-05,59
U107547,2025-05-03,Social,Marketing Team,Desktop,Europe,1000+,0.364,98.02,False,False,Free,Free,,0
U103931,2025-05-03,Paid Search,Founder,Desktop,APAC,1-10,0.689,57.8,True,True,Paid,Growth,2025-05-03,59
U108072,2025-05-03,Organic Search,Ops Manager,Mobile,North America,1-10,1.125,38.69,True,True,Trial,Free,,0
U102251,2025-05-03,Content,Ops Manager,Desktop,Europe,1-10,1.346,8.28,False,False,Free,Free,,0
U100324,2025-05-04,Content,Founder,Desktop,North America,1-10,1.321,12.62,False,False,Free,Free,,0
U107251,2025-05-04,Paid Search,Founder,Mobile,North America,1-10,1.049,7.59,False,False,Free,Free,,0
U100961,2025-05-04,Paid Search,Founder,Desktop,Europe,1-10,1.037,36.17,False,False,Free,Free,,0
U102456,2025-05-04,Paid Search,Sales Team,Mobile,LATAM,1-10,0.74,26.55,False,False,Free,Free,,0
U104239,2025-05-04,Social,Marketing Team,Desktop,APAC,1-10,0.57,11.89,False,False,Free,Free,,0
U102240,2025-05-04,Organic Search,Founder,Desktop,APAC,11-50,1.389,4.03,False,False,Free,Free,,0
U101333,2025-05-04,Paid Search,Sales Team,Desktop,North America,201-1000,0.861,12.32,True,True,Paid,Starter,2025-05-07,19
U105705,2025-05-04,Social,Marketing Team,Desktop,APAC,51-200,0.384,51.49,False,False,Free,Free,,0
U102414,2025-05-04,Referral,Sales Team,Mobile,Europe,201-1000,1.027,26.76,True,True,Trial,Free,,0
U106415,2025-05-04,Organic Search,Founder,Tablet,North America,11-50,1.467,14.59,False,False,Free,Free,,0
U105693,2025-05-04,Organic Search,Ops Manager,Desktop,North America,1-10,1.324,7.28,True,False,Free,Free,,0
U107401,2025-05-04,Paid Search,Founder,Desktop,APAC,1-10,1.064,25.32,True,False,Free,Free,,0
U101448,2025-05-04,Paid Search,Ops Manager,Desktop,Europe,11-50,1.087,2.75,False,False,Free,Free,,0
U101397,2025-05-04,Organic Search,Founder,Desktop,North America,1-10,0.944,32.57,False,False,Free,Free,,0
U106129,2025-05-04,Paid Search,Marketing Team,Desktop,Europe,1-10,0.421,20.09,False,False,Free,Free,,0
U104169,2025-05-04,Referral,Ops Manager,Desktop,Europe,1-10,1.383,19.92,True,True,Trial,Free,,0
U107891,2025-05-04,Referral,Sales Team,Tablet,North America,1-10,1.1,16.65,False,False,Free,Free,,0
U105512,2025-05-04,Organic Search,Ops Manager,Mobile,North America,11-50,1.3,21.59,False,False,Free,Free,,0
U105449,2025-05-04,Paid Search,Ops Manager,Desktop,APAC,201-1000,1.336,10.04,True,True,Paid,Starter,2025-05-09,19
U103640,2025-05-04,Organic Search,Founder,Desktop,Europe,51-200,1.221,15.19,True,True,Paid,Starter,2025-05-10,19
U107169,2025-05-04,Social,Marketing Team,Desktop,APAC,11-50,0.25,94.87,False,False,Free,Free,,0
U103927,2025-05-04,Paid Search,Marketing Team,Mobile,APAC,11-50,0.905,29.03,False,False,Free,Free,,0
U107373,2025-05-04,Social,Sales Team,Mobile,APAC,1-10,0.804,8.49,False,False,Free,Free,,0
U100303,2025-05-04,Social,Sales Team,Mobile,Europe,201-1000,0.712,7.18,False,False,Free,Free,,0
U101383,2025-05-04,Paid Search,Ops Manager,Desktop,LATAM,1-10,0.863,7.92,False,False,Free,Free,,0
U107346,2025-05-04,Paid Search,Marketing Team,Desktop,North America,51-200,0.702,18.35,False,False,Free,Free,,0
U106098,2025-05-04,Paid Search,Founder,Desktop,North America,1-10,1.08,11.23,False,False,Free,Free,,0
U105973,2025-05-04,Organic Search,Marketing Team,Mobile,MEA,11-50,1.212,17.18,True,True,Trial,Free,,0
U104417,2025-05-04,Content,Founder,Mobile,North America,11-50,1.468,9.89,False,False,Free,Free,,0
U100818,2025-05-04,Paid Search,Sales Team,Mobile,Europe,201-1000,1.112,41.81,False,False,Free,Free,,0
U104477,2025-05-04,Organic Search,Marketing Team,Desktop,North America,1-10,1.022,28.5,False,False,Free,Free,,0
U100690,2025-05-05,Organic Search,Marketing Team,Desktop,Europe,1000+,0.943,19.66,False,False,Free,Free,,0
U108179,2025-05-05,Social,Ops Manager,Desktop,North America,1-10,0.786,14.38,False,False,Free,Free,,0
U107717,2025-05-05,Social,Ops Manager,Desktop,North America,1-10,0.624,46.25,False,False,Free,Free,,0
U108174,2025-05-05,Social,Founder,Mobile,APAC,51-200,0.482,16.9,False,False,Free,Free,,0
U105982,2025-05-05,Paid Search,Ops Manager,Desktop,Europe,1000+,0.918,37.29,True,False,Free,Free,,0
U103823,2025-05-05,Organic Search,Marketing Team,Desktop,Europe,1-10,0.921,16.8,True,False,Free,Free,,0
U101462,2025-05-05,Referral,Ops Manager,Mobile,Europe,1-10,2.061,17.07,True,True,Trial,Free,,0
U104087,2025-05-05,Content,Founder,Mobile,North America,51-200,1.304,6.15,True,True,Trial,Free,,0
U102444,2025-05-05,Referral,Ops Manager,Desktop,North America,51-200,1.696,4.12,True,True,Paid,Growth,2025-05-13,59
U107456,2025-05-05,Referral,Founder,Desktop,APAC,1-10,1.352,6.25,True,True,Paid,Starter,2025-05-11,19
U100570,2025-05-05,Organic Search,Sales Team,Mobile,North America,1-10,1.157,59.43,True,False,Free,Free,,0
U107789,2025-05-05,Social,Ops Manager,Mobile,APAC,1-10,1.212,3.92,False,False,Free,Free,,0
U104005,2025-05-05,Organic Search,Ops Manager,Mobile,Europe,1-10,1.416,23.9,True,True,Trial,Free,,0
U106967,2025-05-05,Referral,Founder,Mobile,Europe,51-200,1.936,7.47,True,False,Free,Free,,0
U101168,2025-05-05,Paid Search,Founder,Desktop,APAC,11-50,0.858,19.77,False,False,Free,Free,,0
U104819,2025-05-05,Organic Search,Marketing Team,Mobile,North America,1-10,0.632,25.28,False,False,Free,Free,,0
U104085,2025-05-05,Referral,Ops Manager,Desktop,LATAM,11-50,1.649,8.4,True,False,Free,Free,,0
U108396,2025-05-05,Organic Search,Ops Manager,Mobile,North America,1-10,1.896,15.27,False,False,Free,Free,,0
U104152,2025-05-05,Paid Search,Founder,Mobile,North America,11-50,1.126,16.05,False,False,Free,Free,,0
U107255,2025-05-05,Organic Search,Founder,Desktop,LATAM,1-10,0.917,21.74,False,False,Free,Free,,0
U102788,2025-05-05,Paid Search,Sales Team,Mobile,Europe,201-1000,0.949,10.25,True,False,Free,Free,,0
U107207,2025-05-06,Organic Search,Student / Hobby,Desktop,APAC,1000+,0.521,73.97,False,False,Free,Free,,0
U100924,2025-05-06,Organic Search,Ops Manager,Mobile,Europe,1-10,1.265,40.98,True,False,Free,Free,,0
U107747,2025-05-06,Content,Ops Manager,Mobile,North America,11-50,1.687,30.98,False,False,Free,Free,,0
U104362,2025-05-06,Partnership,Ops Manager,Mobile,Europe,1-10,1.584,8.38,False,False,Free,Free,,0
U108063,2025-05-06,Organic Search,Ops Manager,Mobile,North America,1-10,1.016,28.01,True,False,Free,Free,,0
U107875,2025-05-06,Paid Search,Ops Manager,Desktop,North America,11-50,0.838,39.7,False,False,Free,Free,,0
U101418,2025-05-06,Organic Search,Sales Team,Desktop,North America,201-1000,0.824,6.21,False,False,Free,Free,,0
U103694,2025-05-06,Organic Search,Ops Manager,Desktop,North America,51-200,1.196,13.82,False,False,Free,Free,,0
U101059,2025-05-06,Social,Founder,Mobile,MEA,1-10,0.735,16.07,False,False,Free,Free,,0
U104722,2025-05-06,Partnership,Sales Team,Mobile,Europe,11-50,0.943,10.57,True,False,Free,Free,,0
U103542,2025-05-06,Referral,Marketing Team,Desktop,Europe,11-50,1.104,19.04,False,False,Free,Free,,0
U106732,2025-05-06,Partnership,Sales Team,Desktop,APAC,51-200,1.229,12.29,False,False,Free,Free,,0
U103127,2025-05-06,Organic Search,Marketing Team,Desktop,North America,11-50,1.298,4.04,True,False,Free,Free,,0
U101077,2025-05-06,Organic Search,Sales Team,Desktop,North America,1-10,0.945,28.28,True,False,Free,Free,,0
U102966,2025-05-06,Referral,Founder,Desktop,APAC,201-1000,1.03,24.47,True,True,Paid,Starter,2025-05-09,19
U107405,2025-05-06,Organic Search,Founder,Desktop,MEA,11-50,1.33,6.03,True,False,Free,Free,,0
U103519,2025-05-06,Organic Search,Founder,Tablet,APAC,1-10,1.157,16.43,False,False,Free,Free,,0
U108322,2025-05-06,Paid Search,Ops Manager,Desktop,Europe,51-200,1.126,8.05,False,False,Free,Free,,0
U102551,2025-05-06,Social,Sales Team,Mobile,North America,51-200,0.784,22.58,False,False,Free,Free,,0
U105200,2025-05-06,Paid Search,Ops Manager,Desktop,North America,1-10,0.959,28.07,True,True,Trial,Free,,0
U105691,2025-05-07,Organic Search,Marketing Team,Tablet,Europe,51-200,0.585,99.05,False,False,Free,Free,,0
U104034,2025-05-07,Organic Search,Founder,Mobile,Europe,1-10,1.334,27.06,False,False,Free,Free,,0
U108397,2025-05-07,Referral,Founder,Desktop,North America,51-200,1.36,41.71,True,True,Trial,Free,,0
U108007,2025-05-07,Organic Search,Founder,Tablet,Europe,11-50,1.835,11.5,True,False,Free,Free,,0
U104053,2025-05-07,Paid Search,Founder,Desktop,North America,51-200,0.703,27.16,False,False,Free,Free,,0
U107851,2025-05-07,Organic Search,Founder,Desktop,North America,1-10,0.975,8.1,True,True,Trial,Free,,0
U107341,2025-05-07,Referral,Founder,Desktop,MEA,51-200,1.526,20.49,True,True,Trial,Free,,0
U105605,2025-05-07,Organic Search,Ops Manager,Desktop,North America,1-10,1.455,15.8,False,False,Free,Free,,0
U106778,2025-05-07,Paid Search,Marketing Team,Desktop,North America,51-200,1.28,25.82,False,False,Free,Free,,0
U103313,2025-05-07,Paid Search,Ops Manager,Desktop,North America,201-1000,0.99,16.01,False,False,Free,Free,,0
U102048,2025-05-07,Referral,Marketing Team,Desktop,North America,51-200,1.284,20.14,False,False,Free,Free,,0
U104756,2025-05-07,Paid Search,Sales Team,Mobile,North America,51-200,0.627,53.95,False,False,Free,Free,,0
U103826,2025-05-07,Content,Sales Team,Desktop,North America,11-50,1.016,10.14,True,False,Free,Free,,0
U107512,2025-05-07,Paid Search,Founder,Desktop,North America,51-200,0.527,23.02,False,False,Free,Free,,0
U103089,2025-05-07,Content,Ops Manager,Tablet,North America,51-200,1.052,9.43,False,False,Free,Free,,0
U102575,2025-05-07,Content,Student / Hobby,Mobile,North America,1-10,0.349,108.57,False,False,Free,Free,,0
U107263,2025-05-07,Referral,Founder,Desktop,North America,51-200,1.22,15.26,True,True,Trial,Free,,0
U103918,2025-05-07,Organic Search,Founder,Desktop,APAC,11-50,1.327,45.71,True,True,Paid,Starter,2025-05-12,19
U106052,2025-05-07,Organic Search,Student / Hobby,Desktop,APAC,11-50,0.611,4.92,False,False,Free,Free,,0
U108316,2025-05-07,Paid Search,Sales Team,Tablet,Europe,11-50,0.693,85.54,False,False,Free,Free,,0
U105957,2025-05-07,Referral,Ops Manager,Desktop,North America,51-200,1.657,3.25,True,True,Paid,Growth,2025-05-07,59
U107172,2025-05-07,Referral,Founder,Desktop,Europe,1-10,1.529,1.03,False,False,Free,Free,,0
U101816,2025-05-07,Paid Search,Founder,Desktop,North America,11-50,0.823,22.95,False,False,Free,Free,,0
U101417,2025-05-07,Paid Search,Founder,Desktop,MEA,11-50,0.716,40.54,False,False,Free,Free,,0
U103909,2025-05-07,Paid Search,Sales Team,Desktop,North America,1-10,0.763,4.74,False,False,Free,Free,,0
U101879,2025-05-07,Paid Search,Founder,Desktop,APAC,11-50,0.894,15.45,True,False,Free,Free,,0
U101957,2025-05-08,Paid Search,Sales Team,Desktop,APAC,1-10,0.915,9.77,False,False,Free,Free,,0
U102994,2025-05-08,Referral,Sales Team,Desktop,LATAM,11-50,1.653,13.19,True,False,Free,Free,,0
U108460,2025-05-08,Paid Search,Founder,Desktop,Europe,51-200,1.021,26.65,False,False,Free,Free,,0
U107545,2025-05-08,Organic Search,Student / Hobby,Desktop,North America,201-1000,0.491,20.22,False,False,Free,Free,,0
U107483,2025-05-08,Content,Sales Team,Desktop,North America,11-50,1.444,23.56,True,True,Paid,Growth,2025-05-14,59
U104618,2025-05-08,Organic Search,Founder,Desktop,North America,51-200,1.31,26.63,False,False,Free,Free,,0
U105542,2025-05-08,Partnership,Founder,Desktop,North America,1-10,1.222,23.8,False,False,Free,Free,,0
U108049,2025-05-08,Social,Marketing Team,Desktop,MEA,11-50,0.649,68.87,True,False,Free,Free,,0
U104322,2025-05-08,Referral,Founder,Desktop,APAC,1-10,1.414,5.86,False,False,Free,Free,,0
U108372,2025-05-08,Paid Search,Sales Team,Desktop,Europe,201-1000,0.744,1.97,True,False,Free,Free,,0
U100496,2025-05-08,Content,Founder,Desktop,Europe,51-200,1.277,11.24,True,False,Free,Free,,0
U105545,2025-05-08,Paid Search,Marketing Team,Tablet,North America,11-50,0.597,23.46,False,False,Free,Free,,0
U102883,2025-05-08,Social,Marketing Team,Desktop,North America,11-50,0.686,15.22,False,False,Free,Free,,0
U101533,2025-05-08,Paid Search,Marketing Team,Mobile,North America,11-50,0.8,39.81,False,False,Free,Free,,0
U107660,2025-05-08,Referral,Ops Manager,Desktop,APAC,1-10,1.697,11.02,True,True,Trial,Free,,0
U105058,2025-05-08,Organic Search,Founder,Mobile,APAC,11-50,1.093,30.49,True,False,Free,Free,,0
U102988,2025-05-08,Paid Search,Student / Hobby,Desktop,Europe,11-50,0.25,124.39,False,False,Free,Free,,0
U104326,2025-05-08,Social,Founder,Desktop,Europe,201-1000,0.766,9.45,False,False,Free,Free,,0
U105057,2025-05-08,Organic Search,Founder,Mobile,Europe,51-200,1.3,21.84,True,False,Free,Free,,0
U108426,2025-05-08,Organic Search,Ops Manager,Desktop,North America,51-200,1.158,18.54,True,True,Trial,Free,,0
U102885,2025-05-08,Social,Marketing Team,Desktop,Europe,51-200,0.887,27.29,False,False,Free,Free,,0
U105835,2025-05-08,Content,Founder,Mobile,Europe,11-50,1.233,21.75,True,False,Free,Free,,0
U102519,2025-05-08,Social,Student / Hobby,Desktop,MEA,201-1000,0.25,127.65,False,False,Free,Free,,0
U106958,2025-05-08,Social,Sales Team,Desktop,APAC,11-50,0.773,19.27,True,False,Free,Free,,0
U107375,2025-05-08,Referral,Founder,Desktop,Europe,51-200,1.512,16.05,True,False,Free,Free,,0
U104016,2025-05-08,Partnership,Ops Manager,Desktop,North America,1-10,1.586,13.16,True,True,Paid,Starter,2025-05-11,19
U105712,2025-05-08,Paid Search,Marketing Team,Tablet,North America,201-1000,0.25,118.21,False,False,Free,Free,,0
U103387,2025-05-08,Social,Sales Team,Desktop,North America,201-1000,0.924,23.4,False,False,Free,Free,,0
U101914,2025-05-08,Organic Search,Sales Team,Desktop,North America,1-10,1.048,19.74,True,False,Free,Free,,0
U101202,2025-05-08,Content,Founder,Desktop,APAC,1-10,1.33,2.78,False,False,Free,Free,,0
U105674,2025-05-08,Paid Search,Founder,Desktop,APAC,51-200,0.584,14.96,True,False,Free,Free,,0
U104530,2025-05-08,Referral,Ops Manager,Desktop,APAC,51-200,2.15,21.17,True,False,Free,Free,,0
U105778,2025-05-08,Organic Search,Founder,Desktop,LATAM,11-50,1.082,22.21,True,False,Free,Free,,0
U108484,2025-05-08,Paid Search,Sales Team,Desktop,North America,11-50,0.655,72.04,True,False,Free,Free,,0
U107387,2025-05-08,Organic Search,Ops Manager,Desktop,APAC,1-10,1.093,32.97,False,False,Free,Free,,0
U102354,2025-05-08,Paid Search,Sales Team,Desktop,Europe,11-50,1.273,24.41,True,True,Paid,Scale,2025-05-13,149
U106943,2025-05-08,Organic Search,Ops Manager,Desktop,APAC,51-200,1.215,21.28,False,False,Free,Free,,0
U103473,2025-05-09,Organic Search,Ops Manager,Desktop,Europe,1-10,1.15,9.58,False,False,Free,Free,,0
U105125,2025-05-09,Referral,Ops Manager,Mobile,North America,11-50,1.825,11.92,True,True,Paid,Growth,2025-05-10,59
U103475,2025-05-09,Organic Search,Ops Manager,Desktop,North America,11-50,1.728,19.38,True,True,Paid,Starter,2025-05-09,19
U108162,2025-05-09,Organic Search,Sales Team,Mobile,APAC,11-50,1.112,7.14,False,False,Free,Free,,0
U100969,2025-05-09,Paid Search,Marketing Team,Desktop,Europe,1-10,0.628,11.75,False,False,Free,Free,,0
U103193,2025-05-09,Referral,Marketing Team,Mobile,Europe,11-50,1.266,8.52,True,False,Free,Free,,0
U101893,2025-05-09,Organic Search,Sales Team,Desktop,APAC,1-10,0.788,41.19,True,True,Trial,Free,,0
U107020,2025-05-09,Paid Search,Founder,Mobile,MEA,1-10,1.012,12.32,False,False,Free,Free,,0
U104876,2025-05-09,Organic Search,Ops Manager,Desktop,North America,51-200,0.977,15.97,False,False,Free,Free,,0
U100832,2025-05-09,Referral,Marketing Team,Mobile,APAC,1-10,0.961,65.67,False,False,Free,Free,,0
U103552,2025-05-09,Partnership,Ops Manager,Desktop,LATAM,11-50,1.36,13.35,False,False,Free,Free,,0
U106101,2025-05-09,Paid Search,Student / Hobby,Mobile,North America,1000+,0.774,7.9,False,False,Free,Free,,0
U104820,2025-05-09,Content,Marketing Team,Mobile,North America,1-10,0.351,27.87,False,False,Free,Free,,0
U100017,2025-05-09,Paid Search,Marketing Team,Desktop,North America,11-50,0.71,67.87,False,False,Free,Free,,0
U104193,2025-05-09,Organic Search,Ops Manager,Desktop,North America,1-10,1.348,4.63,True,False,Free,Free,,0
U107585,2025-05-09,Paid Search,Sales Team,Desktop,LATAM,11-50,0.59,30.15,False,False,Free,Free,,0
U107817,2025-05-09,Partnership,Sales Team,Desktop,North America,201-1000,1.243,9.97,False,False,Free,Free,,0
U107815,2025-05-09,Content,Marketing Team,Desktop,North America,51-200,1.186,11.24,False,False,Free,Free,,0
U104569,2025-05-09,Organic Search,Founder,Desktop,North America,1-10,1.691,14.15,True,False,Free,Free,,0
U101799,2025-05-09,Paid Search,Sales Team,Desktop,North America,1-10,0.828,12.0,False,False,Free,Free,,0
U106369,2025-05-09,Referral,Ops Manager,Tablet,North America,1-10,1.454,14.4,False,False,Free,Free,,0
U100066,2025-05-09,Partnership,Marketing Team,Mobile,Europe,51-200,1.191,5.27,False,False,Free,Free,,0
U105301,2025-05-09,Content,Sales Team,Tablet,LATAM,1000+,1.113,16.46,False,False,Free,Free,,0
U108137,2025-05-09,Social,Founder,Mobile,MEA,51-200,1.035,13.81,False,False,Free,Free,,0
U103252,2025-05-09,Paid Search,Sales Team,Desktop,North America,201-1000,0.729,14.03,False,False,Free,Free,,0
U104449,2025-05-09,Organic Search,Student / Hobby,Desktop,North America,11-50,0.638,21.77,False,False,Free,Free,,0
U100154,2025-05-09,Referral,Student / Hobby,Desktop,MEA,1-10,0.647,11.68,False,False,Free,Free,,0
U100920,2025-05-09,Social,Founder,Desktop,APAC,51-200,1.021,23.3,False,False,Free,Free,,0
U105859,2025-05-09,Social,Marketing Team,Desktop,North America,11-50,0.838,9.24,True,True,Trial,Free,,0
U101573,2025-05-09,Organic Search,Marketing Team,Mobile,Europe,1-10,1.014,12.82,False,False,Free,Free,,0
U105936,2025-05-09,Paid Search,Marketing Team,Desktop,North America,51-200,0.69,61.13,False,False,Free,Free,,0
U102497,2025-05-09,Organic Search,Founder,Desktop,APAC,1000+,1.55,15.34,False,False,Free,Free,,0
U105124,2025-05-09,Referral,Founder,Desktop,North America,1-10,1.504,33.67,False,False,Free,Free,,0
U100381,2025-05-09,Referral,Ops Manager,Desktop,North America,11-50,1.686,20.97,True,False,Free,Free,,0
U100611,2025-05-09,Content,Ops Manager,Desktop,North America,51-200,0.919,49.93,False,False,Free,Free,,0
U105405,2025-05-09,Paid Search,Marketing Team,Desktop,APAC,51-200,0.812,19.09,True,False,Free,Free,,0
U108365,2025-05-09,Organic Search,Sales Team,Desktop,Europe,11-50,0.715,13.69,False,False,Free,Free,,0
U101293,2025-05-09,Content,Founder,Desktop,North America,1-10,0.72,15.29,False,False,Free,Free,,0
U105288,2025-05-09,Social,Marketing Team,Tablet,APAC,51-200,0.682,27.24,False,False,Free,Free,,0
U107193,2025-05-09,Referral,Ops Manager,Desktop,APAC,1-10,1.344,3.39,True,False,Free,Free,,0
U104307,2025-05-09,Content,Founder,Desktop,North America,51-200,1.231,20.48,False,False,Free,Free,,0
U101126,2025-05-09,Referral,Student / Hobby,Desktop,LATAM,1-10,0.943,9.13,False,False,Free,Free,,0
U107703,2025-05-09,Referral,Founder,Desktop,North America,51-200,1.14,49.68,False,False,Free,Free,,0
U100165,2025-05-09,Organic Search,Founder,Mobile,APAC,201-1000,1.107,11.2,False,False,Free,Free,,0
U102400,2025-05-10,Referral,Ops Manager,Desktop,North America,201-1000,1.958,16.9,False,False,Free,Free,,0
U103246,2025-05-10,Organic Search,Founder,Mobile,APAC,1-10,1.11,10.94,False,False,Free,Free,,0
U107932,2025-05-10,Social,Founder,Desktop,North America,1-10,1.147,15.73,False,False,Free,Free,,0
U103384,2025-05-10,Organic Search,Marketing Team,Desktop,APAC,1-10,0.999,17.54,False,False,Free,Free,,0
U106826,2025-05-10,Social,Ops Manager,Mobile,North America,201-1000,1.148,34.57,True,True,Paid,Growth,2025-05-16,59
U104526,2025-05-10,Content,Ops Manager,Tablet,LATAM,1-10,1.618,16.13,True,False,Free,Free,,0
U102407,2025-05-10,Referral,Founder,Mobile,APAC,201-1000,1.655,23.92,True,False,Free,Free,,0
U102277,2025-05-10,Organic Search,Sales Team,Desktop,Europe,51-200,0.953,19.85,True,False,Free,Free,,0
U100629,2025-05-10,Organic Search,Founder,Desktop,Europe,51-200,1.036,19.77,False,False,Free,Free,,0
U105096,2025-05-10,Organic Search,Marketing Team,Desktop,North America,11-50,0.926,9.56,False,False,Free,Free,,0
U102733,2025-05-10,Paid Search,Sales Team,Desktop,North America,11-50,0.952,21.81,False,False,Free,Free,,0
U104176,2025-05-10,Paid Search,Founder,Desktop,North America,51-200,0.653,22.37,True,False,Free,Free,,0
U100079,2025-05-10,Organic Search,Sales Team,Desktop,North America,51-200,1.126,23.24,True,True,Trial,Free,,0
U106689,2025-05-10,Paid Search,Marketing Team,Mobile,LATAM,1-10,1.467,12.59,True,True,Paid,Starter,2025-05-16,19
U108499,2025-05-10,Social,Ops Manager,Tablet,Europe,1-10,0.912,8.14,False,False,Free,Free,,0
U106465,2025-05-10,Social,Marketing Team,Desktop,APAC,1-10,0.51,24.45,True,False,Free,Free,,0
U102720,2025-05-10,Organic Search,Marketing Team,Tablet,North America,201-1000,0.865,4.69,False,False,Free,Free,,0
U100228,2025-05-10,Organic Search,Founder,Desktop,LATAM,1-10,0.994,12.18,False,False,Free,Free,,0
U106700,2025-05-10,Referral,Sales Team,Mobile,Europe,51-200,1.306,14.8,False,False,Free,Free,,0
U106799,2025-05-10,Paid Search,Student / Hobby,Desktop,Europe,51-200,0.705,54.99,True,False,Free,Free,,0
U100542,2025-05-10,Organic Search,Founder,Desktop,Europe,201-1000,1.103,6.01,True,False,Free,Free,,0
U102868,2025-05-10,Organic Search,Ops Manager,Desktop,APAC,51-200,0.858,20.27,False,False,Free,Free,,0
U103197,2025-05-10,Content,Founder,Tablet,North America,1-10,0.972,9.79,False,False,Free,Free,,0
U104229,2025-05-10,Organic Search,Marketing Team,Desktop,North America,1-10,0.695,39.07,False,False,Free,Free,,0
U105606,2025-05-10,Social,Ops Manager,Desktop,North America,11-50,1.103,13.95,False,False,Free,Free,,0
U106796,2025-05-10,Social,Ops Manager,Desktop,Europe,1-10,0.795,29.7,True,False,Free,Free,,0
U101588,2025-05-10,Paid Search,Sales Team,Desktop,APAC,11-50,0.595,32.5,False,False,Free,Free,,0
U103432,2025-05-10,Content,Founder,Desktop,APAC,201-1000,1.378,20.74,False,False,Free,Free,,0
U106399,2025-05-10,Paid Search,Sales Team,Desktop,LATAM,1-10,0.709,38.11,False,False,Free,Free,,0
U102572,2025-05-10,Social,Founder,Desktop,APAC,1-10,0.691,38.76,True,False,Free,Free,,0
U104103,2025-05-11,Referral,Founder,Desktop,APAC,1-10,1.767,18.29,False,False,Free,Free,,0
U106975,2025-05-11,Organic Search,Marketing Team,Desktop,APAC,1-10,0.364,87.28,False,False,Free,Free,,0
U106548,2025-05-11,Organic Search,Ops Manager,Desktop,North America,1-10,1.825,13.52,False,False,Free,Free,,0
U106203,2025-05-11,Organic Search,Marketing Team,Mobile,APAC,201-1000,0.727,4.99,True,False,Free,Free,,0
U105053,2025-05-11,Referral,Ops Manager,Desktop,Europe,1-10,1.335,6.29,True,True,Trial,Free,,0
U107151,2025-05-11,Content,Ops Manager,Desktop,LATAM,51-200,1.316,14.98,False,False,Free,Free,,0
U103926,2025-05-11,Referral,Student / Hobby,Desktop,North America,11-50,0.693,64.99,True,False,Free,Free,,0
U108001,2025-05-11,Referral,Sales Team,Desktop,Europe,1-10,0.652,15.18,False,False,Free,Free,,0
U100706,2025-05-11,Social,Founder,Mobile,LATAM,201-1000,0.944,19.96,True,False,Free,Free,,0
U101880,2025-05-11,Organic Search,Sales Team,Desktop,Europe,51-200,1.138,20.94,True,True,Paid,Scale,2025-05-17,149
U101213,2025-05-11,Content,Founder,Mobile,North America,51-200,1.093,15.75,True,True,Paid,Growth,2025-05-16,59
U100067,2025-05-11,Organic Search,Ops Manager,Desktop,LATAM,11-50,1.394,5.04,True,True,Paid,Starter,2025-05-18,19
U103357,2025-05-11,Organic Search,Student / Hobby,Mobile,Europe,51-200,0.433,55.97,False,False,Free,Free,,0
U106286,2025-05-11,Paid Search,Ops Manager,Mobile,Europe,1-10,1.073,8.41,False,False,Free,Free,,0
U103452,2025-05-11,Social,Sales Team,Desktop,North America,1-10,0.718,43.38,False,False,Free,Free,,0
U102627,2025-05-11,Organic Search,Founder,Desktop,North America,51-200,1.086,19.76,False,False,Free,Free,,0
U103626,2025-05-11,Social,Marketing Team,Desktop,North America,51-200,0.588,17.28,False,False,Free,Free,,0
U102816,2025-05-11,Paid Search,Founder,Desktop,APAC,201-1000,1.045,7.44,True,False,Free,Free,,0
U107991,2025-05-11,Content,Student / Hobby,Desktop,Europe,11-50,0.731,20.31,True,True,Trial,Free,,0
U105222,2025-05-11,Organic Search,Founder,Desktop,APAC,51-200,1.106,11.37,True,False,Free,Free,,0
U105925,2025-05-11,Referral,Ops Manager,Mobile,Europe,1-10,1.327,10.41,True,True,Paid,Starter,2025-05-15,19
U101328,2025-05-12,Organic Search,Founder,Desktop,North America,11-50,1.457,7.33,False,False,Free,Free,,0
U100717,2025-05-12,Organic Search,Sales Team,Desktop,North America,51-200,1.349,11.91,True,False,Free,Free,,0
U101302,2025-05-12,Referral,Founder,Desktop,Europe,1-10,1.619,3.11,False,False,Free,Free,,0
U103431,2025-05-12,Organic Search,Marketing Team,Desktop,APAC,1-10,0.929,20.74,True,False,Free,Free,,0
U102933,2025-05-12,Referral,Ops Manager,Desktop,APAC,11-50,1.896,15.82,True,True,Trial,Free,,0
U105391,2025-05-12,Referral,Marketing Team,Desktop,North America,1-10,1.442,9.3,False,False,Free,Free,,0
U106162,2025-05-12,Social,Founder,Mobile,Europe,1-10,0.794,14.2,False,False,Free,Free,,0
U107265,2025-05-12,Content,Ops Manager,Mobile,APAC,51-200,1.261,25.46,True,True,Paid,Starter,2025-05-16,19
U106966,2025-05-12,Organic Search,Ops Manager,Desktop,North America,201-1000,1.109,13.98,True,False,Free,Free,,0
U108033,2025-05-12,Paid Search,Sales Team,Desktop,Europe,51-200,0.649,11.64,False,False,Free,Free,,0
U105142,2025-05-12,Content,Founder,Mobile,North America,51-200,1.372,10.31,False,False,Free,Free,,0
U103436,2025-05-12,Paid Search,Sales Team,Desktop,Europe,11-50,0.562,37.82,False,False,Free,Free,,0
U105240,2025-05-12,Referral,Sales Team,Desktop,North America,11-50,1.699,23.33,True,True,Trial,Free,,0
U105804,2025-05-12,Social,Marketing Team,Desktop,APAC,1000+,0.679,47.76,False,False,Free,Free,,0
U101344,2025-05-12,Social,Marketing Team,Desktop,APAC,1-10,1.048,2.93,True,True,Paid,Starter,2025-05-19,19
U101218,2025-05-12,Paid Search,Ops Manager,Mobile,Europe,1-10,1.162,5.68,False,False,Free,Free,,0
U103484,2025-05-12,Paid Search,Sales Team,Mobile,North America,1-10,0.899,24.61,False,False,Free,Free,,0
U103480,2025-05-12,Referral,Marketing Team,Mobile,North America,11-50,0.802,22.12,False,False,Free,Free,,0
U101724,2025-05-12,Organic Search,Sales Team,Desktop,Europe,51-200,0.833,3.54,False,False,Free,Free,,0
U100353,2025-05-12,Organic Search,Ops Manager,Desktop,Europe,1-10,1.342,21.13,False,False,Free,Free,,0
U106223,2025-05-12,Content,Student / Hobby,Mobile,North America,1-10,1.078,7.27,False,False,Free,Free,,0
U103242,2025-05-12,Paid Search,Founder,Mobile,North America,11-50,0.925,20.26,False,False,Free,Free,,0
U106870,2025-05-12,Organic Search,Founder,Desktop,LATAM,51-200,1.027,6.43,False,False,Free,Free,,0
U105101,2025-05-12,Social,Student / Hobby,Desktop,Europe,11-50,0.25,82.74,False,False,Free,Free,,0
U102995,2025-05-12,Social,Ops Manager,Desktop,Europe,1-10,0.985,2.06,False,False,Free,Free,,0
U103867,2025-05-12,Partnership,Sales Team,Desktop,LATAM,1000+,1.205,5.19,False,False,Free,Free,,0
U102265,2025-05-12,Organic Search,Ops Manager,Desktop,Europe,1-10,1.103,20.77,False,False,Free,Free,,0
U101317,2025-05-12,Referral,Ops Manager,Mobile,Europe,1-10,1.405,16.53,False,False,Free,Free,,0
U102522,2025-05-12,Organic Search,Founder,Mobile,North America,201-1000,0.844,52.46,False,False,Free,Free,,0
U101031,2025-05-12,Organic Search,Marketing Team,Desktop,MEA,11-50,0.86,14.71,True,True,Paid,Starter,2025-05-16,19
U105640,2025-05-12,Organic Search,Founder,Desktop,LATAM,11-50,1.319,20.66,False,False,Free,Free,,0
U103795,2025-05-12,Referral,Marketing Team,Desktop,Europe,11-50,1.364,19.11,True,True,Paid,Growth,2025-05-19,59
U102192,2025-05-12,Organic Search,Founder,Desktop,North America,201-1000,0.819,39.47,False,False,Free,Free,,0
U106938,2025-05-12,Paid Search,Marketing Team,Desktop,North America,11-50,0.619,18.09,False,False,Free,Free,,0
U103813,2025-05-12,Referral,Student / Hobby,Desktop,LATAM,51-200,0.594,21.18,False,False,Free,Free,,0
U102176,2025-05-13,Social,Founder,Desktop,Europe,1-10,0.738,28.66,False,False,Free,Free,,0
U106474,2025-05-13,Content,Sales Team,Mobile,North America,1-10,0.91,27.7,True,False,Free,Free,,0
U103811,2025-05-13,Referral,Ops Manager,Desktop,North America,11-50,1.648,33.54,True,False,Free,Free,,0
U108260,2025-05-13,Organic Search,Sales Team,Desktop,North America,51-200,0.731,18.66,True,False,Free,Free,,0
U106872,2025-05-13,Referral,Founder,Desktop,North America,1000+,1.556,0.6,True,False,Free,Free,,0
U105844,2025-05-13,Social,Ops Manager,Desktop,North America,11-50,0.672,74.32,False,False,Free,Free,,0
U104715,2025-05-13,Organic Search,Marketing Team,Desktop,North America,11-50,0.669,34.13,False,False,Free,Free,,0
U100836,2025-05-13,Social,Ops Manager,Mobile,North America,201-1000,0.498,44.11,False,False,Free,Free,,0
U107760,2025-05-13,Paid Search,Marketing Team,Desktop,Europe,1-10,0.357,140.43,False,False,Free,Free,,0
U104015,2025-05-13,Social,Student / Hobby,Tablet,Europe,1-10,0.25,34.5,False,False,Free,Free,,0
U102658,2025-05-13,Content,Founder,Mobile,APAC,1-10,1.146,16.51,False,False,Free,Free,,0
U106240,2025-05-13,Paid Search,Ops Manager,Desktop,North America,11-50,1.078,10.34,False,False,Free,Free,,0
U100063,2025-05-13,Paid Search,Student / Hobby,Mobile,North America,11-50,0.349,63.55,False,False,Free,Free,,0
U104436,2025-05-13,Paid Search,Marketing Team,Mobile,North America,1-10,0.818,39.08,False,False,Free,Free,,0
U101290,2025-05-13,Social,Marketing Team,Desktop,Europe,1-10,0.596,38.17,False,False,Free,Free,,0
U102910,2025-05-13,Organic Search,Marketing Team,Desktop,APAC,1-10,1.377,36.27,True,True,Paid,Growth,2025-05-14,59
U100490,2025-05-13,Social,Sales Team,Desktop,Europe,1-10,0.604,16.66,False,False,Free,Free,,0
U104215,2025-05-13,Organic Search,Founder,Desktop,North America,11-50,1.282,15.85,True,False,Free,Free,,0
U102339,2025-05-13,Referral,Marketing Team,Desktop,North America,11-50,0.676,25.03,False,False,Free,Free,,0
U103259,2025-05-13,Referral,Student / Hobby,Desktop,Europe,11-50,0.305,95.67,False,False,Free,Free,,0
U107108,2025-05-13,Paid Search,Ops Manager,Mobile,APAC,1-10,1.184,56.2,True,False,Free,Free,,0
U108382,2025-05-13,Paid Search,Sales Team,Desktop,North America,1000+,0.701,44.62,True,False,Free,Free,,0
U108328,2025-05-13,Organic Search,Founder,Desktop,North America,11-50,1.047,35.27,True,True,Trial,Free,,0
U108342,2025-05-13,Paid Search,Founder,Tablet,Europe,1-10,0.875,19.24,False,False,Free,Free,,0
U101572,2025-05-13,Paid Search,Founder,Desktop,APAC,11-50,1.223,15.07,False,False,Free,Free,,0
U106970,2025-05-13,Paid Search,Marketing Team,Desktop,North America,11-50,0.773,31.92,False,False,Free,Free,,0
U108390,2025-05-13,Social,Student / Hobby,Desktop,North America,11-50,0.409,24.48,False,False,Free,Free,,0
U103506,2025-05-13,Referral,Ops Manager,Mobile,North America,1-10,1.297,21.26,False,False,Free,Free,,0
U101201,2025-05-13,Organic Search,Marketing Team,Desktop,North America,1-10,1.067,6.8,True,True,Paid,Starter,2025-05-15,19
U101399,2025-05-13,Organic Search,Sales Team,Desktop,APAC,1-10,1.09,37.06,False,False,Free,Free,,0
U101842,2025-05-14,Social,Student / Hobby,Mobile,North America,1-10,0.507,73.86,False,False,Free,Free,,0
U100864,2025-05-14,Organic Search,Founder,Desktop,North America,11-50,1.043,16.02,False,False,Free,Free,,0
U106003,2025-05-14,Paid Search,Marketing Team,Desktop,North America,1000+,0.879,8.74,False,False,Free,Free,,0
U105520,2025-05-14,Referral,Sales Team,Mobile,North America,11-50,0.878,8.95,False,False,Free,Free,,0
U100144,2025-05-14,Organic Search,Ops Manager,Mobile,North America,11-50,1.11,6.07,False,False,Free,Free,,0
U101797,2025-05-14,Content,Marketing Team,Mobile,LATAM,1-10,0.681,34.58,False,False,Free,Free,,0
U106058,2025-05-14,Organic Search,Sales Team,Desktop,North America,1-10,0.82,31.41,True,False,Free,Free,,0
U107241,2025-05-14,Paid Search,Founder,Desktop,North America,1-10,0.988,38.47,False,False,Free,Free,,0
U100058,2025-05-14,Referral,Founder,Desktop,North America,51-200,1.023,10.11,True,False,Free,Free,,0
U104768,2025-05-14,Organic Search,Sales Team,Desktop,Europe,201-1000,1.372,12.94,True,True,Trial,Free,,0
U105595,2025-05-14,Organic Search,Ops Manager,Desktop,LATAM,1-10,1.419,7.92,False,False,Free,Free,,0
U103024,2025-05-14,Social,Founder,Mobile,Europe,11-50,0.461,16.09,False,False,Free,Free,,0
U102625,2025-05-14,Paid Search,Sales Team,Desktop,North America,1-10,0.498,84.79,False,False,Free,Free,,0
U100285,2025-05-14,Paid Search,Student / Hobby,Desktop,North America,1-10,0.379,20.23,False,False,Free,Free,,0
U102446,2025-05-14,Paid Search,Student / Hobby,Mobile,APAC,1-10,0.636,24.92,False,False,Free,Free,,0
U108178,2025-05-14,Social,Founder,Desktop,Europe,1-10,0.918,9.58,False,False,Free,Free,,0
U101618,2025-05-14,Organic Search,Ops Manager,Desktop,Europe,11-50,1.685,8.87,False,False,Free,Free,,0
U100772,2025-05-14,Content,Founder,Desktop,North America,51-200,0.942,25.31,True,False,Free,Free,,0
U105587,2025-05-14,Organic Search,Sales Team,Mobile,APAC,11-50,1.015,10.96,False,False,Free,Free,,0
U104343,2025-05-14,Social,Student / Hobby,Desktop,Europe,1-10,0.702,62.82,True,False,Free,Free,,0
U103678,2025-05-14,Social,Founder,Mobile,Europe,1-10,0.276,22.43,False,False,Free,Free,,0
U103502,2025-05-14,Organic Search,Founder,Desktop,Europe,11-50,1.161,34.96,True,False,Free,Free,,0
U107163,2025-05-14,Paid Search,Founder,Mobile,North America,1-10,0.904,60.49,False,False,Free,Free,,0
U106164,2025-05-14,Organic Search,Ops Manager,Desktop,APAC,11-50,1.65,4.8,True,True,Paid,Growth,2025-05-17,59
U101446,2025-05-14,Partnership,Sales Team,Desktop,LATAM,11-50,1.016,10.69,True,False,Free,Free,,0
U103703,2025-05-15,Referral,Ops Manager,Mobile,APAC,11-50,1.836,29.72,True,True,Trial,Free,,0
U107103,2025-05-15,Paid Search,Founder,Desktop,Europe,1-10,0.921,15.42,False,False,Free,Free,,0
U107092,2025-05-15,Partnership,Ops Manager,Tablet,APAC,1-10,1.418,21.58,False,False,Free,Free,,0
U102969,2025-05-15,Social,Ops Manager,Mobile,Europe,11-50,1.281,31.47,False,False,Free,Free,,0
U105452,2025-05-15,Organic Search,Founder,Desktop,Europe,1-10,1.481,3.28,True,False,Free,Free,,0
U106933,2025-05-15,Organic Search,Founder,Desktop,North America,1-10,0.959,24.33,False,False,Free,Free,,0
U105190,2025-05-15,Paid Search,Ops Manager,Desktop,LATAM,1-10,1.029,3.07,False,False,Free,Free,,0
U108218,2025-05-15,Organic Search,Founder,Desktop,Europe,201-1000,1.465,8.44,False,False,Free,Free,,0
U102329,2025-05-15,Organic Search,Ops Manager,Desktop,Europe,1-10,1.212,34.75,True,False,Free,Free,,0
U102669,2025-05-15,Referral,Ops Manager,Tablet,North America,11-50,1.52,2.27,True,True,Trial,Free,,0
U107604,2025-05-15,Social,Sales Team,Tablet,APAC,11-50,0.895,16.03,False,False,Free,Free,,0
U107639,2025-05-15,Partnership,Founder,Desktop,Europe,1-10,1.542,6.1,True,False,Free,Free,,0
U100354,2025-05-15,Referral,Ops Manager,Desktop,North America,1000+,1.952,6.43,False,False,Free,Free,,0
U102643,2025-05-15,Organic Search,Ops Manager,Mobile,Europe,1-10,1.526,23.92,True,False,Free,Free,,0
U107289,2025-05-15,Social,Ops Manager,Desktop,North America,11-50,1.009,24.56,False,False,Free,Free,,0
U106825,2025-05-15,Content,Sales Team,Desktop,APAC,1-10,0.612,23.99,False,False,Free,Free,,0
U100461,2025-05-15,Paid Search,Sales Team,Desktop,North America,1-10,0.751,19.14,True,False,Free,Free,,0
U100672,2025-05-15,Partnership,Sales Team,Desktop,North America,201-1000,1.042,17.29,False,False,Free,Free,,0
U106083,2025-05-15,Social,Sales Team,Desktop,North America,11-50,0.525,51.58,False,False,Free,Free,,0
U103733,2025-05-15,Content,Marketing Team,Desktop,North America,11-50,1.125,43.89,True,False,Free,Free,,0
U102093,2025-05-15,Social,Sales Team,Desktop,North America,11-50,0.73,20.12,False,False,Free,Free,,0
U104078,2025-05-15,Paid Search,Student / Hobby,Mobile,North America,11-50,0.463,67.55,True,False,Free,Free,,0
U100489,2025-05-15,Organic Search,Student / Hobby,Desktop,North America,1-10,0.776,16.82,True,True,Trial,Free,,0
U108153,2025-05-15,Organic Search,Marketing Team,Desktop,North America,1-10,1.129,11.04,False,False,Free,Free,,0
U105995,2025-05-15,Content,Founder,Desktop,MEA,51-200,1.29,13.71,True,True,Paid,Starter,2025-05-19,19
U106440,2025-05-15,Organic Search,Marketing Team,Mobile,North America,51-200,0.824,32.97,False,False,Free,Free,,0
U104659,2025-05-15,Content,Founder,Desktop,APAC,11-50,1.5,5.01,True,False,Free,Free,,0
U105479,2025-05-15,Social,Sales Team,Desktop,North America,11-50,0.52,42.23,False,False,Free,Free,,0
U105599,2025-05-15,Referral,Founder,Mobile,APAC,1-10,1.347,20.09,False,False,Free,Free,,0
U107462,2025-05-15,Paid Search,Founder,Desktop,North America,1-10,1.108,18.41,True,True,Paid,Starter,2025-05-16,19
U101963,2025-05-15,Content,Student / Hobby,Desktop,Europe,201-1000,0.639,16.45,False,False,Free,Free,,0
U104906,2025-05-15,Paid Search,Sales Team,Desktop,APAC,51-200,0.908,24.18,True,True,Paid,Growth,2025-05-19,59
U100465,2025-05-16,Referral,Founder,Mobile,Europe,1-10,1.177,16.6,True,False,Free,Free,,0
U107924,2025-05-16,Paid Search,Sales Team,Desktop,Europe,201-1000,0.513,11.2,False,False,Free,Free,,0
U107634,2025-05-16,Organic Search,Founder,Desktop,MEA,51-200,1.562,18.78,True,False,Free,Free,,0
U105678,2025-05-16,Organic Search,Ops Manager,Desktop,APAC,201-1000,1.171,8.16,False,False,Free,Free,,0
U104570,2025-05-16,Organic Search,Ops Manager,Tablet,North America,51-200,1.326,90.39,False,False,Free,Free,,0
U107822,2025-05-16,Paid Search,Ops Manager,Desktop,Europe,1-10,1.111,5.32,False,False,Free,Free,,0
U103670,2025-05-16,Organic Search,Sales Team,Desktop,North America,11-50,1.082,12.2,False,False,Free,Free,,0
U107354,2025-05-16,Referral,Student / Hobby,Desktop,Europe,11-50,0.457,62.16,False,False,Free,Free,,0
U106510,2025-05-16,Paid Search,Founder,Desktop,APAC,11-50,1.063,13.83,True,False,Free,Free,,0
U108376,2025-05-16,Organic Search,Ops Manager,Desktop,MEA,11-50,1.323,26.35,False,False,Free,Free,,0
U108084,2025-05-16,Organic Search,Ops Manager,Desktop,Europe,1000+,1.579,12.01,True,False,Free,Free,,0
U107408,2025-05-16,Content,Ops Manager,Desktop,North America,201-1000,1.398,5.92,True,False,Free,Free,,0
U108057,2025-05-16,Paid Search,Ops Manager,Desktop,MEA,11-50,1.319,11.19,False,False,Free,Free,,0
U106963,2025-05-16,Partnership,Sales Team,Desktop,APAC,1000+,1.741,13.13,True,True,Trial,Free,,0
U107700,2025-05-16,Organic Search,Ops Manager,Desktop,MEA,1000+,1.064,45.7,True,True,Paid,Growth,2025-05-21,59
U105277,2025-05-16,Organic Search,Sales Team,Desktop,LATAM,51-200,0.908,10.25,False,False,Free,Free,,0
U101265,2025-05-16,Paid Search,Founder,Desktop,LATAM,11-50,0.784,34.69,False,False,Free,Free,,0
U104435,2025-05-16,Content,Ops Manager,Mobile,MEA,1-10,1.176,7.91,True,False,Free,Free,,0
U106567,2025-05-16,Paid Search,Founder,Tablet,MEA,1-10,0.874,70.39,True,False,Free,Free,,0
U106730,2025-05-16,Organic Search,Ops Manager,Desktop,North America,1-10,1.124,37.69,False,False,Free,Free,,0
U102740,2025-05-16,Content,Sales Team,Desktop,North America,1-10,1.144,21.38,True,False,Free,Free,,0
U105082,2025-05-17,Paid Search,Sales Team,Desktop,North America,11-50,0.678,36.42,True,False,Free,Free,,0
U104155,2025-05-17,Referral,Student / Hobby,Mobile,North America,1-10,0.59,16.01,False,False,Free,Free,,0
U100880,2025-05-17,Referral,Sales Team,Desktop,Europe,1-10,1.215,7.39,False,False,Free,Free,,0
U101771,2025-05-17,Partnership,Sales Team,Desktop,North America,11-50,1.384,29.46,False,False,Free,Free,,0
U101756,2025-05-17,Paid Search,Ops Manager,Mobile,Europe,11-50,1.279,55.28,False,False,Free,Free,,0
U106503,2025-05-17,Content,Sales Team,Mobile,North America,11-50,1.443,9.63,True,True,Paid,Growth,2025-05-20,59
U100212,2025-05-17,Organic Search,Student / Hobby,Mobile,Europe,51-200,0.69,35.89,False,False,Free,Free,,0
U103983,2025-05-17,Referral,Student / Hobby,Desktop,MEA,201-1000,0.25,123.5,False,False,Free,Free,,0
U105857,2025-05-17,Organic Search,Marketing Team,Desktop,Europe,11-50,0.801,12.74,False,False,Free,Free,,0
U102796,2025-05-17,Social,Founder,Desktop,LATAM,201-1000,0.438,27.74,False,False,Free,Free,,0
U106328,2025-05-17,Organic Search,Founder,Mobile,North America,201-1000,0.944,14.38,False,False,Free,Free,,0
U106634,2025-05-17,Paid Search,Sales Team,Mobile,APAC,51-200,0.656,20.89,False,False,Free,Free,,0
U107154,2025-05-17,Referral,Founder,Desktop,North America,51-200,1.679,21.24,True,True,Paid,Growth,2025-05-17,59
U103293,2025-05-17,Partnership,Marketing Team,Mobile,North America,1-10,1.165,35.53,False,False,Free,Free,,0
U102331,2025-05-17,Organic Search,Founder,Desktop,APAC,201-1000,1.351,32.69,True,False,Free,Free,,0
U105997,2025-05-17,Referral,Ops Manager,Mobile,North America,1-10,1.985,5.14,False,False,Free,Free,,0
U104810,2025-05-17,Content,Ops Manager,Desktop,North America,11-50,1.467,4.69,True,True,Trial,Free,,0
U107853,2025-05-17,Organic Search,Marketing Team,Desktop,APAC,1-10,1.072,8.85,False,False,Free,Free,,0
U101901,2025-05-17,Social,Ops Manager,Mobile,North America,11-50,0.959,11.38,False,False,Free,Free,,0
U108122,2025-05-17,Organic Search,Sales Team,Mobile,APAC,51-200,1.067,8.2,True,True,Paid,Growth,2025-05-23,59
U103734,2025-05-17,Organic Search,Sales Team,Desktop,North America,201-1000,0.754,41.8,False,False,Free,Free,,0
U100114,2025-05-17,Paid Search,Founder,Desktop,North America,1-10,0.525,14.1,False,False,Free,Free,,0
U104665,2025-05-17,Social,Marketing Team,Mobile,North America,11-50,0.842,14.77,False,False,Free,Free,,0
U100133,2025-05-17,Referral,Founder,Desktop,Europe,11-50,1.336,33.71,False,False,Free,Free,,0
U101313,2025-05-17,Paid Search,Founder,Desktop,North America,11-50,1.005,11.78,False,False,Free,Free,,0
U105647,2025-05-17,Organic Search,Ops Manager,Desktop,Europe,11-50,1.636,10.46,False,False,Free,Free,,0
U101861,2025-05-18,Organic Search,Ops Manager,Desktop,Europe,1-10,1.781,8.14,True,True,Paid,Growth,2025-05-21,59
U107696,2025-05-18,Paid Search,Marketing Team,Desktop,North America,11-50,0.953,12.77,True,False,Free,Free,,0
U102684,2025-05-18,Organic Search,Sales Team,Desktop,Europe,201-1000,0.987,43.44,False,False,Free,Free,,0
U100814,2025-05-18,Content,Founder,Tablet,Europe,1-10,1.45,11.94,True,True,Trial,Free,,0
U108146,2025-05-18,Social,Sales Team,Mobile,LATAM,201-1000,0.653,9.0,False,False,Free,Free,,0
U100121,2025-05-18,Partnership,Founder,Desktop,Europe,1-10,1.659,5.13,False,False,Free,Free,,0
U108334,2025-05-18,Organic Search,Ops Manager,Mobile,APAC,11-50,1.248,7.59,True,True,Trial,Free,,0
U102675,2025-05-18,Organic Search,Founder,Mobile,North America,1-10,1.297,12.47,False,False,Free,Free,,0
U104390,2025-05-18,Paid Search,Founder,Desktop,North America,1-10,0.809,15.45,False,False,Free,Free,,0
U100929,2025-05-18,Referral,Student / Hobby,Mobile,North America,11-50,0.978,59.44,False,False,Free,Free,,0
U104458,2025-05-18,Referral,Ops Manager,Desktop,Europe,11-50,1.772,5.21,False,False,Free,Free,,0
U107897,2025-05-18,Content,Sales Team,Mobile,LATAM,1-10,1.231,13.65,True,True,Paid,Starter,2025-05-22,19
U101689,2025-05-18,Organic Search,Student / Hobby,Mobile,North America,11-50,0.554,76.02,True,False,Free,Free,,0
U107059,2025-05-18,Paid Search,Student / Hobby,Desktop,Europe,51-200,0.731,15.94,False,False,Free,Free,,0
U102449,2025-05-18,Partnership,Student / Hobby,Desktop,North America,1-10,0.326,129.56,False,False,Free,Free,,0
U108117,2025-05-18,Referral,Ops Manager,Mobile,North America,1-10,1.569,26.91,False,False,Free,Free,,0
U107746,2025-05-18,Partnership,Marketing Team,Mobile,MEA,11-50,0.858,53.92,True,False,Free,Free,,0
U108388,2025-05-18,Social,Marketing Team,Desktop,North America,201-1000,0.328,172.99,False,False,Free,Free,,0
U104874,2025-05-18,Organic Search,Ops Manager,Tablet,Europe,201-1000,1.455,18.48,True,False,Free,Free,,0
U106628,2025-05-18,Organic Search,Founder,Desktop,LATAM,1-10,1.221,7.06,True,True,Paid,Starter,2025-05-21,19
U105593,2025-05-18,Social,Ops Manager,Desktop,Europe,1000+,1.187,3.11,False,False,Free,Free,,0
U107510,2025-05-18,Organic Search,Ops Manager,Desktop,North America,11-50,1.415,14.62,False,False,Free,Free,,0
U102188,2025-05-18,Organic Search,Marketing Team,Desktop,Europe,201-1000,0.907,14.44,True,False,Free,Free,,0
U105296,2025-05-18,Organic Search,Founder,Desktop,LATAM,1-10,1.204,0.83,False,False,Free,Free,,0
U104975,2025-05-18,Referral,Founder,Desktop,Europe,11-50,1.383,9.41,False,False,Free,Free,,0
U106794,2025-05-18,Organic Search,Founder,Desktop,North America,11-50,0.948,30.75,False,False,Free,Free,,0
U106772,2025-05-18,Referral,Founder,Desktop,APAC,11-50,1.353,15.14,True,True,Trial,Free,,0
U107112,2025-05-18,Social,Ops Manager,Desktop,North America,11-50,0.813,18.88,False,False,Free,Free,,0
U101274,2025-05-18,Organic Search,Ops Manager,Mobile,North America,1000+,1.425,21.45,True,False,Free,Free,,0
U105684,2025-05-18,Referral,Ops Manager,Desktop,APAC,11-50,1.66,7.09,False,False,Free,Free,,0
U105344,2025-05-18,Organic Search,Founder,Mobile,MEA,11-50,1.332,13.56,True,True,Trial,Free,,0
U103363,2025-05-19,Referral,Founder,Mobile,LATAM,201-1000,1.407,2.22,True,True,Trial,Free,,0
U102254,2025-05-19,Paid Search,Ops Manager,Desktop,MEA,1-10,1.143,24.97,True,False,Free,Free,,0
U100130,2025-05-19,Content,Founder,Desktop,MEA,201-1000,0.965,28.68,False,False,Free,Free,,0
U104784,2025-05-19,Paid Search,Sales Team,Desktop,North America,1-10,0.936,17.1,False,False,Free,Free,,0
U102433,2025-05-19,Social,Ops Manager,Mobile,Europe,1-10,0.946,19.9,False,False,Free,Free,,0
U106500,2025-05-19,Content,Sales Team,Desktop,MEA,1-10,1.057,13.05,False,False,Free,Free,,0
U108010,2025-05-19,Social,Sales Team,Desktop,Europe,201-1000,0.393,90.23,False,False,Free,Free,,0
U102437,2025-05-19,Paid Search,Founder,Desktop,LATAM,201-1000,0.565,13.66,False,False,Free,Free,,0
U101232,2025-05-19,Organic Search,Ops Manager,Desktop,LATAM,11-50,1.042,3.7,True,False,Free,Free,,0
U101095,2025-05-19,Paid Search,Founder,Desktop,North America,11-50,0.995,11.37,False,False,Free,Free,,0
U102928,2025-05-19,Content,Student / Hobby,Desktop,Europe,11-50,0.613,26.5,False,False,Free,Free,,0
U105262,2025-05-19,Organic Search,Founder,Desktop,North America,1-10,0.882,22.32,True,True,Trial,Free,,0
U106538,2025-05-19,Content,Sales Team,Tablet,APAC,1-10,1.507,17.87,True,False,Free,Free,,0
U100578,2025-05-19,Partnership,Founder,Desktop,APAC,51-200,1.429,13.73,True,False,Free,Free,,0
U100559,2025-05-19,Social,Ops Manager,Desktop,APAC,11-50,0.895,21.45,False,False,Free,Free,,0
U107161,2025-05-19,Organic Search,Ops Manager,Desktop,North America,11-50,1.052,17.4,False,False,Free,Free,,0
U104064,2025-05-19,Partnership,Student / Hobby,Mobile,LATAM,1-10,0.889,18.71,False,False,Free,Free,,0
U102846,2025-05-19,Content,Marketing Team,Desktop,LATAM,1-10,0.847,46.3,False,False,Free,Free,,0
U102206,2025-05-19,Content,Ops Manager,Desktop,Europe,1-10,1.888,9.68,False,False,Free,Free,,0
U103932,2025-05-19,Paid Search,Student / Hobby,Desktop,North America,51-200,0.324,190.46,False,False,Free,Free,,0
U102536,2025-05-19,Organic Search,Founder,Desktop,North America,11-50,0.733,26.27,True,False,Free,Free,,0
U102450,2025-05-19,Organic Search,Sales Team,Desktop,North America,1-10,1.05,21.98,False,False,Free,Free,,0
U108056,2025-05-20,Partnership,Sales Team,Desktop,North America,1-10,1.153,14.14,False,False,Free,Free,,0
U100483,2025-05-20,Paid Search,Sales Team,Desktop,Europe,51-200,0.807,21.2,False,False,Free,Free,,0
U100773,2025-05-20,Content,Ops Manager,Desktop,North America,51-200,1.972,5.06,True,True,Trial,Free,,0
U104294,2025-05-20,Social,Founder,Mobile,North America,11-50,0.492,62.52,False,False,Free,Free,,0
U104097,2025-05-20,Organic Search,Student / Hobby,Desktop,North America,1-10,0.352,105.52,True,False,Free,Free,,0
U102469,2025-05-20,Referral,Founder,Desktop,Europe,11-50,1.244,14.13,False,False,Free,Free,,0
U104117,2025-05-20,Organic Search,Student / Hobby,Desktop,North America,11-50,0.649,6.05,False,False,Free,Free,,0
U100135,2025-05-20,Organic Search,Sales Team,Desktop,APAC,1-10,1.659,17.22,True,True,Paid,Growth,2025-05-27,59
U103491,2025-05-20,Social,Ops Manager,Desktop,APAC,11-50,1.082,37.34,False,False,Free,Free,,0
U105653,2025-05-20,Organic Search,Ops Manager,Tablet,North America,11-50,1.273,7.81,False,False,Free,Free,,0
U100659,2025-05-20,Paid Search,Sales Team,Desktop,APAC,51-200,1.072,20.4,False,False,Free,Free,,0
U106762,2025-05-20,Paid Search,Ops Manager,Desktop,APAC,51-200,1.043,13.01,False,False,Free,Free,,0
U103214,2025-05-20,Social,Sales Team,Mobile,APAC,11-50,0.883,8.02,True,False,Free,Free,,0
U104298,2025-05-20,Organic Search,Founder,Desktop,LATAM,1-10,1.082,41.48,True,False,Free,Free,,0
U106509,2025-05-20,Organic Search,Founder,Desktop,Europe,1-10,1.177,18.08,False,False,Free,Free,,0
U107812,2025-05-20,Referral,Ops Manager,Desktop,LATAM,1-10,1.239,5.56,False,False,Free,Free,,0
U103635,2025-05-20,Paid Search,Marketing Team,Mobile,Europe,1-10,0.941,9.13,False,False,Free,Free,,0
U103007,2025-05-20,Paid Search,Founder,Mobile,North America,51-200,1.159,5.07,True,True,Paid,Starter,2025-05-23,19
U105158,2025-05-20,Content,Marketing Team,Desktop,APAC,201-1000,0.683,25.9,False,False,Free,Free,,0
U100274,2025-05-20,Organic Search,Sales Team,Desktop,MEA,11-50,1.211,19.64,False,False,Free,Free,,0
U108403,2025-05-20,Paid Search,Student / Hobby,Mobile,Europe,11-50,0.414,24.57,True,False,Free,Free,,0
U104375,2025-05-20,Organic Search,Ops Manager,Mobile,North America,11-50,1.618,7.21,True,False,Free,Free,,0
U100698,2025-05-20,Content,Ops Manager,Mobile,North America,51-200,1.024,24.61,False,False,Free,Free,,0
U107409,2025-05-20,Content,Ops Manager,Desktop,North America,51-200,1.581,4.42,True,True,Trial,Free,,0
U104368,2025-05-20,Organic Search,Founder,Mobile,Europe,1-10,1.091,42.86,True,False,Free,Free,,0
U100393,2025-05-20,Referral,Founder,Mobile,North America,1-10,1.2,15.61,True,False,Free,Free,,0
U101280,2025-05-20,Social,Marketing Team,Desktop,APAC,1-10,0.743,20.0,True,False,Free,Free,,0
U104511,2025-05-20,Paid Search,Marketing Team,Desktop,North America,201-1000,0.737,8.35,False,False,Free,Free,,0
U107869,2025-05-20,Organic Search,Founder,Desktop,North America,51-200,1.302,8.77,True,False,Free,Free,,0
U100349,2025-05-20,Social,Sales Team,Mobile,North America,1-10,0.678,31.14,False,False,Free,Free,,0
U102926,2025-05-20,Referral,Founder,Mobile,North America,1-10,1.425,17.11,False,False,Free,Free,,0
U108031,2025-05-20,Organic Search,Sales Team,Desktop,Europe,11-50,0.936,6.18,False,False,Free,Free,,0
U104718,2025-05-20,Social,Marketing Team,Desktop,North America,51-200,0.507,30.64,False,False,Free,Free,,0
U105892,2025-05-20,Paid Search,Ops Manager,Mobile,Europe,51-200,1.023,29.07,True,False,Free,Free,,0
U103348,2025-05-20,Organic Search,Ops Manager,Desktop,Europe,1-10,1.247,12.29,False,False,Free,Free,,0
U101483,2025-05-21,Social,Student / Hobby,Mobile,APAC,51-200,0.294,97.47,False,False,Free,Free,,0
U100344,2025-05-21,Organic Search,Founder,Mobile,North America,1-10,1.003,21.62,False,False,Free,Free,,0
U105510,2025-05-21,Referral,Marketing Team,Desktop,North America,11-50,1.164,13.53,True,True,Paid,Growth,2025-05-29,59
U106920,2025-05-21,Organic Search,Ops Manager,Mobile,LATAM,51-200,0.994,24.13,False,False,Free,Free,,0
U108030,2025-05-21,Referral,Ops Manager,Desktop,North America,1-10,1.952,6.95,True,True,Paid,Starter,2025-05-21,19
U101338,2025-05-21,Social,Student / Hobby,Mobile,MEA,1-10,0.542,55.37,False,False,Free,Free,,0
U102391,2025-05-21,Partnership,Ops Manager,Desktop,North America,201-1000,1.569,6.49,False,False,Free,Free,,0
U102964,2025-05-21,Partnership,Sales Team,Mobile,MEA,201-1000,1.065,22.81,False,False,Free,Free,,0
U104831,2025-05-21,Partnership,Student / Hobby,Mobile,North America,1-10,0.717,44.51,False,False,Free,Free,,0
U102030,2025-05-21,Content,Marketing Team,Mobile,North America,51-200,0.801,29.83,False,False,Free,Free,,0
U104425,2025-05-21,Referral,Marketing Team,Mobile,North America,1-10,1.332,27.35,True,False,Free,Free,,0
U106683,2025-05-21,Social,Founder,Desktop,Europe,51-200,0.897,29.25,False,False,Free,Free,,0
U100260,2025-05-21,Referral,Student / Hobby,Desktop,North America,51-200,0.647,76.24,False,False,Free,Free,,0
U102464,2025-05-21,Paid Search,Ops Manager,Desktop,North America,11-50,0.903,7.37,True,False,Free,Free,,0
U102468,2025-05-21,Social,Marketing Team,Mobile,APAC,11-50,0.25,18.24,False,False,Free,Free,,0
U106273,2025-05-21,Organic Search,Marketing Team,Desktop,MEA,51-200,0.89,15.23,False,False,Free,Free,,0
U105942,2025-05-21,Organic Search,Ops Manager,Desktop,North America,201-1000,0.581,34.59,False,False,Free,Free,,0
U103002,2025-05-21,Referral,Sales Team,Desktop,North America,1-10,1.263,8.14,True,False,Free,Free,,0
U108282,2025-05-21,Organic Search,Ops Manager,Desktop,Europe,201-1000,1.75,3.01,False,False,Free,Free,,0
U103538,2025-05-21,Referral,Founder,Desktop,APAC,201-1000,1.611,13.48,True,True,Trial,Free,,0
U108204,2025-05-21,Paid Search,Ops Manager,Desktop,North America,11-50,0.865,9.4,False,False,Free,Free,,0
U108430,2025-05-21,Paid Search,Founder,Desktop,North America,11-50,1.081,10.33,False,False,Free,Free,,0
U100822,2025-05-21,Organic Search,Marketing Team,Desktop,APAC,1-10,0.599,15.04,False,False,Free,Free,,0
U103956,2025-05-21,Organic Search,Founder,Mobile,North America,11-50,1.32,15.27,True,False,Free,Free,,0
U102931,2025-05-21,Paid Search,Marketing Team,Desktop,Europe,1-10,0.517,58.92,False,False,Free,Free,,0
U108173,2025-05-21,Organic Search,Sales Team,Tablet,APAC,1-10,0.968,29.32,False,False,Free,Free,,0
U105916,2025-05-21,Organic Search,Marketing Team,Desktop,Europe,201-1000,1.081,15.39,False,False,Free,Free,,0
U105029,2025-05-21,Organic Search,Ops Manager,Desktop,North America,1-10,1.405,15.4,False,False,Free,Free,,0
U100804,2025-05-21,Content,Sales Team,Mobile,LATAM,11-50,1.01,32.22,False,False,Free,Free,,0
U104882,2025-05-22,Referral,Ops Manager,Desktop,Europe,51-200,1.49,11.29,True,False,Free,Free,,0
U105374,2025-05-22,Organic Search,Founder,Desktop,North America,11-50,1.323,11.28,False,False,Free,Free,,0
U104808,2025-05-22,Referral,Student / Hobby,Desktop,APAC,11-50,0.616,16.36,True,False,Free,Free,,0
U103440,2025-05-22,Referral,Student / Hobby,Mobile,APAC,1000+,0.812,25.08,False,False,Free,Free,,0
U102195,2025-05-22,Paid Search,Marketing Team,Desktop,APAC,11-50,0.532,16.55,False,False,Free,Free,,0
U106987,2025-05-22,Social,Ops Manager,Desktop,Europe,11-50,0.839,3.21,True,False,Free,Free,,0
U103061,2025-05-22,Partnership,Sales Team,Mobile,Europe,1-10,1.31,24.11,True,True,Paid,Growth,2025-05-30,59
U106325,2025-05-22,Organic Search,Sales Team,Desktop,North America,201-1000,0.934,24.91,False,False,Free,Free,,0
U102395,2025-05-22,Content,Student / Hobby,Desktop,North America,1-10,0.779,35.72,False,False,Free,Free,,0
U106951,2025-05-22,Paid Search,Founder,Desktop,LATAM,1-10,0.81,56.6,False,False,Free,Free,,0
U102818,2025-05-22,Organic Search,Founder,Desktop,MEA,11-50,0.919,6.63,False,False,Free,Free,,0
U102804,2025-05-22,Partnership,Founder,Desktop,North America,11-50,1.084,30.69,False,False,Free,Free,,0
U100234,2025-05-22,Social,Sales Team,Desktop,North America,11-50,0.696,42.85,False,False,Free,Free,,0
U105357,2025-05-22,Organic Search,Founder,Mobile,North America,51-200,0.746,26.0,False,False,Free,Free,,0
U106944,2025-05-22,Partnership,Student / Hobby,Mobile,North America,51-200,0.953,5.19,True,False,Free,Free,,0
U100827,2025-05-22,Paid Search,Founder,Desktop,North America,11-50,0.698,34.61,False,False,Free,Free,,0
U100675,2025-05-22,Referral,Marketing Team,Desktop,APAC,1-10,1.138,6.37,False,False,Free,Free,,0
U106969,2025-05-22,Social,Founder,Desktop,Europe,201-1000,0.542,37.72,True,False,Free,Free,,0
U106738,2025-05-22,Paid Search,Ops Manager,Desktop,North America,11-50,1.445,11.75,False,False,Free,Free,,0
U104406,2025-05-22,Paid Search,Founder,Desktop,North America,201-1000,0.892,12.12,False,False,Free,Free,,0
U103364,2025-05-22,Content,Sales Team,Desktop,North America,1-10,0.925,12.73,True,False,Free,Free,,0
U107414,2025-05-22,Organic Search,Ops Manager,Mobile,Europe,11-50,1.429,9.35,False,False,Free,Free,,0
U102401,2025-05-22,Organic Search,Sales Team,Desktop,North America,11-50,0.9,14.09,True,False,Free,Free,,0
U104995,2025-05-22,Paid Search,Student / Hobby,Desktop,APAC,1-10,0.433,18.0,False,False,Free,Free,,0
U107945,2025-05-22,Paid Search,Marketing Team,Desktop,North America,11-50,0.864,15.71,False,False,Free,Free,,0
U101307,2025-05-22,Referral,Ops Manager,Desktop,Europe,1-10,1.6,12.21,True,False,Free,Free,,0
U104943,2025-05-22,Referral,Ops Manager,Tablet,North America,1-10,1.49,14.88,True,False,Free,Free,,0
U104947,2025-05-22,Content,Sales Team,Mobile,Europe,1000+,1.127,10.8,True,False,Free,Free,,0
U103272,2025-05-22,Social,Sales Team,Desktop,North America,11-50,0.988,2.54,False,False,Free,Free,,0
U106110,2025-05-23,Organic Search,Founder,Mobile,Europe,1-10,1.191,4.88,False,False,Free,Free,,0
U107729,2025-05-23,Social,Marketing Team,Desktop,APAC,11-50,0.644,22.98,False,False,Free,Free,,0
U106435,2025-05-23,Paid Search,Ops Manager,Desktop,LATAM,1-10,0.583,64.34,False,False,Free,Free,,0
U106214,2025-05-23,Referral,Marketing Team,Desktop,LATAM,1-10,1.022,12.02,True,False,Free,Free,,0
U105430,2025-05-23,Paid Search,Marketing Team,Desktop,Europe,1-10,0.598,54.85,False,False,Free,Free,,0
U105608,2025-05-23,Referral,Ops Manager,Tablet,North America,1-10,1.671,17.88,False,False,Free,Free,,0
U107429,2025-05-23,Organic Search,Ops Manager,Desktop,Europe,11-50,1.002,2.37,False,False,Free,Free,,0
U105019,2025-05-23,Organic Search,Ops Manager,Desktop,North America,1-10,1.531,12.28,True,True,Trial,Free,,0
U107150,2025-05-23,Content,Sales Team,Mobile,Europe,51-200,1.163,8.45,False,False,Free,Free,,0
U105543,2025-05-23,Paid Search,Sales Team,Desktop,North America,1-10,0.753,16.36,False,False,Free,Free,,0
U107250,2025-05-23,Paid Search,Founder,Desktop,North America,11-50,0.802,36.27,False,False,Free,Free,,0
U106741,2025-05-23,Referral,Founder,Desktop,North America,1-10,1.523,0.61,False,False,Free,Free,,0
U100594,2025-05-23,Referral,Student / Hobby,Tablet,North America,11-50,0.778,8.68,False,False,Free,Free,,0
U106657,2025-05-23,Organic Search,Marketing Team,Desktop,APAC,1-10,0.982,37.14,False,False,Free,Free,,0
U100524,2025-05-23,Referral,Ops Manager,Desktop,Europe,51-200,1.491,14.72,False,False,Free,Free,,0
U103633,2025-05-23,Organic Search,Founder,Desktop,North America,11-50,1.274,5.3,False,False,Free,Free,,0
U107844,2025-05-23,Paid Search,Founder,Desktop,North America,51-200,0.794,26.21,False,False,Free,Free,,0
U103165,2025-05-23,Paid Search,Student / Hobby,Desktop,North America,11-50,0.593,25.29,False,False,Free,Free,,0
U107600,2025-05-23,Organic Search,Founder,Mobile,APAC,1-10,0.967,29.9,False,False,Free,Free,,0
U100790,2025-05-23,Paid Search,Founder,Desktop,Europe,201-1000,0.767,43.87,True,False,Free,Free,,0
U108109,2025-05-23,Organic Search,Ops Manager,Mobile,APAC,1-10,1.327,12.09,False,False,Free,Free,,0
U105544,2025-05-23,Content,Sales Team,Mobile,MEA,1-10,1.554,7.27,False,False,Free,Free,,0
U103309,2025-05-23,Paid Search,Ops Manager,Desktop,APAC,1000+,1.452,30.02,True,False,Free,Free,,0
U107003,2025-05-23,Partnership,Sales Team,Desktop,Europe,11-50,1.574,10.5,True,False,Free,Free,,0
U103152,2025-05-23,Social,Ops Manager,Desktop,Europe,1-10,0.698,67.37,False,False,Free,Free,,0
U100197,2025-05-23,Organic Search,Sales Team,Desktop,APAC,51-200,1.127,13.64,False,False,Free,Free,,0
U103692,2025-05-23,Organic Search,Marketing Team,Desktop,Europe,11-50,0.847,21.8,False,False,Free,Free,,0
U101919,2025-05-23,Social,Founder,Mobile,APAC,11-50,1.499,3.23,False,False,Free,Free,,0
U101012,2025-05-23,Referral,Founder,Desktop,Europe,11-50,1.13,6.25,True,True,Trial,Free,,0
U107470,2025-05-23,Social,Sales Team,Mobile,North America,51-200,0.583,17.62,False,False,Free,Free,,0
U102309,2025-05-23,Organic Search,Sales Team,Desktop,MEA,1-10,1.255,10.88,False,False,Free,Free,,0
U100360,2025-05-23,Referral,Ops Manager,Desktop,APAC,51-200,1.347,10.64,False,False,Free,Free,,0
U107027,2025-05-23,Partnership,Sales Team,Desktop,North America,11-50,1.0,40.8,True,True,Trial,Free,,0
U106320,2025-05-23,Content,Student / Hobby,Tablet,North America,1-10,0.699,39.55,True,False,Free,Free,,0
U107454,2025-05-24,Paid Search,Sales Team,Mobile,North America,201-1000,0.984,11.04,True,True,Trial,Free,,0
U107835,2025-05-24,Social,Student / Hobby,Desktop,North America,11-50,0.25,34.77,False,False,Free,Free,,0
U107214,2025-05-24,Social,Ops Manager,Mobile,APAC,1-10,1.134,4.06,True,False,Free,Free,,0
U106845,2025-05-24,Referral,Sales Team,Desktop,Europe,11-50,1.201,15.67,True,False,Free,Free,,0
U102155,2025-05-24,Paid Search,Ops Manager,Mobile,LATAM,1-10,0.765,10.74,False,False,Free,Free,,0
U103170,2025-05-24,Content,Ops Manager,Desktop,North America,11-50,1.149,5.68,False,False,Free,Free,,0
U103029,2025-05-24,Referral,Marketing Team,Mobile,North America,11-50,1.067,35.85,False,False,Free,Free,,0
U100247,2025-05-24,Social,Sales Team,Desktop,North America,1-10,0.666,2.5,False,False,Free,Free,,0
U104227,2025-05-24,Organic Search,Founder,Desktop,Europe,51-200,0.622,23.63,False,False,Free,Free,,0
U105257,2025-05-24,Referral,Founder,Tablet,Europe,1-10,1.512,3.85,True,False,Free,Free,,0
U106395,2025-05-24,Organic Search,Ops Manager,Mobile,LATAM,201-1000,1.192,20.39,False,False,Free,Free,,0
U102039,2025-05-24,Social,Ops Manager,Desktop,North America,11-50,0.687,29.58,False,False,Free,Free,,0
U102565,2025-05-24,Organic Search,Sales Team,Desktop,Europe,51-200,1.105,35.1,True,False,Free,Free,,0
U107511,2025-05-24,Paid Search,Student / Hobby,Desktop,North America,1-10,0.313,50.32,False,False,Free,Free,,0
U100784,2025-05-24,Paid Search,Ops Manager,Desktop,North America,201-1000,1.169,41.11,False,False,Free,Free,,0
U105059,2025-05-24,Content,Founder,Mobile,Europe,51-200,1.385,3.56,True,False,Free,Free,,0
U108110,2025-05-24,Organic Search,Ops Manager,Mobile,North America,11-50,1.198,4.22,True,True,Trial,Free,,0
U105327,2025-05-24,Paid Search,Founder,Desktop,North America,11-50,0.843,9.86,True,False,Free,Free,,0
U104883,2025-05-24,Referral,Sales Team,Desktop,APAC,11-50,1.111,17.54,True,False,Free,Free,,0
U106167,2025-05-24,Content,Founder,Mobile,APAC,1-10,1.261,35.35,True,False,Free,Free,,0
U106582,2025-05-24,Paid Search,Ops Manager,Mobile,North America,51-200,0.915,1.1,False,False,Free,Free,,0
U101938,2025-05-24,Social,Student / Hobby,Desktop,North America,51-200,0.531,25.04,False,False,Free,Free,,0
U101824,2025-05-24,Partnership,Founder,Desktop,North America,1-10,1.33,18.75,True,False,Free,Free,,0
U105117,2025-05-24,Organic Search,Sales Team,Desktop,North America,1-10,1.155,45.64,False,False,Free,Free,,0
U103855,2025-05-24,Partnership,Ops Manager,Desktop,Europe,1000+,1.436,12.61,True,False,Free,Free,,0
U102378,2025-05-24,Social,Ops Manager,Desktop,North America,201-1000,0.809,23.92,False,False,Free,Free,,0
U105861,2025-05-24,Partnership,Founder,Desktop,North America,1-10,1.371,10.74,True,True,Paid,Scale,2025-05-31,149
U103615,2025-05-24,Social,Ops Manager,Desktop,North America,51-200,0.915,26.45,False,False,Free,Free,,0
U101207,2025-05-24,Referral,Student / Hobby,Desktop,North America,11-50,0.788,9.26,False,False,Free,Free,,0
U100882,2025-05-24,Referral,Marketing Team,Desktop,North America,1-10,0.908,16.21,True,False,Free,Free,,0
U106899,2025-05-24,Paid Search,Founder,Mobile,North America,11-50,1.002,15.36,False,False,Free,Free,,0
U106912,2025-05-24,Referral,Ops Manager,Desktop,North America,11-50,1.773,5.35,False,False,Free,Free,,0
U101718,2025-05-25,Organic Search,Ops Manager,Desktop,Europe,11-50,1.447,6.9,False,False,Free,Free,,0
U106574,2025-05-25,Organic Search,Founder,Mobile,Europe,11-50,1.547,6.12,False,False,Free,Free,,0
U106709,2025-05-25,Content,Founder,Desktop,Europe,1-10,1.154,8.19,True,True,Trial,Free,,0
U105538,2025-05-25,Organic Search,Ops Manager,Mobile,Europe,1000+,1.243,14.01,False,False,Free,Free,,0
U107205,2025-05-25,Social,Sales Team,Mobile,North America,11-50,0.744,39.19,False,False,Free,Free,,0
U100245,2025-05-25,Paid Search,Founder,Desktop,North America,11-50,1.03,20.36,True,False,Free,Free,,0
U103325,2025-05-25,Content,Ops Manager,Desktop,Europe,1-10,1.637,5.54,False,False,Free,Free,,0
U104290,2025-05-25,Organic Search,Founder,Desktop,APAC,51-200,1.033,22.93,False,False,Free,Free,,0
U102457,2025-05-25,Organic Search,Ops Manager,Desktop,North America,51-200,1.432,12.3,False,False,Free,Free,,0
U107235,2025-05-25,Organic Search,Sales Team,Desktop,North America,11-50,0.748,29.74,False,False,Free,Free,,0
U105802,2025-05-25,Referral,Ops Manager,Desktop,MEA,51-200,1.634,46.81,False,False,Free,Free,,0
U106094,2025-05-25,Referral,Marketing Team,Mobile,North America,201-1000,0.854,45.44,True,True,Paid,Starter,2025-05-26,19
U101346,2025-05-25,Organic Search,Marketing Team,Mobile,APAC,11-50,1.146,14.17,False,False,Free,Free,,0
U102984,2025-05-25,Organic Search,Sales Team,Desktop,North America,11-50,1.082,6.93,False,False,Free,Free,,0
U100425,2025-05-25,Partnership,Marketing Team,Desktop,MEA,11-50,1.106,21.88,True,False,Free,Free,,0
U105619,2025-05-25,Paid Search,Sales Team,Desktop,APAC,1-10,0.982,41.74,False,False,Free,Free,,0
U108495,2025-05-25,Content,Student / Hobby,Desktop,APAC,1-10,0.401,29.86,False,False,Free,Free,,0
U102105,2025-05-25,Social,Founder,Desktop,APAC,11-50,0.68,85.83,True,False,Free,Free,,0
U106472,2025-05-25,Paid Search,Marketing Team,Mobile,North America,1-10,0.897,22.49,False,False,Free,Free,,0
U108145,2025-05-25,Paid Search,Founder,Desktop,APAC,1-10,0.736,39.57,False,False,Free,Free,,0
U104729,2025-05-25,Partnership,Founder,Mobile,North America,1-10,1.551,5.09,True,False,Free,Free,,0
U108214,2025-05-25,Social,Student / Hobby,Desktop,Europe,1000+,0.396,6.28,True,True,Trial,Free,,0
U101585,2025-05-25,Organic Search,Sales Team,Desktop,North America,11-50,0.919,8.62,False,False,Free,Free,,0
U101905,2025-05-25,Partnership,Founder,Mobile,APAC,51-200,1.247,1.65,False,False,Free,Free,,0
U103494,2025-05-26,Referral,Sales Team,Mobile,LATAM,1-10,1.249,15.31,False,False,Free,Free,,0
U108129,2025-05-26,Organic Search,Student / Hobby,Desktop,North America,201-1000,0.25,119.14,False,False,Free,Free,,0
U103517,2025-05-26,Organic Search,Founder,Mobile,North America,1-10,1.184,13.34,True,False,Free,Free,,0
U101801,2025-05-26,Referral,Founder,Desktop,Europe,1-10,1.308,6.36,True,False,Free,Free,,0
U108234,2025-05-26,Organic Search,Student / Hobby,Mobile,North America,1-10,0.898,10.02,False,False,Free,Free,,0
U105626,2025-05-26,Referral,Marketing Team,Mobile,North America,1000+,1.486,20.82,True,False,Free,Free,,0
U100879,2025-05-26,Paid Search,Founder,Desktop,Europe,1-10,0.807,14.56,True,False,Free,Free,,0
U106889,2025-05-26,Paid Search,Ops Manager,Desktop,Europe,1-10,0.953,16.53,False,False,Free,Free,,0
U101072,2025-05-26,Content,Marketing Team,Desktop,North America,201-1000,1.369,30.86,True,False,Free,Free,,0
U102490,2025-05-26,Organic Search,Ops Manager,Desktop,APAC,1-10,1.399,21.79,False,False,Free,Free,,0
U103844,2025-05-26,Social,Ops Manager,Desktop,APAC,11-50,0.741,3.1,True,False,Free,Free,,0
U105191,2025-05-26,Social,Sales Team,Desktop,APAC,201-1000,0.842,14.05,True,False,Free,Free,,0
U105026,2025-05-26,Partnership,Founder,Desktop,Europe,11-50,1.604,1.89,False,False,Free,Free,,0
U101932,2025-05-26,Referral,Ops Manager,Mobile,LATAM,11-50,1.748,10.26,True,False,Free,Free,,0
U102894,2025-05-26,Organic Search,Sales Team,Desktop,North America,1-10,0.831,39.11,False,False,Free,Free,,0
U102990,2025-05-26,Paid Search,Founder,Desktop,APAC,11-50,1.223,19.81,False,False,Free,Free,,0
U101062,2025-05-26,Organic Search,Ops Manager,Desktop,North America,1000+,1.656,27.97,False,False,Free,Free,,0
U103079,2025-05-26,Content,Founder,Mobile,APAC,1-10,1.122,35.9,True,False,Free,Free,,0
U105877,2025-05-26,Paid Search,Founder,Desktop,APAC,1-10,0.74,33.21,False,False,Free,Free,,0
U105290,2025-05-26,Organic Search,Ops Manager,Tablet,APAC,11-50,1.199,37.76,True,False,Free,Free,,0
U105756,2025-05-26,Paid Search,Sales Team,Desktop,North America,201-1000,0.944,16.47,False,False,Free,Free,,0
U103944,2025-05-26,Referral,Marketing Team,Desktop,Europe,51-200,1.256,31.17,False,False,Free,Free,,0
U100976,2025-05-26,Social,Founder,Desktop,North America,1000+,0.947,4.27,False,False,Free,Free,,0
U105302,2025-05-27,Paid Search,Ops Manager,Desktop,Europe,201-1000,1.099,10.82,False,False,Free,Free,,0
U107254,2025-05-27,Organic Search,Ops Manager,Desktop,North America,1-10,1.194,4.58,False,False,Free,Free,,0
U101247,2025-05-27,Organic Search,Marketing Team,Mobile,Europe,11-50,0.739,40.89,True,False,Free,Free,,0
U104010,2025-05-27,Organic Search,Ops Manager,Desktop,APAC,11-50,1.076,20.68,False,False,Free,Free,,0
U102114,2025-05-27,Organic Search,Founder,Desktop,North America,1-10,1.193,16.46,False,False,Free,Free,,0
U104713,2025-05-27,Social,Founder,Mobile,North America,1-10,0.25,125.19,False,False,Free,Free,,0
U107861,2025-05-27,Organic Search,Marketing Team,Desktop,Europe,11-50,1.07,29.89,False,False,Free,Free,,0
U103078,2025-05-27,Paid Search,Sales Team,Desktop,LATAM,201-1000,0.441,26.61,False,False,Free,Free,,0
U104724,2025-05-27,Paid Search,Ops Manager,Mobile,North America,51-200,0.867,12.95,False,False,Free,Free,,0
U100448,2025-05-27,Organic Search,Ops Manager,Desktop,Europe,11-50,1.26,5.16,False,False,Free,Free,,0
U107029,2025-05-27,Social,Ops Manager,Desktop,North America,51-200,0.785,40.51,False,False,Free,Free,,0
U100478,2025-05-27,Content,Founder,Mobile,North America,1-10,1.291,11.24,True,True,Trial,Free,,0
U106190,2025-05-27,Organic Search,Founder,Tablet,North America,1-10,0.995,17.98,False,False,Free,Free,,0
U107279,2025-05-27,Paid Search,Founder,Desktop,North America,11-50,0.855,7.81,False,False,Free,Free,,0
U101562,2025-05-27,Referral,Ops Manager,Desktop,North America,1-10,1.829,8.27,True,False,Free,Free,,0
U105112,2025-05-27,Paid Search,Ops Manager,Desktop,LATAM,11-50,1.09,29.6,True,False,Free,Free,,0
U105737,2025-05-27,Organic Search,Founder,Mobile,Europe,1-10,1.45,8.96,False,False,Free,Free,,0
U104177,2025-05-27,Paid Search,Marketing Team,Mobile,APAC,1-10,0.412,25.66,False,False,Free,Free,,0
U106145,2025-05-27,Paid Search,Sales Team,Mobile,North America,51-200,1.04,18.99,True,False,Free,Free,,0
U102272,2025-05-27,Organic Search,Sales Team,Desktop,North America,1-10,1.015,9.24,False,False,Free,Free,,0
U102293,2025-05-27,Paid Search,Ops Manager,Desktop,North America,1-10,1.068,14.37,False,False,Free,Free,,0
U101432,2025-05-27,Content,Student / Hobby,Tablet,APAC,1-10,0.668,26.99,False,False,Free,Free,,0
U100831,2025-05-27,Content,Founder,Desktop,North America,1-10,1.245,32.65,True,True,Trial,Free,,0
U103672,2025-05-27,Referral,Sales Team,Tablet,MEA,11-50,0.961,43.75,False,False,Free,Free,,0
U106747,2025-05-27,Social,Ops Manager,Desktop,North America,1-10,1.025,22.95,False,False,Free,Free,,0
U102671,2025-05-28,Organic Search,Marketing Team,Mobile,Europe,51-200,1.055,37.85,False,False,Free,Free,,0
U104283,2025-05-28,Paid Search,Sales Team,Desktop,APAC,11-50,0.836,38.5,False,False,Free,Free,,0
U100450,2025-05-28,Paid Search,Sales Team,Desktop,North America,51-200,0.829,35.21,True,True,Trial,Free,,0
U105590,2025-05-28,Organic Search,Marketing Team,Desktop,North America,51-200,1.073,11.93,True,True,Paid,Starter,2025-06-04,19
U105768,2025-05-28,Organic Search,Sales Team,Tablet,APAC,1-10,0.988,22.96,False,False,Free,Free,,0
U103613,2025-05-28,Referral,Founder,Desktop,Europe,51-200,1.861,10.06,True,False,Free,Free,,0
U105710,2025-05-28,Paid Search,Ops Manager,Mobile,North America,51-200,0.888,17.05,False,False,Free,Free,,0
U105035,2025-05-28,Referral,Founder,Desktop,North America,11-50,1.343,22.0,True,True,Paid,Growth,2025-06-02,59
U104423,2025-05-28,Referral,Sales Team,Desktop,MEA,1-10,1.15,36.99,True,False,Free,Free,,0
U101960,2025-05-28,Social,Founder,Desktop,Europe,1-10,0.835,14.89,False,False,Free,Free,,0
U101961,2025-05-28,Organic Search,Marketing Team,Desktop,North America,201-1000,1.217,16.84,False,False,Free,Free,,0
U106569,2025-05-28,Social,Student / Hobby,Desktop,North America,51-200,0.25,50.73,False,False,Free,Free,,0
U102019,2025-05-28,Social,Student / Hobby,Desktop,Europe,1-10,0.392,16.89,True,False,Free,Free,,0
U106093,2025-05-28,Referral,Ops Manager,Desktop,North America,1-10,1.779,8.58,True,True,Paid,Growth,2025-06-04,59
U103055,2025-05-28,Paid Search,Founder,Desktop,North America,51-200,0.927,5.8,False,False,Free,Free,,0
U100351,2025-05-28,Paid Search,Ops Manager,Mobile,North America,1-10,1.003,22.97,True,False,Free,Free,,0
U107952,2025-05-28,Referral,Founder,Desktop,Europe,1-10,1.725,11.81,True,True,Trial,Free,,0
U103689,2025-05-28,Paid Search,Ops Manager,Desktop,North America,51-200,1.043,12.53,True,True,Trial,Free,,0
U102981,2025-05-28,Paid Search,Founder,Desktop,North America,201-1000,1.007,17.03,True,False,Free,Free,,0
U105000,2025-05-28,Organic Search,Sales Team,Mobile,Europe,1-10,0.705,18.71,False,False,Free,Free,,0
U104204,2025-05-28,Social,Ops Manager,Mobile,North America,1000+,1.358,8.01,False,False,Free,Free,,0
U105104,2025-05-28,Organic Search,Ops Manager,Desktop,Europe,11-50,1.277,31.49,True,True,Trial,Free,,0
U100336,2025-05-28,Social,Founder,Desktop,North America,1-10,0.792,22.82,False,False,Free,Free,,0
U105624,2025-05-28,Organic Search,Founder,Desktop,Europe,201-1000,1.468,10.29,False,False,Free,Free,,0
U105671,2025-05-28,Organic Search,Ops Manager,Desktop,North America,11-50,1.254,16.77,True,False,Free,Free,,0
U108082,2025-05-28,Paid Search,Ops Manager,Mobile,North America,11-50,1.179,15.1,False,False,Free,Free,,0
U102607,2025-05-28,Paid Search,Founder,Desktop,APAC,1-10,1.103,34.55,False,False,Free,Free,,0
U106249,2025-05-28,Referral,Founder,Mobile,Europe,1-10,1.52,1.66,False,False,Free,Free,,0
U107595,2025-05-28,Organic Search,Marketing Team,Desktop,North America,201-1000,0.917,3.47,True,False,Free,Free,,0
U102893,2025-05-29,Referral,Ops Manager,Desktop,APAC,201-1000,1.802,6.34,True,False,Free,Free,,0
U104323,2025-05-29,Organic Search,Founder,Tablet,North America,1-10,0.746,8.95,False,False,Free,Free,,0
U101254,2025-05-29,Referral,Ops Manager,Desktop,North America,1-10,1.963,2.2,False,False,Free,Free,,0
U100923,2025-05-29,Organic Search,Founder,Desktop,APAC,11-50,1.248,5.99,True,False,Free,Free,,0
U101113,2025-05-29,Organic Search,Sales Team,Mobile,North America,11-50,1.215,11.06,False,False,Free,Free,,0
U107907,2025-05-29,Organic Search,Founder,Desktop,LATAM,1-10,1.235,10.32,False,False,Free,Free,,0
U106783,2025-05-29,Referral,Ops Manager,Mobile,Europe,11-50,1.552,10.36,False,False,Free,Free,,0
U103057,2025-05-29,Paid Search,Ops Manager,Desktop,North America,11-50,1.265,10.31,True,True,Paid,Growth,2025-05-31,59
U102561,2025-05-29,Organic Search,Student / Hobby,Mobile,North America,51-200,0.464,8.51,False,False,Free,Free,,0
U101672,2025-05-29,Paid Search,Ops Manager,Desktop,Europe,1-10,0.989,38.07,True,True,Paid,Growth,2025-06-05,59
U100777,2025-05-29,Paid Search,Ops Manager,Desktop,North America,51-200,1.087,17.68,False,False,Free,Free,,0
U104088,2025-05-29,Paid Search,Sales Team,Desktop,North America,1-10,0.683,7.18,True,False,Free,Free,,0
U107589,2025-05-29,Paid Search,Student / Hobby,Desktop,Europe,1-10,0.408,18.07,False,False,Free,Free,,0
U101452,2025-05-29,Social,Ops Manager,Mobile,APAC,51-200,1.232,9.82,False,False,Free,Free,,0
U104503,2025-05-29,Paid Search,Ops Manager,Desktop,APAC,1000+,1.055,16.06,False,False,Free,Free,,0
U104748,2025-05-29,Paid Search,Sales Team,Desktop,North America,1-10,0.991,22.03,False,False,Free,Free,,0
U103037,2025-05-29,Referral,Ops Manager,Desktop,APAC,1-10,2.014,20.91,False,False,Free,Free,,0
U101363,2025-05-29,Referral,Student / Hobby,Desktop,Europe,11-50,0.409,91.75,False,False,Free,Free,,0
U107314,2025-05-29,Organic Search,Ops Manager,Desktop,APAC,1-10,0.935,6.79,True,False,Free,Free,,0
U103314,2025-05-29,Organic Search,Founder,Mobile,MEA,51-200,1.342,8.33,False,False,Free,Free,,0
U101985,2025-05-29,Social,Marketing Team,Desktop,APAC,201-1000,0.438,36.92,True,False,Free,Free,,0
U106832,2025-05-29,Referral,Marketing Team,Desktop,North America,11-50,1.076,21.27,True,False,Free,Free,,0
U100991,2025-05-30,Organic Search,Sales Team,Tablet,North America,51-200,1.05,23.21,False,False,Free,Free,,0
U105141,2025-05-30,Social,Marketing Team,Tablet,North America,201-1000,0.919,7.22,True,True,Trial,Free,,0
U103417,2025-05-30,Partnership,Student / Hobby,Desktop,Europe,11-50,0.578,20.5,True,True,Trial,Free,,0
U101800,2025-05-30,Organic Search,Student / Hobby,Desktop,North America,11-50,0.723,13.5,False,False,Free,Free,,0
U102871,2025-05-30,Content,Marketing Team,Mobile,North America,1-10,0.952,12.08,False,False,Free,Free,,0
U100600,2025-05-30,Referral,Sales Team,Desktop,North America,11-50,1.173,15.68,True,True,Trial,Free,,0
U104316,2025-05-30,Organic Search,Founder,Mobile,North America,1-10,0.88,19.45,False,False,Free,Free,,0
U103621,2025-05-30,Content,Marketing Team,Desktop,North America,11-50,1.075,11.73,True,False,Free,Free,,0
U105548,2025-05-30,Partnership,Ops Manager,Desktop,North America,51-200,1.117,12.85,False,False,Free,Free,,0
U105121,2025-05-30,Organic Search,Ops Manager,Desktop,North America,11-50,1.262,44.33,False,False,Free,Free,,0
U100645,2025-05-30,Paid Search,Founder,Desktop,North America,1-10,1.239,25.2,False,False,Free,Free,,0
U103467,2025-05-30,Organic Search,Ops Manager,Desktop,LATAM,1-10,1.012,14.46,False,False,Free,Free,,0
U106829,2025-05-30,Organic Search,Marketing Team,Desktop,North America,1-10,1.193,13.91,False,False,Free,Free,,0
U107509,2025-05-30,Organic Search,Marketing Team,Desktop,Europe,51-200,0.976,22.92,True,False,Free,Free,,0
U100770,2025-05-30,Organic Search,Founder,Desktop,Europe,11-50,0.962,29.71,False,False,Free,Free,,0
U102531,2025-05-30,Organic Search,Founder,Desktop,APAC,11-50,1.093,8.33,False,False,Free,Free,,0
U102576,2025-05-30,Paid Search,Ops Manager,Desktop,North America,11-50,1.078,9.22,False,False,Free,Free,,0
U104098,2025-05-30,Social,Student / Hobby,Mobile,LATAM,1-10,0.572,101.57,False,False,Free,Free,,0
U104970,2025-05-30,Referral,Marketing Team,Mobile,North America,1-10,0.953,14.96,False,False,Free,Free,,0
U105969,2025-05-30,Organic Search,Sales Team,Desktop,APAC,1-10,1.11,13.08,False,False,Free,Free,,0
U101820,2025-05-30,Partnership,Ops Manager,Desktop,Europe,1-10,1.923,15.51,False,False,Free,Free,,0
U103896,2025-05-30,Social,Founder,Desktop,North America,1-10,0.872,7.18,False,False,Free,Free,,0
U103869,2025-05-30,Partnership,Ops Manager,Desktop,APAC,11-50,1.686,20.93,True,False,Free,Free,,0
U103832,2025-05-30,Organic Search,Student / Hobby,Desktop,APAC,51-200,0.478,61.28,True,False,Free,Free,,0
U103559,2025-05-30,Paid Search,Ops Manager,Desktop,APAC,11-50,1.348,26.04,True,False,Free,Free,,0
U100819,2025-05-30,Social,Founder,Desktop,APAC,1-10,0.826,8.93,True,True,Trial,Free,,0
U105645,2025-05-30,Social,Sales Team,Mobile,APAC,1000+,0.663,36.68,False,False,Free,Free,,0
U106891,2025-05-30,Referral,Ops Manager,Desktop,MEA,1-10,1.608,24.19,True,False,Free,Free,,0
U108197,2025-05-31,Paid Search,Sales Team,Desktop,MEA,1-10,0.867,35.95,False,False,Free,Free,,0
U105067,2025-05-31,Organic Search,Student / Hobby,Desktop,APAC,1-10,1.02,15.67,False,False,Free,Free,,0
U102899,2025-05-31,Paid Search,Ops Manager,Desktop,North America,11-50,1.023,6.75,False,False,Free,Free,,0
U107940,2025-05-31,Organic Search,Founder,Desktop,APAC,11-50,1.336,4.78,False,False,Free,Free,,0
U107935,2025-05-31,Content,Sales Team,Desktop,APAC,11-50,0.873,37.24,True,True,Paid,Growth,2025-06-06,59
U101802,2025-05-31,Content,Founder,Mobile,North America,1-10,1.268,54.8,False,False,Free,Free,,0
U107902,2025-05-31,Social,Sales Team,Mobile,North America,51-200,0.503,33.85,False,False,Free,Free,,0
U105172,2025-05-31,Paid Search,Founder,Desktop,Europe,11-50,0.928,14.51,True,False,Free,Free,,0
U104626,2025-05-31,Referral,Marketing Team,Desktop,North America,1000+,1.471,7.95,True,False,Free,Free,,0
U104601,2025-05-31,Organic Search,Founder,Desktop,North America,1-10,1.54,7.99,True,False,Free,Free,,0
U107210,2025-05-31,Organic Search,Ops Manager,Desktop,LATAM,11-50,1.564,14.44,True,False,Free,Free,,0
U108189,2025-05-31,Content,Ops Manager,Mobile,North America,1000+,1.248,9.33,True,True,Trial,Free,,0
U108020,2025-05-31,Referral,Ops Manager,Mobile,Europe,51-200,1.75,21.92,True,True,Trial,Free,,0
U105796,2025-05-31,Paid Search,Founder,Desktop,APAC,1-10,0.679,20.24,False,False,Free,Free,,0
U106702,2025-05-31,Paid Search,Founder,Mobile,North America,11-50,0.841,29.3,True,False,Free,Free,,0
U106576,2025-05-31,Organic Search,Founder,Desktop,LATAM,1-10,1.173,25.08,False,False,Free,Free,,0
U101064,2025-05-31,Paid Search,Ops Manager,Mobile,North America,11-50,0.819,26.32,False,False,Free,Free,,0
U106719,2025-05-31,Social,Ops Manager,Mobile,Europe,11-50,0.703,19.82,False,False,Free,Free,,0
U108177,2025-05-31,Content,Sales Team,Tablet,North America,11-50,1.033,9.4,True,False,Free,Free,,0
U103830,2025-05-31,Referral,Marketing Team,Desktop,APAC,201-1000,1.105,7.65,False,False,Free,Free,,0
U106189,2025-05-31,Organic Search,Marketing Team,Desktop,North America,1-10,1.076,28.03,True,True,Paid,Starter,2025-06-01,19
U105908,2025-05-31,Paid Search,Sales Team,Desktop,APAC,1-10,0.997,14.87,True,False,Free,Free,,0
U102455,2025-05-31,Paid Search,Founder,Desktop,LATAM,11-50,0.703,23.88,False,False,Free,Free,,0
U108155,2025-05-31,Social,Founder,Desktop,North America,1-10,1.049,4.7,True,False,Free,Free,,0
U106077,2025-06-01,Organic Search,Student / Hobby,Desktop,LATAM,11-50,0.277,56.42,False,False,Free,Free,,0
U103287,2025-06-01,Referral,Sales Team,Mobile,APAC,51-200,1.066,3.89,False,False,Free,Free,,0
U101513,2025-06-01,Paid Search,Sales Team,Desktop,North America,51-200,0.739,92.39,True,False,Free,Free,,0
U101449,2025-06-01,Organic Search,Ops Manager,Desktop,North America,201-1000,1.103,34.63,False,False,Free,Free,,0
U105236,2025-06-01,Content,Sales Team,Desktop,North America,1-10,0.542,56.51,False,False,Free,Free,,0
U104310,2025-06-01,Organic Search,Founder,Mobile,APAC,1-10,1.096,31.92,False,False,Free,Free,,0
U100120,2025-06-01,Organic Search,Founder,Tablet,APAC,1-10,0.784,18.98,False,False,Free,Free,,0
U102248,2025-06-01,Organic Search,Marketing Team,Desktop,North America,11-50,0.652,19.53,False,False,Free,Free,,0
U105504,2025-06-01,Content,Marketing Team,Desktop,APAC,51-200,1.101,15.02,False,False,Free,Free,,0
U106392,2025-06-01,Organic Search,Ops Manager,Desktop,Europe,1-10,1.17,3.39,True,False,Free,Free,,0
U102524,2025-06-01,Referral,Sales Team,Desktop,North America,201-1000,1.244,12.62,True,False,Free,Free,,0
U105615,2025-06-01,Organic Search,Ops Manager,Desktop,North America,11-50,1.337,17.38,False,False,Free,Free,,0
U106645,2025-06-01,Organic Search,Founder,Desktop,North America,1-10,1.533,9.41,True,True,Paid,Starter,2025-06-07,19
U106890,2025-06-01,Referral,Ops Manager,Mobile,Europe,1-10,1.554,4.25,True,True,Trial,Free,,0
U101846,2025-06-01,Referral,Ops Manager,Desktop,LATAM,1-10,1.595,14.98,True,True,Paid,Growth,2025-06-08,59
U104971,2025-06-01,Organic Search,Sales Team,Desktop,North America,51-200,1.007,16.87,False,False,Free,Free,,0
U107036,2025-06-01,Social,Founder,Mobile,North America,1-10,0.495,35.56,False,False,Free,Free,,0
U108347,2025-06-01,Referral,Ops Manager,Desktop,North America,11-50,1.141,13.29,False,False,Free,Free,,0
U100498,2025-06-01,Referral,Founder,Desktop,APAC,11-50,1.405,13.26,False,False,Free,Free,,0
U107238,2025-06-01,Referral,Sales Team,Desktop,APAC,11-50,1.143,1.33,False,False,Free,Free,,0
U106014,2025-06-01,Referral,Ops Manager,Desktop,APAC,11-50,1.312,16.27,False,False,Free,Free,,0
U103822,2025-06-01,Social,Student / Hobby,Desktop,Europe,51-200,0.408,35.23,False,False,Free,Free,,0
U106715,2025-06-01,Content,Ops Manager,Tablet,North America,1-10,1.177,14.23,False,False,Free,Free,,0
U102797,2025-06-01,Partnership,Sales Team,Desktop,North America,1-10,0.982,21.72,True,False,Free,Free,,0
U104132,2025-06-01,Paid Search,Founder,Desktop,North America,11-50,0.709,13.57,False,False,Free,Free,,0
U102530,2025-06-02,Organic Search,Sales Team,Desktop,North America,1-10,1.41,15.12,True,False,Free,Free,,0
U100440,2025-06-02,Paid Search,Ops Manager,Desktop,North America,51-200,0.754,12.63,True,False,Free,Free,,0
U105024,2025-06-02,Referral,Ops Manager,Desktop,APAC,1-10,1.513,11.42,True,False,Free,Free,,0
U101773,2025-06-02,Referral,Sales Team,Desktop,North America,11-50,1.12,25.57,False,False,Free,Free,,0
U100020,2025-06-02,Partnership,Founder,Desktop,North America,11-50,1.099,7.05,False,False,Free,Free,,0
U103770,2025-06-02,Referral,Sales Team,Desktop,Europe,11-50,1.249,7.91,False,False,Free,Free,,0
U104939,2025-06-02,Social,Sales Team,Desktop,North America,51-200,0.781,16.09,False,False,Free,Free,,0
U104935,2025-06-02,Social,Marketing Team,Desktop,North America,1000+,0.868,32.0,True,True,Trial,Free,,0
U104932,2025-06-02,Organic Search,Ops Manager,Tablet,Europe,1-10,1.6,21.84,True,True,Paid,Starter,2025-06-07,19
U103808,2025-06-02,Organic Search,Founder,Mobile,Europe,11-50,1.33,21.53,True,True,Paid,Starter,2025-06-09,19
U104858,2025-06-02,Content,Sales Team,Desktop,North America,11-50,1.409,11.54,True,True,Paid,Scale,2025-06-08,149
U106714,2025-06-02,Organic Search,Ops Manager,Desktop,Europe,11-50,1.052,23.57,False,False,Free,Free,,0
U100096,2025-06-02,Referral,Marketing Team,Mobile,Europe,51-200,1.09,11.46,True,False,Free,Free,,0
U102634,2025-06-02,Content,Student / Hobby,Desktop,Europe,51-200,0.391,71.91,True,False,Free,Free,,0
U102271,2025-06-02,Organic Search,Sales Team,Mobile,Europe,1-10,0.745,43.4,False,False,Free,Free,,0
U106986,2025-06-02,Social,Founder,Desktop,North America,11-50,0.979,21.08,False,False,Free,Free,,0
U102429,2025-06-02,Paid Search,Ops Manager,Desktop,APAC,201-1000,0.972,27.82,True,False,Free,Free,,0
U101498,2025-06-02,Referral,Student / Hobby,Desktop,LATAM,11-50,0.794,30.6,False,False,Free,Free,,0
U107268,2025-06-02,Social,Sales Team,Desktop,APAC,1-10,1.23,15.54,True,True,Trial,Free,,0
U100586,2025-06-02,Social,Ops Manager,Desktop,APAC,1-10,1.264,8.12,True,False,Free,Free,,0
U105471,2025-06-03,Content,Founder,Mobile,North America,51-200,1.171,13.3,False,False,Free,Free,,0
U106817,2025-06-03,Paid Search,Founder,Mobile,LATAM,1-10,0.806,10.83,True,True,Paid,Growth,2025-06-11,59
U106795,2025-06-03,Organic Search,Ops Manager,Mobile,North America,1-10,1.408,15.69,False,False,Free,Free,,0
U100329,2025-06-03,Organic Search,Sales Team,Desktop,North America,51-200,0.632,25.86,False,False,Free,Free,,0
U100229,2025-06-03,Organic Search,Founder,Desktop,LATAM,1-10,1.118,6.95,False,False,Free,Free,,0
U105596,2025-06-03,Referral,Student / Hobby,Desktop,APAC,11-50,0.409,83.82,False,False,Free,Free,,0
U101379,2025-06-03,Social,Student / Hobby,Desktop,APAC,51-200,0.575,72.33,False,False,Free,Free,,0
U100685,2025-06-03,Social,Sales Team,Desktop,North America,11-50,0.698,73.3,True,False,Free,Free,,0
U101005,2025-06-03,Organic Search,Marketing Team,Desktop,North America,11-50,1.281,6.63,False,False,Free,Free,,0
U100479,2025-06-03,Organic Search,Marketing Team,Desktop,Europe,1-10,0.912,12.74,True,False,Free,Free,,0
U107568,2025-06-03,Organic Search,Ops Manager,Mobile,Europe,1-10,1.13,5.77,False,False,Free,Free,,0
U107085,2025-06-03,Paid Search,Founder,Desktop,APAC,11-50,1.116,30.05,True,False,Free,Free,,0
U107669,2025-06-03,Organic Search,Ops Manager,Desktop,APAC,1000+,1.111,19.73,False,False,Free,Free,,0
U104987,2025-06-03,Paid Search,Marketing Team,Desktop,LATAM,1-10,0.891,32.03,False,False,Free,Free,,0
U101284,2025-06-03,Content,Marketing Team,Desktop,Europe,1-10,0.98,24.32,True,True,Trial,Free,,0
U106954,2025-06-03,Organic Search,Ops Manager,Tablet,APAC,1-10,1.099,24.15,True,True,Paid,Starter,2025-06-11,19
U105322,2025-06-03,Social,Marketing Team,Desktop,LATAM,11-50,0.263,105.1,False,False,Free,Free,,0
U103116,2025-06-03,Paid Search,Ops Manager,Desktop,North America,51-200,0.943,8.27,True,False,Free,Free,,0
U101079,2025-06-03,Content,Marketing Team,Mobile,APAC,51-200,1.129,7.84,True,False,Free,Free,,0
U102043,2025-06-03,Paid Search,Sales Team,Desktop,North America,1000+,0.967,6.38,True,False,Free,Free,,0
U105306,2025-06-03,Content,Ops Manager,Desktop,North America,11-50,1.119,42.06,False,False,Free,Free,,0
U100598,2025-06-03,Organic Search,Ops Manager,Mobile,North America,51-200,1.422,8.12,False,False,Free,Free,,0
U108375,2025-06-04,Content,Ops Manager,Desktop,MEA,51-200,1.744,10.01,True,True,Trial,Free,,0
U100391,2025-06-04,Organic Search,Ops Manager,Desktop,North America,11-50,0.818,52.55,False,False,Free,Free,,0
U100065,2025-06-04,Organic Search,Student / Hobby,Desktop,North America,51-200,0.912,26.54,False,False,Free,Free,,0
U105907,2025-06-04,Social,Founder,Desktop,APAC,1-10,0.913,48.79,False,False,Free,Free,,0
U101746,2025-06-04,Organic Search,Student / Hobby,Desktop,APAC,11-50,0.39,41.21,False,False,Free,Free,,0
U101882,2025-06-04,Content,Sales Team,Mobile,Europe,1-10,1.188,13.0,True,True,Paid,Growth,2025-06-04,59
U107765,2025-06-04,Content,Marketing Team,Mobile,North America,11-50,0.843,3.98,True,True,Paid,Starter,2025-06-09,19
U100564,2025-06-04,Organic Search,Sales Team,Desktop,North America,1000+,0.945,36.42,False,False,Free,Free,,0
U101485,2025-06-04,Partnership,Founder,Desktop,North America,11-50,1.212,3.38,True,False,Free,Free,,0
U104482,2025-06-04,Paid Search,Ops Manager,Desktop,North America,51-200,1.533,22.17,False,False,Free,Free,,0
U108413,2025-06-04,Paid Search,Founder,Tablet,North America,1-10,0.882,19.46,False,False,Free,Free,,0
U107795,2025-06-04,Organic Search,Ops Manager,Mobile,Europe,201-1000,1.563,11.04,False,False,Free,Free,,0
U105871,2025-06-04,Paid Search,Sales Team,Desktop,North America,1-10,1.078,19.16,False,False,Free,Free,,0
U100460,2025-06-04,Organic Search,Founder,Mobile,APAC,51-200,1.107,16.53,True,True,Trial,Free,,0
U103040,2025-06-04,Social,Marketing Team,Tablet,North America,11-50,0.821,25.74,False,False,Free,Free,,0
U106061,2025-06-04,Referral,Marketing Team,Desktop,North America,11-50,1.21,33.62,True,True,Trial,Free,,0
U104870,2025-06-04,Organic Search,Ops Manager,Desktop,North America,1-10,1.147,29.95,False,False,Free,Free,,0
U106838,2025-06-04,Paid Search,Founder,Mobile,Europe,1-10,0.958,9.24,False,False,Free,Free,,0
U105025,2025-06-04,Organic Search,Ops Manager,Desktop,APAC,51-200,0.709,22.79,False,False,Free,Free,,0
U107971,2025-06-04,Organic Search,Student / Hobby,Desktop,North America,1-10,0.734,18.24,False,False,Free,Free,,0
U108209,2025-06-04,Referral,Marketing Team,Mobile,MEA,1-10,1.356,12.63,True,True,Trial,Free,,0
U106099,2025-06-05,Organic Search,Marketing Team,Mobile,North America,11-50,0.685,54.36,False,False,Free,Free,,0
U101496,2025-06-05,Paid Search,Sales Team,Desktop,North America,11-50,0.943,21.24,False,False,Free,Free,,0
U101662,2025-06-05,Paid Search,Ops Manager,Tablet,North America,1-10,1.071,10.26,False,False,Free,Free,,0
U104623,2025-06-05,Paid Search,Sales Team,Mobile,Europe,11-50,0.611,3.08,False,False,Free,Free,,0
U100308,2025-06-05,Paid Search,Founder,Desktop,North America,1-10,1.026,19.47,True,False,Free,Free,,0
U102532,2025-06-05,Paid Search,Founder,Desktop,Europe,51-200,0.582,60.73,False,False,Free,Free,,0
U106346,2025-06-05,Organic Search,Student / Hobby,Desktop,North America,51-200,0.49,76.09,True,False,Free,Free,,0
U101775,2025-06-05,Paid Search,Founder,Mobile,North America,11-50,1.018,10.86,True,False,Free,Free,,0
U106241,2025-06-05,Organic Search,Ops Manager,Desktop,North America,11-50,1.228,21.94,False,False,Free,Free,,0
U103286,2025-06-05,Organic Search,Sales Team,Desktop,North America,1-10,0.877,26.94,False,False,Free,Free,,0
U101751,2025-06-05,Paid Search,Ops Manager,Mobile,APAC,11-50,1.035,10.88,False,False,Free,Free,,0
U101704,2025-06-05,Content,Sales Team,Desktop,North America,11-50,1.131,4.99,True,False,Free,Free,,0
U104740,2025-06-05,Organic Search,Founder,Mobile,APAC,1-10,1.112,5.43,False,False,Free,Free,,0
U108332,2025-06-05,Content,Ops Manager,Desktop,North America,1-10,1.234,8.52,False,False,Free,Free,,0
U106144,2025-06-05,Social,Ops Manager,Desktop,LATAM,51-200,1.27,3.1,True,True,Paid,Scale,2025-06-08,149
U103146,2025-06-05,Referral,Ops Manager,Tablet,APAC,1-10,1.317,9.3,False,False,Free,Free,,0
U104165,2025-06-05,Social,Founder,Tablet,Europe,11-50,0.852,42.11,False,False,Free,Free,,0
U102783,2025-06-05,Referral,Ops Manager,Desktop,North America,1-10,1.565,10.19,True,True,Paid,Starter,2025-06-09,19
U104033,2025-06-05,Content,Student / Hobby,Desktop,APAC,1-10,0.25,248.99,False,False,Free,Free,,0
U105314,2025-06-05,Paid Search,Sales Team,Desktop,North America,1-10,0.69,17.15,True,True,Trial,Free,,0
U103721,2025-06-05,Organic Search,Founder,Mobile,Europe,201-1000,1.07,11.78,True,False,Free,Free,,0
U101865,2025-06-05,Paid Search,Founder,Desktop,North America,11-50,0.917,51.34,True,False,Free,Free,,0
U106362,2025-06-05,Paid Search,Sales Team,Mobile,APAC,1000+,0.648,59.7,False,False,Free,Free,,0
U105742,2025-06-05,Partnership,Marketing Team,Desktop,Europe,51-200,0.907,35.08,False,False,Free,Free,,0
U100997,2025-06-05,Content,Ops Manager,Desktop,North America,11-50,1.157,39.92,False,False,Free,Free,,0
U102453,2025-06-06,Referral,Ops Manager,Tablet,North America,1-10,1.546,14.24,False,False,Free,Free,,0
U103842,2025-06-06,Organic Search,Sales Team,Desktop,North America,1-10,0.972,19.23,True,False,Free,Free,,0
U107704,2025-06-06,Organic Search,Founder,Desktop,Europe,1-10,1.043,12.66,False,False,Free,Free,,0
U102710,2025-06-06,Paid Search,Sales Team,Desktop,Europe,51-200,0.782,24.07,False,False,Free,Free,,0
U103048,2025-06-06,Social,Founder,Mobile,North America,1-10,1.058,7.18,False,False,Free,Free,,0
U100300,2025-06-06,Referral,Sales Team,Tablet,North America,11-50,1.32,8.58,True,False,Free,Free,,0
U105098,2025-06-06,Partnership,Marketing Team,Desktop,APAC,11-50,1.015,34.85,False,False,Free,Free,,0
U102836,2025-06-06,Social,Ops Manager,Desktop,APAC,11-50,1.047,17.64,False,False,Free,Free,,0
U105623,2025-06-06,Organic Search,Sales Team,Desktop,Europe,51-200,1.311,8.06,True,True,Trial,Free,,0
U102510,2025-06-06,Social,Founder,Desktop,APAC,1-10,0.941,6.49,False,False,Free,Free,,0
U101633,2025-06-06,Content,Founder,Mobile,APAC,201-1000,1.073,31.98,False,False,Free,Free,,0
U107300,2025-06-06,Content,Student / Hobby,Desktop,North America,201-1000,1.161,22.19,False,False,Free,Free,,0
U103105,2025-06-06,Social,Founder,Desktop,APAC,51-200,0.685,14.63,False,False,Free,Free,,0
U106627,2025-06-06,Paid Search,Founder,Mobile,Europe,1000+,1.079,27.78,False,False,Free,Free,,0
U103273,2025-06-06,Paid Search,Founder,Desktop,APAC,11-50,1.055,13.19,False,False,Free,Free,,0
U106132,2025-06-06,Organic Search,Ops Manager,Tablet,APAC,1-10,0.893,31.15,False,False,Free,Free,,0
U106766,2025-06-06,Referral,Sales Team,Mobile,Europe,1-10,1.018,5.17,False,False,Free,Free,,0
U107107,2025-06-06,Organic Search,Student / Hobby,Mobile,Europe,11-50,0.509,63.01,False,False,Free,Free,,0
U101559,2025-06-06,Paid Search,Founder,Desktop,LATAM,1000+,1.207,15.55,True,False,Free,Free,,0
U107337,2025-06-06,Organic Search,Ops Manager,Desktop,North America,11-50,1.458,5.76,True,True,Trial,Free,,0
U101848,2025-06-06,Paid Search,Marketing Team,Desktop,Europe,1-10,0.88,54.89,False,False,Free,Free,,0
U103629,2025-06-06,Partnership,Founder,Desktop,LATAM,11-50,1.301,3.44,True,False,Free,Free,,0
U105956,2025-06-06,Organic Search,Sales Team,Desktop,North America,51-200,1.023,9.98,False,False,Free,Free,,0
U107447,2025-06-06,Social,Marketing Team,Mobile,North America,11-50,0.548,38.35,True,False,Free,Free,,0
U100534,2025-06-06,Paid Search,Founder,Desktop,APAC,1-10,1.133,22.65,True,False,Free,Free,,0
U100013,2025-06-07,Referral,Sales Team,Desktop,Europe,1-10,1.012,24.1,False,False,Free,Free,,0
U106573,2025-06-07,Paid Search,Founder,Tablet,North America,1-10,0.826,14.29,False,False,Free,Free,,0
U104589,2025-06-07,Paid Search,Founder,Desktop,Europe,1000+,0.974,18.76,False,False,Free,Free,,0
U102553,2025-06-07,Content,Founder,Desktop,APAC,1-10,1.368,4.51,False,False,Free,Free,,0
U107295,2025-06-07,Social,Student / Hobby,Desktop,North America,1-10,0.54,26.68,True,False,Free,Free,,0
U101092,2025-06-07,Content,Sales Team,Desktop,MEA,1-10,1.324,2.99,True,False,Free,Free,,0
U106935,2025-06-07,Paid Search,Marketing Team,Desktop,Europe,51-200,0.767,10.86,True,True,Paid,Starter,2025-06-08,19
U105426,2025-06-07,Paid Search,Founder,Mobile,Europe,201-1000,0.89,10.23,False,False,Free,Free,,0
U101224,2025-06-07,Referral,Sales Team,Tablet,North America,51-200,1.217,3.86,False,False,Free,Free,,0
U105458,2025-06-07,Organic Search,Marketing Team,Desktop,North America,1000+,0.926,61.43,False,False,Free,Free,,0
U103504,2025-06-07,Organic Search,Sales Team,Desktop,North America,51-200,0.981,37.04,True,False,Free,Free,,0
U107748,2025-06-07,Organic Search,Founder,Desktop,North America,1-10,0.924,12.01,False,False,Free,Free,,0
U101931,2025-06-07,Paid Search,Sales Team,Mobile,North America,1-10,0.605,22.59,True,True,Trial,Free,,0
U108061,2025-06-07,Organic Search,Founder,Mobile,Europe,1-10,1.401,9.89,True,False,Free,Free,,0
U106298,2025-06-07,Partnership,Founder,Desktop,Europe,1-10,1.8,11.49,True,True,Paid,Starter,2025-06-07,19
U105863,2025-06-07,Organic Search,Founder,Desktop,APAC,51-200,1.305,17.8,False,False,Free,Free,,0
U105361,2025-06-07,Referral,Ops Manager,Desktop,North America,51-200,1.429,15.08,False,False,Free,Free,,0
U108434,2025-06-07,Paid Search,Founder,Desktop,APAC,11-50,0.966,18.37,True,True,Paid,Growth,2025-06-15,59
U104771,2025-06-07,Social,Founder,Desktop,APAC,201-1000,0.947,8.43,False,False,Free,Free,,0
U100565,2025-06-08,Organic Search,Sales Team,Mobile,Europe,11-50,1.39,29.4,True,False,Free,Free,,0
U106869,2025-06-08,Partnership,Founder,Desktop,North America,51-200,1.187,4.13,True,True,Paid,Starter,2025-06-11,19
U100467,2025-06-08,Social,Founder,Mobile,APAC,1-10,0.918,10.2,False,False,Free,Free,,0
U104077,2025-06-08,Content,Marketing Team,Desktop,Europe,1-10,1.372,17.56,True,True,Trial,Free,,0
U103797,2025-06-08,Content,Founder,Mobile,LATAM,51-200,1.445,6.89,False,False,Free,Free,,0
U104072,2025-06-08,Organic Search,Founder,Desktop,North America,51-200,1.261,3.67,False,False,Free,Free,,0
U107877,2025-06-08,Organic Search,Sales Team,Tablet,Europe,1-10,0.712,1.81,False,False,Free,Free,,0
U103195,2025-06-08,Paid Search,Sales Team,Desktop,North America,11-50,0.906,48.56,False,False,Free,Free,,0
U103368,2025-06-08,Referral,Sales Team,Desktop,Europe,11-50,1.16,38.12,False,False,Free,Free,,0
U107432,2025-06-08,Referral,Sales Team,Desktop,North America,1-10,1.317,3.83,True,False,Free,Free,,0
U104635,2025-06-08,Organic Search,Student / Hobby,Mobile,North America,11-50,0.43,75.37,False,False,Free,Free,,0
U107821,2025-06-08,Organic Search,Ops Manager,Desktop,Europe,1-10,1.524,7.01,False,False,Free,Free,,0
U100492,2025-06-08,Organic Search,Ops Manager,Desktop,APAC,1-10,1.129,15.49,True,False,Free,Free,,0
U103229,2025-06-08,Content,Sales Team,Desktop,Europe,1-10,1.441,8.92,True,True,Trial,Free,,0
U104473,2025-06-08,Paid Search,Ops Manager,Desktop,Europe,11-50,1.061,25.66,True,True,Trial,Free,,0
U103938,2025-06-08,Organic Search,Marketing Team,Mobile,LATAM,1-10,1.017,17.18,False,False,Free,Free,,0
U103400,2025-06-08,Paid Search,Founder,Desktop,LATAM,51-200,0.861,8.19,False,False,Free,Free,,0
U102280,2025-06-08,Social,Founder,Mobile,North America,11-50,0.821,12.87,False,False,Free,Free,,0
U106409,2025-06-08,Organic Search,Ops Manager,Mobile,Europe,201-1000,1.59,18.32,True,False,Free,Free,,0
U102777,2025-06-08,Organic Search,Ops Manager,Desktop,North America,51-200,1.732,17.36,True,False,Free,Free,,0
U103053,2025-06-08,Paid Search,Marketing Team,Mobile,Europe,1-10,0.939,15.3,True,True,Paid,Growth,2025-06-12,59
U102906,2025-06-08,Paid Search,Sales Team,Desktop,North America,1-10,0.482,22.29,False,False,Free,Free,,0
U105165,2025-06-08,Organic Search,Ops Manager,Desktop,Europe,11-50,1.483,13.11,True,True,Paid,Scale,2025-06-10,149
U103108,2025-06-08,Organic Search,Ops Manager,Desktop,Europe,1-10,1.188,6.09,True,False,Free,Free,,0
U101493,2025-06-08,Paid Search,Sales Team,Desktop,North America,51-200,0.836,27.94,False,False,Free,Free,,0
U107543,2025-06-08,Paid Search,Founder,Mobile,North America,1-10,0.486,19.39,False,False,Free,Free,,0
U101036,2025-06-08,Social,Founder,Mobile,LATAM,1-10,0.615,16.64,False,False,Free,Free,,0
U102972,2025-06-09,Organic Search,Ops Manager,Mobile,APAC,1-10,1.431,24.01,True,False,Free,Free,,0
U102021,2025-06-09,Organic Search,Marketing Team,Tablet,North America,51-200,0.51,33.31,False,False,Free,Free,,0
U100412,2025-06-09,Social,Student / Hobby,Mobile,MEA,11-50,0.786,32.16,False,False,Free,Free,,0
U106518,2025-06-09,Paid Search,Sales Team,Mobile,Europe,1-10,1.118,20.63,False,False,Free,Free,,0
U104027,2025-06-09,Paid Search,Student / Hobby,Desktop,APAC,51-200,0.401,33.07,False,False,Free,Free,,0
U106146,2025-06-09,Paid Search,Sales Team,Mobile,Europe,1-10,0.875,20.58,False,False,Free,Free,,0
U102004,2025-06-09,Referral,Student / Hobby,Desktop,North America,51-200,0.722,18.59,False,False,Free,Free,,0
U107921,2025-06-09,Paid Search,Founder,Mobile,APAC,1-10,0.637,34.05,False,False,Free,Free,,0
U107174,2025-06-09,Partnership,Founder,Desktop,Europe,11-50,0.996,20.03,True,True,Trial,Free,,0
U107571,2025-06-09,Paid Search,Ops Manager,Desktop,Europe,201-1000,1.223,9.74,True,False,Free,Free,,0
U105950,2025-06-09,Referral,Founder,Desktop,North America,201-1000,1.282,27.27,True,False,Free,Free,,0
U101377,2025-06-09,Paid Search,Founder,Desktop,North America,51-200,0.924,20.89,False,False,Free,Free,,0
U105354,2025-06-09,Referral,Founder,Mobile,Europe,51-200,1.713,4.0,True,True,Trial,Free,,0
U108131,2025-06-09,Paid Search,Student / Hobby,Desktop,MEA,1000+,0.25,40.14,False,False,Free,Free,,0
U100122,2025-06-09,Organic Search,Founder,Tablet,Europe,51-200,0.842,48.88,True,False,Free,Free,,0
U105614,2025-06-09,Organic Search,Marketing Team,Desktop,Europe,1-10,0.929,12.86,False,False,Free,Free,,0
U103980,2025-06-09,Paid Search,Marketing Team,Mobile,North America,51-200,0.989,1.62,False,False,Free,Free,,0
U105375,2025-06-09,Paid Search,Sales Team,Mobile,LATAM,11-50,0.901,26.52,False,False,Free,Free,,0
U102837,2025-06-09,Organic Search,Sales Team,Mobile,North America,51-200,1.105,10.22,False,False,Free,Free,,0
U105008,2025-06-09,Referral,Ops Manager,Desktop,LATAM,1-10,1.522,4.92,True,False,Free,Free,,0
U106257,2025-06-09,Paid Search,Ops Manager,Desktop,North America,11-50,0.904,22.39,False,False,Free,Free,,0
U100251,2025-06-09,Content,Founder,Desktop,Europe,201-1000,1.526,6.55,False,False,Free,Free,,0
U105261,2025-06-09,Organic Search,Founder,Desktop,APAC,1-10,1.102,20.99,True,False,Free,Free,,0
U107120,2025-06-09,Paid Search,Sales Team,Desktop,North America,1-10,0.85,46.11,False,False,Free,Free,,0
U104604,2025-06-09,Referral,Founder,Mobile,North America,11-50,1.731,13.56,False,False,Free,Free,,0
U103204,2025-06-09,Referral,Sales Team,Desktop,MEA,1-10,1.495,13.01,False,False,Free,Free,,0
U105727,2025-06-09,Paid Search,Ops Manager,Desktop,North America,1-10,0.878,16.7,False,False,Free,Free,,0
U105246,2025-06-10,Social,Sales Team,Desktop,APAC,1-10,0.585,18.47,False,False,Free,Free,,0
U101190,2025-06-10,Content,Sales Team,Desktop,North America,1-10,1.343,13.77,True,True,Trial,Free,,0
U101162,2025-06-10,Paid Search,Marketing Team,Mobile,North America,1-10,0.856,15.79,False,False,Free,Free,,0
U104533,2025-06-10,Partnership,Founder,Desktop,North America,201-1000,1.617,19.88,True,True,Trial,Free,,0
U107446,2025-06-10,Paid Search,Ops Manager,Mobile,Europe,1-10,1.106,9.4,False,False,Free,Free,,0
U100326,2025-06-10,Content,Sales Team,Desktop,LATAM,1-10,1.337,0.48,True,True,Trial,Free,,0
U102761,2025-06-10,Referral,Founder,Desktop,North America,1-10,1.616,29.15,True,False,Free,Free,,0
U100493,2025-06-10,Social,Marketing Team,Desktop,North America,1-10,0.531,5.56,False,False,Free,Free,,0
U101129,2025-06-10,Organic Search,Student / Hobby,Desktop,North America,51-200,0.722,34.02,False,False,Free,Free,,0
U102593,2025-06-10,Organic Search,Marketing Team,Desktop,Europe,51-200,0.68,21.01,False,False,Free,Free,,0
U107460,2025-06-10,Referral,Ops Manager,Mobile,North America,51-200,1.546,19.83,False,False,Free,Free,,0
U108465,2025-06-10,Paid Search,Student / Hobby,Desktop,APAC,11-50,0.25,107.03,True,False,Free,Free,,0
U100612,2025-06-10,Paid Search,Ops Manager,Desktop,North America,1000+,1.168,3.98,True,True,Trial,Free,,0
U100699,2025-06-10,Referral,Sales Team,Desktop,MEA,1-10,1.949,12.56,True,True,Trial,Free,,0
U104179,2025-06-10,Paid Search,Student / Hobby,Desktop,Europe,1-10,0.456,75.87,False,False,Free,Free,,0
U105834,2025-06-10,Paid Search,Student / Hobby,Desktop,North America,11-50,0.698,24.95,False,False,Free,Free,,0
U100719,2025-06-10,Paid Search,Marketing Team,Desktop,North America,11-50,0.701,14.78,False,False,Free,Free,,0
U107663,2025-06-10,Organic Search,Founder,Desktop,MEA,11-50,1.004,25.7,False,False,Free,Free,,0
U106918,2025-06-10,Organic Search,Sales Team,Mobile,Europe,1-10,0.951,38.5,True,True,Paid,Starter,2025-06-10,19
U104394,2025-06-10,Referral,Ops Manager,Desktop,Europe,1-10,1.587,16.2,False,False,Free,Free,,0
U103843,2025-06-10,Referral,Ops Manager,Desktop,APAC,1-10,1.447,45.85,True,False,Free,Free,,0
U101465,2025-06-10,Social,Founder,Mobile,APAC,1-10,0.985,4.04,False,False,Free,Free,,0
U106166,2025-06-10,Organic Search,Ops Manager,Desktop,North America,11-50,1.84,5.06,True,False,Free,Free,,0
U104453,2025-06-10,Organic Search,Founder,Desktop,MEA,11-50,0.987,32.58,True,True,Trial,Free,,0
U100906,2025-06-10,Organic Search,Sales Team,Desktop,MEA,1-10,1.349,16.41,False,False,Free,Free,,0
U102230,2025-06-10,Paid Search,Founder,Tablet,APAC,51-200,1.022,9.65,True,False,Free,Free,,0
U106882,2025-06-10,Paid Search,Student / Hobby,Desktop,Europe,1-10,0.592,19.47,False,False,Free,Free,,0
U103796,2025-06-10,Organic Search,Founder,Desktop,North America,1-10,0.879,47.37,False,False,Free,Free,,0
U107731,2025-06-10,Organic Search,Sales Team,Desktop,North America,201-1000,0.793,28.77,False,False,Free,Free,,0
U104476,2025-06-10,Organic Search,Sales Team,Desktop,Europe,11-50,1.008,6.95,True,False,Free,Free,,0
U102977,2025-06-10,Referral,Student / Hobby,Mobile,APAC,1-10,1.064,14.87,False,False,Free,Free,,0
U102232,2025-06-11,Paid Search,Sales Team,Mobile,Europe,1-10,0.52,26.52,True,False,Free,Free,,0
U107896,2025-06-11,Paid Search,Marketing Team,Mobile,MEA,11-50,0.887,10.32,False,False,Free,Free,,0
U104240,2025-06-11,Paid Search,Marketing Team,Desktop,North America,11-50,0.433,28.64,False,False,Free,Free,,0
U107278,2025-06-11,Organic Search,Sales Team,Desktop,North America,11-50,0.852,26.18,False,False,Free,Free,,0
U105669,2025-06-11,Social,Founder,Tablet,Europe,1-10,1.058,33.25,False,False,Free,Free,,0
U106785,2025-06-11,Content,Student / Hobby,Tablet,North America,1-10,0.401,47.75,False,False,Free,Free,,0
U101897,2025-06-11,Organic Search,Student / Hobby,Mobile,North America,1-10,0.553,28.4,False,False,Free,Free,,0
U105353,2025-06-11,Referral,Founder,Mobile,LATAM,1-10,1.612,22.65,False,False,Free,Free,,0
U105939,2025-06-11,Organic Search,Marketing Team,Mobile,North America,51-200,0.742,44.33,False,False,Free,Free,,0
U103611,2025-06-11,Referral,Student / Hobby,Desktop,MEA,51-200,0.982,8.66,True,False,Free,Free,,0
U104353,2025-06-11,Paid Search,Founder,Desktop,Europe,11-50,0.504,138.61,False,False,Free,Free,,0
U107360,2025-06-11,Organic Search,Ops Manager,Desktop,North America,1-10,1.06,13.2,False,False,Free,Free,,0
U102151,2025-06-11,Paid Search,Founder,Desktop,North America,11-50,0.941,16.68,False,False,Free,Free,,0
U104780,2025-06-11,Paid Search,Marketing Team,Desktop,North America,1-10,0.903,20.11,True,True,Trial,Free,,0
U107951,2025-06-11,Social,Founder,Tablet,North America,11-50,0.971,22.83,False,False,Free,Free,,0
U106007,2025-06-11,Organic Search,Founder,Desktop,APAC,1-10,1.098,12.23,False,False,Free,Free,,0
U108459,2025-06-11,Organic Search,Founder,Desktop,North America,201-1000,1.101,19.78,False,False,Free,Free,,0
U108462,2025-06-11,Paid Search,Ops Manager,Desktop,APAC,11-50,0.673,57.54,True,False,Free,Free,,0
U108423,2025-06-11,Organic Search,Sales Team,Desktop,Europe,51-200,0.969,14.14,False,False,Free,Free,,0
U104949,2025-06-11,Paid Search,Founder,Tablet,North America,11-50,0.716,32.85,False,False,Free,Free,,0
U102569,2025-06-11,Organic Search,Student / Hobby,Mobile,Europe,201-1000,0.554,12.81,False,False,Free,Free,,0
U104848,2025-06-11,Referral,Ops Manager,Desktop,Europe,11-50,1.636,9.63,True,True,Paid,Starter,2025-06-19,19
U103114,2025-06-11,Organic Search,Ops Manager,Mobile,North America,1-10,1.28,3.22,True,True,Trial,Free,,0
U102451,2025-06-11,Referral,Sales Team,Mobile,Europe,11-50,1.228,21.86,True,True,Trial,Free,,0
U106278,2025-06-11,Organic Search,Ops Manager,Mobile,Europe,1-10,1.548,2.12,False,False,Free,Free,,0
U101043,2025-06-11,Social,Marketing Team,Desktop,North America,1-10,0.474,14.49,False,False,Free,Free,,0
U100421,2025-06-11,Social,Sales Team,Desktop,North America,1000+,0.856,9.47,False,False,Free,Free,,0
U102997,2025-06-11,Organic Search,Sales Team,Desktop,North America,51-200,1.234,3.94,True,False,Free,Free,,0
U101198,2025-06-11,Organic Search,Founder,Mobile,APAC,11-50,0.827,26.68,False,False,Free,Free,,0
U108230,2025-06-11,Referral,Sales Team,Tablet,APAC,1-10,1.36,9.67,True,False,Free,Free,,0
U104363,2025-06-12,Social,Marketing Team,Desktop,North America,11-50,0.76,20.14,True,False,Free,Free,,0
U105799,2025-06-12,Organic Search,Founder,Desktop,North America,1000+,0.93,7.13,True,False,Free,Free,,0
U107041,2025-06-12,Organic Search,Ops Manager,Mobile,LATAM,11-50,1.25,23.95,False,False,Free,Free,,0
U107190,2025-06-12,Social,Student / Hobby,Desktop,North America,1-10,0.609,58.01,False,False,Free,Free,,0
U101719,2025-06-12,Referral,Ops Manager,Desktop,APAC,201-1000,1.617,17.58,False,False,Free,Free,,0
U100365,2025-06-12,Social,Marketing Team,Desktop,North America,1-10,0.723,25.21,False,False,Free,Free,,0
U106681,2025-06-12,Organic Search,Marketing Team,Desktop,North America,1000+,0.573,5.14,False,False,Free,Free,,0
U107225,2025-06-12,Paid Search,Sales Team,Desktop,Europe,11-50,1.013,10.53,False,False,Free,Free,,0
U105151,2025-06-12,Paid Search,Marketing Team,Desktop,Europe,1-10,0.721,6.65,False,False,Free,Free,,0
U107334,2025-06-12,Partnership,Founder,Desktop,Europe,1-10,1.144,20.37,False,False,Free,Free,,0
U104566,2025-06-12,Paid Search,Ops Manager,Mobile,North America,51-200,0.734,29.45,False,False,Free,Free,,0
U101011,2025-06-12,Paid Search,Founder,Desktop,North America,1000+,0.93,40.55,False,False,Free,Free,,0
U103083,2025-06-12,Content,Ops Manager,Mobile,Europe,11-50,1.589,13.21,False,False,Free,Free,,0
U100158,2025-06-12,Content,Founder,Desktop,Europe,11-50,1.794,9.79,True,True,Trial,Free,,0
U101917,2025-06-12,Content,Ops Manager,Desktop,APAC,1-10,1.08,17.06,False,False,Free,Free,,0
U107890,2025-06-12,Content,Sales Team,Tablet,Europe,11-50,1.571,13.95,True,False,Free,Free,,0
U104454,2025-06-12,Partnership,Founder,Mobile,Europe,1-10,1.431,7.88,True,False,Free,Free,,0
U108463,2025-06-12,Content,Ops Manager,Desktop,North America,11-50,1.434,17.92,True,False,Free,Free,,0
U106821,2025-06-12,Referral,Sales Team,Desktop,Europe,1-10,0.906,48.43,True,True,Trial,Free,,0
U104468,2025-06-12,Paid Search,Ops Manager,Desktop,Europe,51-200,0.954,21.06,False,False,Free,Free,,0
U106488,2025-06-12,Referral,Ops Manager,Desktop,Europe,1-10,1.39,3.54,True,True,Paid,Scale,2025-06-18,149
U107818,2025-06-12,Partnership,Sales Team,Desktop,Europe,1-10,1.458,11.55,True,True,Paid,Growth,2025-06-15,59
U103411,2025-06-12,Paid Search,Ops Manager,Desktop,Europe,11-50,0.975,29.25,False,False,Free,Free,,0
U106184,2025-06-12,Paid Search,Ops Manager,Desktop,Europe,1-10,0.841,11.43,True,False,Free,Free,,0
U106383,2025-06-12,Organic Search,Ops Manager,Mobile,North America,51-200,1.439,14.72,False,False,Free,Free,,0
U105433,2025-06-12,Paid Search,Founder,Mobile,Europe,1-10,0.925,16.26,False,False,Free,Free,,0
U101292,2025-06-12,Paid Search,Marketing Team,Desktop,APAC,51-200,0.97,31.98,False,False,Free,Free,,0
U104102,2025-06-12,Referral,Sales Team,Desktop,Europe,1-10,1.245,11.67,False,False,Free,Free,,0
U103423,2025-06-12,Social,Founder,Desktop,APAC,11-50,0.899,6.25,False,False,Free,Free,,0
U107302,2025-06-12,Referral,Founder,Desktop,Europe,1000+,1.365,11.64,True,True,Paid,Starter,2025-06-15,19
U107415,2025-06-12,Organic Search,Ops Manager,Desktop,North America,51-200,1.718,17.66,False,False,Free,Free,,0
U104675,2025-06-12,Content,Ops Manager,Mobile,Europe,1-10,1.333,13.92,False,False,Free,Free,,0
U101025,2025-06-12,Paid Search,Founder,Mobile,MEA,1-10,1.27,25.6,False,False,Free,Free,,0
U107213,2025-06-12,Social,Ops Manager,Desktop,Europe,11-50,0.658,17.33,False,False,Free,Free,,0
U103919,2025-06-12,Referral,Ops Manager,Desktop,LATAM,1-10,1.94,10.69,True,True,Paid,Starter,2025-06-18,19
U104767,2025-06-12,Organic Search,Student / Hobby,Desktop,Europe,1-10,0.332,61.6,False,False,Free,Free,,0
U105181,2025-06-12,Content,Ops Manager,Desktop,North America,1-10,1.011,29.5,False,False,Free,Free,,0
U104028,2025-06-13,Referral,Sales Team,Mobile,North America,1-10,1.304,32.92,False,False,Free,Free,,0
U107499,2025-06-13,Social,Ops Manager,Desktop,Europe,1-10,0.838,51.54,False,False,Free,Free,,0
U105002,2025-06-13,Referral,Sales Team,Desktop,APAC,51-200,1.291,16.2,False,False,Free,Free,,0
U105492,2025-06-13,Paid Search,Student / Hobby,Desktop,LATAM,201-1000,0.614,18.99,False,False,Free,Free,,0
U104865,2025-06-13,Referral,Founder,Mobile,MEA,1000+,1.623,5.94,True,True,Paid,Starter,2025-06-13,19
U101044,2025-06-13,Referral,Marketing Team,Mobile,MEA,1000+,1.44,10.08,True,False,Free,Free,,0
U107904,2025-06-13,Referral,Founder,Desktop,North America,11-50,1.418,18.84,False,False,Free,Free,,0
U100078,2025-06-13,Referral,Marketing Team,Tablet,APAC,1-10,0.749,32.86,False,False,Free,Free,,0
U105555,2025-06-13,Social,Sales Team,Desktop,Europe,51-200,1.055,47.59,True,False,Free,Free,,0
U102857,2025-06-13,Content,Sales Team,Desktop,North America,11-50,0.796,38.33,False,False,Free,Free,,0
U106651,2025-06-13,Social,Founder,Desktop,Europe,51-200,0.409,38.67,False,False,Free,Free,,0
U103892,2025-06-13,Social,Sales Team,Desktop,Europe,1-10,1.046,16.63,False,False,Free,Free,,0
U105567,2025-06-13,Content,Marketing Team,Desktop,APAC,51-200,0.898,27.88,False,False,Free,Free,,0
U102200,2025-06-13,Organic Search,Founder,Desktop,North America,11-50,1.529,12.37,False,False,Free,Free,,0
U100186,2025-06-13,Social,Marketing Team,Desktop,North America,1-10,1.033,0.39,True,False,Free,Free,,0
U101500,2025-06-13,Organic Search,Student / Hobby,Mobile,North America,1-10,0.25,22.72,False,False,Free,Free,,0
U100223,2025-06-13,Paid Search,Student / Hobby,Desktop,LATAM,201-1000,0.26,25.85,False,False,Free,Free,,0
U103769,2025-06-13,Paid Search,Sales Team,Desktop,North America,1-10,0.792,13.37,False,False,Free,Free,,0
U107071,2025-06-14,Referral,Founder,Desktop,Europe,1-10,1.589,18.7,True,False,Free,Free,,0
U100054,2025-06-14,Paid Search,Sales Team,Desktop,North America,11-50,1.096,20.75,False,False,Free,Free,,0
U103807,2025-06-14,Organic Search,Ops Manager,Tablet,APAC,11-50,1.899,18.03,False,False,Free,Free,,0
U106802,2025-06-14,Content,Marketing Team,Desktop,Europe,11-50,0.791,6.53,False,False,Free,Free,,0
U107989,2025-06-14,Organic Search,Marketing Team,Mobile,North America,1000+,0.631,38.21,False,False,Free,Free,,0
U102649,2025-06-14,Content,Student / Hobby,Mobile,Europe,1-10,0.608,41.27,False,False,Free,Free,,0
U100824,2025-06-14,Social,Ops Manager,Tablet,North America,11-50,1.16,9.57,True,False,Free,Free,,0
U107710,2025-06-14,Organic Search,Marketing Team,Mobile,APAC,51-200,0.704,17.55,False,False,Free,Free,,0
U102438,2025-06-14,Paid Search,Ops Manager,Desktop,North America,1-10,1.21,56.5,False,False,Free,Free,,0
U102365,2025-06-14,Paid Search,Founder,Mobile,North America,11-50,0.628,43.61,False,False,Free,Free,,0
U106492,2025-06-14,Content,Sales Team,Desktop,Europe,201-1000,1.084,12.96,False,False,Free,Free,,0
U107132,2025-06-14,Paid Search,Founder,Desktop,North America,1-10,1.241,21.42,False,False,Free,Free,,0
U102609,2025-06-14,Organic Search,Ops Manager,Desktop,North America,11-50,1.551,20.34,False,False,Free,Free,,0
U101121,2025-06-14,Paid Search,Founder,Mobile,LATAM,1-10,1.093,18.45,False,False,Free,Free,,0
U105980,2025-06-14,Referral,Sales Team,Tablet,APAC,201-1000,1.583,15.39,False,False,Free,Free,,0
U108265,2025-06-14,Referral,Founder,Tablet,APAC,51-200,1.171,27.0,False,False,Free,Free,,0
U104823,2025-06-14,Social,Sales Team,Desktop,North America,1-10,0.724,14.74,False,False,Free,Free,,0
U100081,2025-06-14,Organic Search,Sales Team,Mobile,North America,11-50,0.936,42.53,False,False,Free,Free,,0
U103281,2025-06-14,Referral,Founder,Tablet,LATAM,11-50,1.283,22.16,True,False,Free,Free,,0
U100411,2025-06-14,Paid Search,Sales Team,Desktop,Europe,11-50,1.08,17.38,True,False,Free,Free,,0
U105338,2025-06-14,Referral,Founder,Desktop,North America,11-50,1.505,12.88,True,False,Free,Free,,0
U106238,2025-06-15,Social,Founder,Desktop,Europe,51-200,0.858,19.61,False,False,Free,Free,,0
U105738,2025-06-15,Referral,Marketing Team,Desktop,APAC,1-10,0.879,17.53,False,False,Free,Free,,0
U103906,2025-06-15,Referral,Sales Team,Desktop,Europe,51-200,1.428,12.79,True,True,Paid,Growth,2025-06-16,59
U108308,2025-06-15,Content,Founder,Desktop,North America,1-10,1.248,20.04,False,False,Free,Free,,0
U105959,2025-06-15,Paid Search,Ops Manager,Mobile,Europe,51-200,0.877,22.19,False,False,Free,Free,,0
U105985,2025-06-15,Content,Sales Team,Desktop,North America,11-50,1.406,19.78,False,False,Free,Free,,0
U104696,2025-06-15,Organic Search,Founder,Desktop,Europe,1-10,1.272,6.94,False,False,Free,Free,,0
U101051,2025-06-15,Social,Marketing Team,Mobile,North America,1-10,0.504,15.41,False,False,Free,Free,,0
U102935,2025-06-15,Paid Search,Ops Manager,Desktop,Europe,201-1000,1.122,20.86,True,False,Free,Free,,0
U105948,2025-06-15,Paid Search,Founder,Desktop,APAC,11-50,0.87,20.15,True,False,Free,Free,,0
U105636,2025-06-15,Organic Search,Student / Hobby,Desktop,North America,51-200,0.564,31.79,False,False,Free,Free,,0
U108239,2025-06-15,Organic Search,Sales Team,Tablet,North America,1-10,0.996,20.43,True,False,Free,Free,,0
U106455,2025-06-15,Organic Search,Ops Manager,Desktop,North America,51-200,1.257,12.79,True,False,Free,Free,,0
U103625,2025-06-15,Social,Founder,Desktop,Europe,11-50,0.689,45.73,True,False,Free,Free,,0
U104918,2025-06-15,Organic Search,Student / Hobby,Desktop,Europe,201-1000,0.684,20.5,True,True,Paid,Starter,2025-06-18,19
U107613,2025-06-15,Paid Search,Sales Team,Mobile,North America,1-10,0.893,27.76,False,False,Free,Free,,0
U108191,2025-06-15,Referral,Sales Team,Mobile,North America,51-200,1.019,10.09,True,True,Trial,Free,,0
U105349,2025-06-15,Organic Search,Founder,Desktop,LATAM,1000+,1.399,9.21,True,False,Free,Free,,0
U101042,2025-06-15,Organic Search,Ops Manager,Desktop,APAC,11-50,1.274,40.49,False,False,Free,Free,,0
U101361,2025-06-15,Referral,Sales Team,Mobile,Europe,51-200,1.237,17.94,True,True,Paid,Growth,2025-06-15,59
U103360,2025-06-15,Social,Ops Manager,Mobile,North America,1-10,0.616,32.31,False,False,Free,Free,,0
U104537,2025-06-15,Organic Search,Ops Manager,Desktop,North America,201-1000,1.035,11.38,False,False,Free,Free,,0
U106913,2025-06-15,Social,Founder,Mobile,Europe,1-10,0.716,21.93,False,False,Free,Free,,0
U100061,2025-06-15,Referral,Sales Team,Desktop,APAC,1-10,0.938,7.38,True,True,Paid,Starter,2025-06-20,19
U108213,2025-06-15,Referral,Founder,Desktop,APAC,1-10,1.436,21.47,False,False,Free,Free,,0
U105294,2025-06-15,Organic Search,Sales Team,Desktop,North America,201-1000,0.929,4.46,False,False,Free,Free,,0
U102602,2025-06-15,Referral,Student / Hobby,Desktop,North America,1-10,0.458,44.62,False,False,Free,Free,,0
U100368,2025-06-16,Organic Search,Marketing Team,Desktop,North America,11-50,0.913,14.12,False,False,Free,Free,,0
U106653,2025-06-16,Content,Student / Hobby,Mobile,North America,201-1000,0.587,10.16,False,False,Free,Free,,0
U105549,2025-06-16,Social,Marketing Team,Mobile,North America,1-10,0.859,17.5,False,False,Free,Free,,0
U106423,2025-06-16,Paid Search,Sales Team,Desktop,North America,1000+,0.878,29.98,False,False,Free,Free,,0
U100566,2025-06-16,Organic Search,Marketing Team,Desktop,North America,1-10,0.897,12.68,False,False,Free,Free,,0
U101308,2025-06-16,Paid Search,Ops Manager,Desktop,APAC,11-50,0.878,40.93,False,False,Free,Free,,0
U105831,2025-06-16,Referral,Marketing Team,Mobile,MEA,51-200,1.241,20.68,False,False,Free,Free,,0
U105559,2025-06-16,Organic Search,Ops Manager,Desktop,North America,1-10,1.522,16.23,False,False,Free,Free,,0
U102688,2025-06-16,Organic Search,Ops Manager,Tablet,APAC,1-10,1.442,14.91,True,False,Free,Free,,0
U107552,2025-06-16,Content,Sales Team,Desktop,LATAM,1-10,1.102,26.69,False,False,Free,Free,,0
U107682,2025-06-16,Social,Sales Team,Desktop,North America,51-200,0.993,9.0,False,False,Free,Free,,0
U100653,2025-06-16,Paid Search,Ops Manager,Desktop,North America,11-50,1.076,39.89,False,False,Free,Free,,0
U104052,2025-06-16,Paid Search,Founder,Mobile,LATAM,1-10,0.991,15.07,False,False,Free,Free,,0
U108391,2025-06-16,Paid Search,Sales Team,Desktop,North America,1-10,0.852,23.32,False,False,Free,Free,,0
U103708,2025-06-16,Paid Search,Sales Team,Desktop,North America,11-50,0.971,8.06,False,False,Free,Free,,0
U100040,2025-06-16,Referral,Student / Hobby,Desktop,APAC,51-200,0.61,19.87,False,False,Free,Free,,0
U108297,2025-06-17,Paid Search,Founder,Desktop,APAC,1000+,1.306,12.71,False,False,Free,Free,,0
U108343,2025-06-17,Paid Search,Ops Manager,Desktop,Europe,11-50,0.74,37.94,False,False,Free,Free,,0
U101992,2025-06-17,Paid Search,Ops Manager,Mobile,Europe,1-10,0.856,9.32,False,False,Free,Free,,0
U103172,2025-06-17,Social,Sales Team,Desktop,Europe,1-10,0.592,29.68,False,False,Free,Free,,0
U103118,2025-06-17,Organic Search,Founder,Desktop,APAC,1-10,1.383,32.35,False,False,Free,Free,,0
U107518,2025-06-17,Paid Search,Sales Team,Mobile,Europe,51-200,0.507,31.06,False,False,Free,Free,,0
U105524,2025-06-17,Referral,Marketing Team,Tablet,Europe,11-50,1.15,2.77,True,False,Free,Free,,0
U108166,2025-06-17,Paid Search,Sales Team,Desktop,North America,201-1000,0.661,37.05,False,False,Free,Free,,0
U100156,2025-06-17,Social,Marketing Team,Mobile,APAC,1-10,0.792,15.28,True,False,Free,Free,,0
U103346,2025-06-17,Referral,Founder,Mobile,North America,1-10,1.377,13.59,False,False,Free,Free,,0
U105184,2025-06-17,Referral,Marketing Team,Desktop,Europe,11-50,1.375,9.01,False,False,Free,Free,,0
U102759,2025-06-17,Content,Founder,Desktop,North America,11-50,1.313,40.42,False,False,Free,Free,,0
U107688,2025-06-17,Referral,Ops Manager,Desktop,Europe,1-10,1.462,7.78,True,False,Free,Free,,0
U103628,2025-06-17,Social,Sales Team,Mobile,MEA,1-10,0.793,67.04,False,False,Free,Free,,0
U104585,2025-06-17,Paid Search,Sales Team,Mobile,North America,11-50,0.661,27.81,False,False,Free,Free,,0
U101140,2025-06-17,Organic Search,Marketing Team,Tablet,Europe,1000+,0.755,20.66,True,False,Free,Free,,0
U101466,2025-06-17,Organic Search,Founder,Desktop,North America,11-50,1.203,8.98,True,True,Trial,Free,,0
U102924,2025-06-17,Partnership,Ops Manager,Desktop,North America,1-10,1.565,11.21,False,False,Free,Free,,0
U102914,2025-06-17,Paid Search,Founder,Desktop,APAC,1-10,1.051,6.81,True,False,Free,Free,,0
U105865,2025-06-17,Content,Ops Manager,Desktop,North America,1-10,1.271,10.86,False,False,Free,Free,,0
U101501,2025-06-17,Paid Search,Student / Hobby,Desktop,North America,11-50,0.431,15.63,False,False,Free,Free,,0
U103863,2025-06-18,Social,Ops Manager,Desktop,North America,11-50,0.906,50.46,False,False,Free,Free,,0
U103106,2025-06-18,Social,Founder,Desktop,APAC,51-200,1.053,19.64,False,False,Free,Free,,0
U101056,2025-06-18,Paid Search,Sales Team,Desktop,North America,1-10,0.286,44.13,False,False,Free,Free,,0
U102085,2025-06-18,Organic Search,Sales Team,Mobile,LATAM,11-50,0.983,6.89,False,False,Free,Free,,0
U100712,2025-06-18,Referral,Sales Team,Desktop,North America,51-200,1.233,30.54,True,True,Paid,Growth,2025-06-18,59
U103487,2025-06-18,Organic Search,Founder,Mobile,LATAM,201-1000,0.946,28.89,False,False,Free,Free,,0
U102768,2025-06-18,Referral,Marketing Team,Desktop,North America,51-200,1.258,15.1,False,False,Free,Free,,0
U101219,2025-06-18,Referral,Sales Team,Desktop,APAC,1-10,1.313,18.79,True,False,Free,Free,,0
U108357,2025-06-18,Paid Search,Ops Manager,Desktop,LATAM,51-200,1.064,15.19,False,False,Free,Free,,0
U104554,2025-06-18,Social,Ops Manager,Desktop,North America,1-10,0.949,13.36,False,False,Free,Free,,0
U101805,2025-06-18,Referral,Marketing Team,Desktop,North America,1-10,1.352,45.5,False,False,Free,Free,,0
U105578,2025-06-18,Referral,Ops Manager,Mobile,APAC,201-1000,1.627,5.1,False,False,Free,Free,,0
U104613,2025-06-18,Organic Search,Founder,Mobile,North America,1-10,0.984,12.02,True,False,Free,Free,,0
U108013,2025-06-18,Organic Search,Ops Manager,Desktop,APAC,51-200,1.689,14.93,True,True,Paid,Growth,2025-06-19,59
U107136,2025-06-18,Organic Search,Sales Team,Desktop,North America,1-10,0.779,38.05,False,False,Free,Free,,0
U105194,2025-06-18,Referral,Sales Team,Desktop,Europe,11-50,1.603,9.77,True,True,Trial,Free,,0
U100637,2025-06-18,Referral,Sales Team,Mobile,Europe,1-10,1.041,28.75,False,False,Free,Free,,0
U107095,2025-06-18,Paid Search,Founder,Desktop,North America,11-50,1.016,6.56,False,False,Free,Free,,0
U107956,2025-06-19,Organic Search,Ops Manager,Tablet,Europe,11-50,1.239,20.49,False,False,Free,Free,,0
U105813,2025-06-19,Content,Founder,Desktop,North America,1-10,1.358,0.72,True,True,Trial,Free,,0
U101695,2025-06-19,Organic Search,Student / Hobby,Desktop,Europe,1-10,0.839,12.56,False,False,Free,Free,,0
U101017,2025-06-19,Paid Search,Ops Manager,Desktop,Europe,11-50,0.787,16.3,False,False,Free,Free,,0
U103175,2025-06-19,Organic Search,Founder,Desktop,Europe,1-10,1.159,29.15,False,False,Free,Free,,0
U100834,2025-06-19,Referral,Ops Manager,Desktop,North America,51-200,1.688,10.79,False,False,Free,Free,,0
U102562,2025-06-19,Organic Search,Founder,Mobile,Europe,1000+,0.894,12.03,False,False,Free,Free,,0
U107113,2025-06-19,Partnership,Ops Manager,Desktop,North America,201-1000,1.607,7.07,True,True,Trial,Free,,0
U103227,2025-06-19,Partnership,Founder,Tablet,Europe,1-10,1.546,12.67,True,False,Free,Free,,0
U103664,2025-06-19,Referral,Ops Manager,Desktop,North America,11-50,1.453,8.43,False,False,Free,Free,,0
U102822,2025-06-19,Paid Search,Ops Manager,Desktop,APAC,51-200,0.618,25.78,True,False,Free,Free,,0
U102462,2025-06-19,Referral,Marketing Team,Desktop,North America,1-10,1.009,19.39,True,False,Free,Free,,0
U106764,2025-06-19,Content,Ops Manager,Desktop,LATAM,1-10,1.356,28.7,True,False,Free,Free,,0
U106206,2025-06-19,Content,Ops Manager,Desktop,Europe,1-10,1.545,20.69,True,True,Paid,Growth,2025-06-23,59
U100649,2025-06-19,Organic Search,Sales Team,Desktop,Europe,1-10,0.618,23.61,False,False,Free,Free,,0
U106631,2025-06-19,Paid Search,Student / Hobby,Tablet,APAC,11-50,0.431,83.6,False,False,Free,Free,,0
U104217,2025-06-19,Organic Search,Founder,Desktop,North America,201-1000,1.09,22.11,False,False,Free,Free,,0
U100208,2025-06-19,Paid Search,Ops Manager,Tablet,LATAM,51-200,0.678,30.36,False,False,Free,Free,,0
U101234,2025-06-19,Paid Search,Marketing Team,Desktop,North America,51-200,0.558,25.74,True,False,Free,Free,,0
U101603,2025-06-19,Referral,Founder,Mobile,APAC,1-10,1.432,4.09,True,False,Free,Free,,0
U106879,2025-06-19,Paid Search,Sales Team,Desktop,Europe,1-10,0.546,11.7,False,False,Free,Free,,0
U103359,2025-06-19,Paid Search,Founder,Tablet,APAC,51-200,0.991,15.99,False,False,Free,Free,,0
U102799,2025-06-19,Referral,Sales Team,Desktop,APAC,11-50,1.304,14.75,True,True,Trial,Free,,0
U103447,2025-06-19,Referral,Marketing Team,Desktop,North America,51-200,1.109,11.74,False,False,Free,Free,,0
U104581,2025-06-19,Partnership,Founder,Tablet,Europe,1-10,1.713,7.56,False,False,Free,Free,,0
U105733,2025-06-20,Organic Search,Founder,Desktop,North America,11-50,1.527,6.47,False,False,Free,Free,,0
U103773,2025-06-20,Organic Search,Student / Hobby,Desktop,North America,11-50,0.4,2.7,False,False,Free,Free,,0
U104528,2025-06-20,Organic Search,Marketing Team,Desktop,APAC,51-200,0.934,14.13,False,False,Free,Free,,0
U100275,2025-06-20,Social,Ops Manager,Desktop,Europe,1-10,1.49,10.99,True,True,Trial,Free,,0
U101596,2025-06-20,Organic Search,Marketing Team,Mobile,North America,1-10,1.172,19.44,True,False,Free,Free,,0
U108410,2025-06-20,Content,Student / Hobby,Desktop,North America,1-10,0.545,45.26,False,False,Free,Free,,0
U106871,2025-06-20,Referral,Ops Manager,Mobile,LATAM,1-10,1.607,5.82,True,False,Free,Free,,0
U105192,2025-06-20,Paid Search,Founder,Desktop,North America,11-50,1.054,5.82,True,True,Paid,Starter,2025-06-22,19
U104878,2025-06-20,Organic Search,Founder,Desktop,North America,1-10,1.072,22.79,False,False,Free,Free,,0
U105745,2025-06-20,Social,Founder,Desktop,Europe,1-10,0.856,43.46,True,False,Free,Free,,0
U101316,2025-06-20,Organic Search,Student / Hobby,Desktop,APAC,1-10,0.49,41.9,False,False,Free,Free,,0
U104812,2025-06-20,Organic Search,Ops Manager,Desktop,LATAM,1-10,1.664,18.4,True,True,Paid,Growth,2025-06-25,59
U104737,2025-06-20,Organic Search,Ops Manager,Desktop,North America,11-50,1.223,7.49,False,False,Free,Free,,0
U102411,2025-06-20,Paid Search,Ops Manager,Mobile,North America,51-200,1.216,41.13,False,False,Free,Free,,0
U105401,2025-06-20,Paid Search,Ops Manager,Mobile,APAC,11-50,1.254,5.73,False,False,Free,Free,,0
U108448,2025-06-20,Partnership,Sales Team,Mobile,North America,51-200,1.122,33.88,False,False,Free,Free,,0
U105376,2025-06-20,Referral,Ops Manager,Tablet,APAC,1-10,1.839,9.49,False,False,Free,Free,,0
U104833,2025-06-20,Social,Founder,Desktop,Europe,1-10,0.942,15.54,False,False,Free,Free,,0
U102083,2025-06-20,Content,Sales Team,Desktop,Europe,11-50,1.349,10.21,False,False,Free,Free,,0
U103509,2025-06-20,Referral,Ops Manager,Desktop,Europe,11-50,1.766,8.09,True,True,Paid,Growth,2025-06-21,59
U100890,2025-06-21,Social,Sales Team,Desktop,North America,51-200,0.672,26.01,False,False,Free,Free,,0
U106449,2025-06-21,Referral,Sales Team,Desktop,North America,51-200,1.501,30.12,True,True,Trial,Free,,0
U108336,2025-06-21,Partnership,Ops Manager,Mobile,North America,1-10,1.369,14.27,True,True,Paid,Growth,2025-06-21,59
U100848,2025-06-21,Referral,Founder,Desktop,North America,11-50,1.332,3.11,True,False,Free,Free,,0
U107555,2025-06-21,Organic Search,Founder,Desktop,North America,11-50,1.001,11.0,False,False,Free,Free,,0
U105475,2025-06-21,Organic Search,Founder,Mobile,Europe,1-10,1.453,13.06,False,False,Free,Free,,0
U103841,2025-06-21,Paid Search,Ops Manager,Desktop,APAC,1-10,1.09,14.77,False,False,Free,Free,,0
U100755,2025-06-21,Social,Ops Manager,Desktop,Europe,11-50,0.72,16.97,False,False,Free,Free,,0
U104220,2025-06-21,Paid Search,Student / Hobby,Desktop,North America,51-200,0.25,260.74,False,False,Free,Free,,0
U102927,2025-06-21,Paid Search,Student / Hobby,Mobile,North America,1-10,0.537,49.69,False,False,Free,Free,,0
U107775,2025-06-21,Content,Ops Manager,Desktop,Europe,1-10,1.206,32.6,True,False,Free,Free,,0
U100030,2025-06-21,Paid Search,Ops Manager,Desktop,Europe,1-10,0.974,21.92,False,False,Free,Free,,0
U104909,2025-06-21,Partnership,Founder,Desktop,Europe,201-1000,1.604,34.91,False,False,Free,Free,,0
U107618,2025-06-21,Paid Search,Founder,Mobile,APAC,1-10,0.956,22.43,False,False,Free,Free,,0
U104790,2025-06-21,Paid Search,Founder,Mobile,LATAM,1-10,0.725,15.81,False,False,Free,Free,,0
U101806,2025-06-21,Partnership,Ops Manager,Desktop,North America,1-10,1.254,22.15,False,False,Free,Free,,0
U104552,2025-06-21,Organic Search,Ops Manager,Mobile,North America,201-1000,1.496,10.64,True,True,Paid,Growth,2025-06-29,59
U100049,2025-06-21,Organic Search,Founder,Mobile,North America,51-200,0.899,45.32,False,False,Free,Free,,0
U106675,2025-06-21,Organic Search,Ops Manager,Mobile,North America,1000+,1.283,19.72,False,False,Free,Free,,0
U103704,2025-06-21,Content,Sales Team,Desktop,North America,1-10,1.086,5.68,False,False,Free,Free,,0
U102835,2025-06-21,Referral,Founder,Desktop,Europe,1-10,1.394,28.47,False,False,Free,Free,,0
U102502,2025-06-21,Referral,Ops Manager,Desktop,North America,1-10,1.244,9.51,True,False,Free,Free,,0
U100318,2025-06-22,Organic Search,Founder,Desktop,North America,11-50,1.075,5.77,False,False,Free,Free,,0
U103837,2025-06-22,Content,Sales Team,Desktop,Europe,1-10,1.214,8.77,False,False,Free,Free,,0
U105714,2025-06-22,Social,Founder,Desktop,LATAM,201-1000,0.632,41.8,True,False,Free,Free,,0
U101788,2025-06-22,Referral,Ops Manager,Desktop,North America,1-10,1.496,23.26,False,False,Free,Free,,0
U108411,2025-06-22,Referral,Student / Hobby,Desktop,North America,1000+,0.893,39.15,False,False,Free,Free,,0
U107806,2025-06-22,Paid Search,Sales Team,Tablet,North America,1-10,0.783,21.75,False,False,Free,Free,,0
U104661,2025-06-22,Paid Search,Sales Team,Mobile,North America,51-200,0.662,45.22,False,False,Free,Free,,0
U101128,2025-06-22,Paid Search,Founder,Desktop,Europe,1-10,0.754,15.27,True,False,Free,Free,,0
U102366,2025-06-22,Social,Sales Team,Tablet,LATAM,1-10,1.328,18.96,False,False,Free,Free,,0
U103819,2025-06-22,Organic Search,Ops Manager,Desktop,APAC,1-10,0.741,27.87,True,True,Trial,Free,,0
U106123,2025-06-22,Organic Search,Sales Team,Desktop,LATAM,11-50,0.784,45.45,False,False,Free,Free,,0
U107297,2025-06-22,Organic Search,Founder,Mobile,North America,11-50,1.336,8.87,True,True,Paid,Starter,2025-06-29,19
U103386,2025-06-22,Social,Ops Manager,Mobile,North America,11-50,0.854,12.53,False,False,Free,Free,,0
U104099,2025-06-22,Referral,Founder,Desktop,Europe,201-1000,1.566,5.25,True,False,Free,Free,,0
U105461,2025-06-22,Content,Sales Team,Desktop,Europe,11-50,0.781,6.81,False,False,Free,Free,,0
U102010,2025-06-22,Social,Founder,Desktop,North America,1-10,1.121,9.22,True,False,Free,Free,,0
U105827,2025-06-22,Paid Search,Marketing Team,Desktop,North America,11-50,0.692,25.48,True,False,Free,Free,,0
U102787,2025-06-22,Social,Ops Manager,Desktop,North America,1-10,1.256,29.13,False,False,Free,Free,,0
U104265,2025-06-22,Referral,Student / Hobby,Desktop,LATAM,201-1000,0.386,41.75,False,False,Free,Free,,0
U107832,2025-06-22,Partnership,Founder,Mobile,North America,51-200,1.328,10.9,False,False,Free,Free,,0
U101068,2025-06-22,Social,Ops Manager,Desktop,North America,1000+,1.027,26.25,True,False,Free,Free,,0
U100394,2025-06-22,Referral,Sales Team,Desktop,Europe,11-50,1.307,15.14,False,False,Free,Free,,0
U107118,2025-06-23,Referral,Ops Manager,Desktop,APAC,11-50,1.638,7.06,False,False,Free,Free,,0
U101359,2025-06-23,Paid Search,Marketing Team,Desktop,North America,51-200,0.563,74.03,False,False,Free,Free,,0
U102701,2025-06-23,Organic Search,Ops Manager,Desktop,MEA,1-10,1.482,13.29,False,False,Free,Free,,0
U108295,2025-06-23,Organic Search,Ops Manager,Desktop,Europe,11-50,1.237,3.28,False,False,Free,Free,,0
U103129,2025-06-23,Content,Ops Manager,Mobile,Europe,1-10,1.454,13.5,False,False,Free,Free,,0
U100531,2025-06-23,Referral,Founder,Desktop,Europe,1-10,1.295,18.16,False,False,Free,Free,,0
U105992,2025-06-23,Organic Search,Founder,Desktop,North America,51-200,1.307,7.58,False,False,Free,Free,,0
U105097,2025-06-23,Organic Search,Sales Team,Desktop,North America,1-10,0.833,7.35,False,False,Free,Free,,0
U106350,2025-06-23,Content,Ops Manager,Desktop,Europe,1-10,1.715,8.03,False,False,Free,Free,,0
U105399,2025-06-23,Organic Search,Marketing Team,Mobile,APAC,1-10,1.004,30.54,False,False,Free,Free,,0
U107183,2025-06-23,Content,Sales Team,Desktop,Europe,51-200,1.297,13.8,True,False,Free,Free,,0
U107943,2025-06-23,Paid Search,Founder,Desktop,North America,1-10,1.077,38.42,False,False,Free,Free,,0
U102336,2025-06-23,Content,Student / Hobby,Desktop,North America,11-50,0.998,6.9,True,False,Free,Free,,0
U101794,2025-06-23,Content,Sales Team,Desktop,LATAM,201-1000,1.124,9.25,True,True,Trial,Free,,0
U106447,2025-06-23,Referral,Ops Manager,Desktop,Europe,1-10,1.358,20.7,False,False,Free,Free,,0
U108167,2025-06-23,Referral,Ops Manager,Mobile,North America,51-200,1.585,4.47,True,False,Free,Free,,0
U106161,2025-06-23,Organic Search,Founder,Desktop,APAC,11-50,1.48,10.45,True,False,Free,Free,,0
U108172,2025-06-23,Referral,Sales Team,Desktop,Europe,1-10,1.252,24.82,True,False,Free,Free,,0
U108255,2025-06-23,Organic Search,Student / Hobby,Mobile,North America,11-50,0.598,13.6,False,False,Free,Free,,0
U104638,2025-06-23,Organic Search,Founder,Mobile,North America,11-50,0.967,23.19,False,False,Free,Free,,0
U104300,2025-06-23,Organic Search,Ops Manager,Desktop,Europe,11-50,1.573,5.23,True,False,Free,Free,,0
U103166,2025-06-24,Referral,Ops Manager,Desktop,North America,11-50,1.359,10.33,True,True,Trial,Free,,0
U104895,2025-06-24,Content,Marketing Team,Mobile,North America,11-50,1.125,31.42,False,False,Free,Free,,0
U107770,2025-06-24,Referral,Ops Manager,Desktop,North America,11-50,1.589,2.51,True,True,Trial,Free,,0
U102556,2025-06-24,Content,Marketing Team,Desktop,APAC,201-1000,1.058,14.87,False,False,Free,Free,,0
U105941,2025-06-24,Content,Founder,Mobile,North America,51-200,1.542,12.74,False,False,Free,Free,,0
U107200,2025-06-24,Partnership,Founder,Desktop,North America,201-1000,1.4,19.51,False,False,Free,Free,,0
U107217,2025-06-24,Paid Search,Founder,Tablet,North America,1-10,1.048,29.85,False,False,Free,Free,,0
U102533,2025-06-24,Organic Search,Marketing Team,Desktop,LATAM,11-50,0.723,34.32,True,True,Paid,Starter,2025-06-26,19
U103451,2025-06-24,Organic Search,Marketing Team,Desktop,APAC,1-10,0.857,70.58,False,False,Free,Free,,0
U106566,2025-06-24,Content,Sales Team,Desktop,LATAM,51-200,0.864,40.6,False,False,Free,Free,,0
U104356,2025-06-24,Paid Search,Ops Manager,Desktop,APAC,11-50,0.895,37.64,True,False,Free,Free,,0
U106315,2025-06-24,Referral,Sales Team,Desktop,Europe,1-10,0.977,50.51,False,False,Free,Free,,0
U105792,2025-06-24,Organic Search,Founder,Desktop,Europe,11-50,1.527,24.39,True,False,Free,Free,,0
U102428,2025-06-24,Organic Search,Ops Manager,Desktop,APAC,11-50,0.689,5.93,False,False,Free,Free,,0
U103399,2025-06-24,Social,Founder,Mobile,North America,11-50,0.958,25.61,False,False,Free,Free,,0
U108307,2025-06-24,Referral,Ops Manager,Desktop,APAC,201-1000,1.747,21.79,True,True,Trial,Free,,0
U104148,2025-06-24,Organic Search,Marketing Team,Mobile,Europe,11-50,1.091,43.66,True,False,Free,Free,,0
U108050,2025-06-24,Organic Search,Marketing Team,Desktop,Europe,201-1000,0.764,19.53,False,False,Free,Free,,0
U106420,2025-06-24,Organic Search,Founder,Desktop,Europe,51-200,1.257,11.77,False,False,Free,Free,,0
U101634,2025-06-24,Paid Search,Marketing Team,Desktop,APAC,1-10,0.881,38.02,False,False,Free,Free,,0
U106750,2025-06-24,Organic Search,Student / Hobby,Desktop,APAC,1-10,0.31,79.83,False,False,Free,Free,,0
U107963,2025-06-24,Organic Search,Ops Manager,Desktop,North America,1-10,1.227,16.95,True,False,Free,Free,,0
U104950,2025-06-24,Content,Ops Manager,Desktop,North America,1-10,1.453,21.46,False,False,Free,Free,,0
U102786,2025-06-24,Social,Sales Team,Mobile,North America,11-50,0.905,35.43,False,False,Free,Free,,0
U106592,2025-06-25,Referral,Founder,Desktop,APAC,1-10,1.342,10.78,True,False,Free,Free,,0
U103616,2025-06-25,Organic Search,Ops Manager,Desktop,North America,11-50,1.705,3.62,True,True,Paid,Growth,2025-06-27,59
U100807,2025-06-25,Paid Search,Marketing Team,Desktop,North America,201-1000,1.112,11.53,False,False,Free,Free,,0
U107645,2025-06-25,Referral,Sales Team,Mobile,North America,11-50,1.198,28.9,True,True,Trial,Free,,0
U102380,2025-06-25,Referral,Ops Manager,Desktop,APAC,11-50,1.712,33.81,True,True,Paid,Scale,2025-06-25,149
U107930,2025-06-25,Referral,Ops Manager,Mobile,North America,1-10,1.785,7.25,True,True,Paid,Starter,2025-06-28,19
U104068,2025-06-25,Social,Student / Hobby,Tablet,North America,1-10,0.25,18.12,False,False,Free,Free,,0
U102813,2025-06-25,Paid Search,Marketing Team,Mobile,APAC,1-10,1.078,17.49,False,False,Free,Free,,0
U105965,2025-06-25,Organic Search,Founder,Mobile,Europe,201-1000,1.079,38.22,False,False,Free,Free,,0
U106307,2025-06-25,Content,Ops Manager,Desktop,APAC,11-50,1.368,11.37,False,False,Free,Free,,0
U100333,2025-06-25,Paid Search,Sales Team,Desktop,North America,1-10,1.0,8.06,True,True,Paid,Growth,2025-06-25,59
U103367,2025-06-25,Paid Search,Ops Manager,Mobile,APAC,1-10,1.047,9.13,True,False,Free,Free,,0
U107834,2025-06-25,Content,Founder,Desktop,North America,1-10,1.377,6.84,True,False,Free,Free,,0
U104888,2025-06-25,Content,Sales Team,Desktop,North America,1-10,0.903,17.07,False,False,Free,Free,,0
U100211,2025-06-25,Referral,Ops Manager,Desktop,LATAM,1-10,1.027,9.38,False,False,Free,Free,,0
U101804,2025-06-25,Referral,Marketing Team,Desktop,Europe,11-50,1.111,13.44,True,False,Free,Free,,0
U101988,2025-06-25,Referral,Sales Team,Desktop,APAC,201-1000,1.223,17.55,True,False,Free,Free,,0
U107870,2025-06-25,Organic Search,Marketing Team,Desktop,North America,1-10,0.563,33.19,True,False,Free,Free,,0
U107787,2025-06-25,Organic Search,Founder,Mobile,Europe,11-50,1.608,17.38,True,False,Free,Free,,0
U103963,2025-06-25,Organic Search,Ops Manager,Tablet,North America,11-50,1.234,10.61,True,False,Free,Free,,0
U105337,2025-06-25,Paid Search,Founder,Desktop,Europe,11-50,1.356,3.38,True,False,Free,Free,,0
U106903,2025-06-26,Organic Search,Founder,Desktop,Europe,1-10,1.2,6.34,False,False,Free,Free,,0
U105821,2025-06-26,Referral,Marketing Team,Desktop,North America,1-10,1.164,9.61,True,True,Paid,Growth,2025-07-01,59
U103262,2025-06-26,Organic Search,Ops Manager,Desktop,Europe,1-10,1.224,12.62,False,False,Free,Free,,0
U102577,2025-06-26,Social,Sales Team,Desktop,LATAM,1-10,0.37,67.53,False,False,Free,Free,,0
U102435,2025-06-26,Referral,Founder,Mobile,Europe,11-50,1.356,53.54,False,False,Free,Free,,0
U104873,2025-06-26,Organic Search,Founder,Desktop,North America,1000+,1.146,5.66,False,False,Free,Free,,0
U100004,2025-06-26,Organic Search,Marketing Team,Mobile,APAC,1-10,1.072,14.01,True,False,Free,Free,,0
U100092,2025-06-26,Organic Search,Marketing Team,Mobile,North America,1-10,1.015,35.21,True,False,Free,Free,,0
U106218,2025-06-26,Paid Search,Ops Manager,Tablet,North America,51-200,0.856,52.19,True,False,Free,Free,,0
U103224,2025-06-26,Partnership,Sales Team,Tablet,North America,1-10,1.086,7.5,True,False,Free,Free,,0
U102930,2025-06-26,Paid Search,Ops Manager,Desktop,APAC,1-10,0.783,10.82,False,False,Free,Free,,0
U105666,2025-06-26,Organic Search,Marketing Team,Desktop,LATAM,1-10,0.642,12.58,False,False,Free,Free,,0
U105382,2025-06-26,Social,Marketing Team,Tablet,LATAM,201-1000,0.459,32.16,False,False,Free,Free,,0
U106934,2025-06-26,Partnership,Marketing Team,Mobile,Europe,1-10,1.074,10.28,False,False,Free,Free,,0
U100433,2025-06-27,Paid Search,Founder,Desktop,North America,1-10,1.291,3.46,True,False,Free,Free,,0
U102758,2025-06-27,Paid Search,Founder,Desktop,North America,1-10,1.213,26.59,True,True,Paid,Starter,2025-07-01,19
U106571,2025-06-27,Paid Search,Ops Manager,Desktop,Europe,11-50,0.927,37.96,False,False,Free,Free,,0
U103485,2025-06-27,Partnership,Ops Manager,Desktop,North America,1000+,1.351,17.64,True,False,Free,Free,,0
U105581,2025-06-27,Paid Search,Sales Team,Mobile,North America,11-50,0.788,11.94,True,False,Free,Free,,0
U100043,2025-06-27,Referral,Sales Team,Mobile,North America,1-10,1.102,18.46,False,False,Free,Free,,0
U103790,2025-06-27,Referral,Ops Manager,Mobile,APAC,1-10,1.332,8.93,True,False,Free,Free,,0
U108105,2025-06-27,Social,Ops Manager,Desktop,LATAM,1000+,0.68,1.89,True,False,Free,Free,,0
U100102,2025-06-27,Organic Search,Sales Team,Desktop,North America,201-1000,0.998,19.63,False,False,Free,Free,,0
U103014,2025-06-27,Organic Search,Founder,Desktop,Europe,11-50,1.085,15.2,False,False,Free,Free,,0
U103392,2025-06-27,Paid Search,Ops Manager,Desktop,North America,11-50,0.976,9.31,False,False,Free,Free,,0
U104280,2025-06-27,Referral,Founder,Desktop,North America,201-1000,1.477,11.13,False,False,Free,Free,,0
U103194,2025-06-27,Paid Search,Marketing Team,Mobile,North America,11-50,0.552,26.64,False,False,Free,Free,,0
U108128,2025-06-27,Organic Search,Ops Manager,Mobile,North America,1-10,1.468,5.15,True,False,Free,Free,,0
U100736,2025-06-27,Social,Marketing Team,Mobile,North America,51-200,0.586,88.68,False,False,Free,Free,,0
U106170,2025-06-27,Paid Search,Sales Team,Desktop,LATAM,1-10,0.997,25.93,True,False,Free,Free,,0
U106630,2025-06-27,Referral,Ops Manager,Desktop,North America,11-50,1.592,16.14,True,True,Paid,Starter,2025-07-04,19
U108227,2025-06-27,Social,Ops Manager,Tablet,Europe,11-50,0.691,59.59,False,False,Free,Free,,0
U107650,2025-06-27,Content,Marketing Team,Mobile,North America,11-50,1.384,8.23,True,True,Trial,Free,,0
U104605,2025-06-27,Organic Search,Founder,Desktop,North America,11-50,1.249,11.23,False,False,Free,Free,,0
U104183,2025-06-27,Paid Search,Founder,Mobile,Europe,1-10,0.833,13.44,True,True,Trial,Free,,0
U108327,2025-06-27,Organic Search,Sales Team,Desktop,LATAM,1-10,1.219,19.38,False,False,Free,Free,,0
U102261,2025-06-27,Paid Search,Marketing Team,Desktop,Europe,1-10,0.721,30.13,False,False,Free,Free,,0
U107514,2025-06-27,Social,Ops Manager,Desktop,APAC,11-50,1.046,6.7,True,True,Trial,Free,,0
U104211,2025-06-27,Social,Founder,Desktop,Europe,11-50,0.623,13.84,False,False,Free,Free,,0
U100466,2025-06-27,Content,Sales Team,Mobile,Europe,11-50,0.998,26.56,False,False,Free,Free,,0
U108006,2025-06-28,Referral,Ops Manager,Desktop,North America,1-10,2.15,5.92,True,True,Paid,Starter,2025-07-01,19
U107813,2025-06-28,Paid Search,Marketing Team,Desktop,North America,11-50,0.595,8.59,False,False,Free,Free,,0
U106370,2025-06-28,Paid Search,Ops Manager,Desktop,MEA,11-50,0.911,0.97,False,False,Free,Free,,0
U100597,2025-06-28,Referral,Marketing Team,Mobile,Europe,1-10,1.495,23.03,False,False,Free,Free,,0
U106638,2025-06-28,Content,Sales Team,Mobile,Europe,11-50,1.219,16.18,False,False,Free,Free,,0
U107632,2025-06-28,Organic Search,Student / Hobby,Desktop,LATAM,11-50,0.516,18.79,False,False,Free,Free,,0
U108394,2025-06-28,Organic Search,Ops Manager,Desktop,APAC,1-10,1.293,15.06,False,False,Free,Free,,0
U106841,2025-06-28,Referral,Founder,Desktop,North America,51-200,1.241,34.3,True,False,Free,Free,,0
U100491,2025-06-28,Social,Ops Manager,Mobile,Europe,51-200,0.947,11.64,True,True,Paid,Growth,2025-07-02,59
U101060,2025-06-28,Organic Search,Ops Manager,Mobile,North America,11-50,1.394,27.35,False,False,Free,Free,,0
U105009,2025-06-28,Paid Search,Sales Team,Mobile,APAC,11-50,0.996,51.39,False,False,Free,Free,,0
U100674,2025-06-28,Social,Sales Team,Desktop,APAC,11-50,0.831,38.08,False,False,Free,Free,,0
U103212,2025-06-28,Partnership,Marketing Team,Desktop,North America,11-50,0.966,16.91,True,False,Free,Free,,0
U104993,2025-06-29,Referral,Ops Manager,Desktop,North America,51-200,1.615,24.77,True,True,Trial,Free,,0
U103275,2025-06-29,Organic Search,Founder,Desktop,North America,11-50,1.44,8.23,True,False,Free,Free,,0
U107598,2025-06-29,Social,Student / Hobby,Desktop,North America,11-50,0.25,102.18,False,False,Free,Free,,0
U106533,2025-06-29,Paid Search,Marketing Team,Desktop,North America,11-50,0.483,62.07,False,False,Free,Free,,0
U106264,2025-06-29,Paid Search,Student / Hobby,Desktop,North America,11-50,0.613,15.69,False,False,Free,Free,,0
U107644,2025-06-29,Organic Search,Founder,Desktop,North America,51-200,1.439,32.76,True,False,Free,Free,,0
U106980,2025-06-29,Paid Search,Founder,Desktop,North America,201-1000,1.041,8.13,False,False,Free,Free,,0
U101534,2025-06-29,Organic Search,Sales Team,Desktop,North America,1-10,1.295,19.68,False,False,Free,Free,,0
U101421,2025-06-29,Referral,Founder,Mobile,LATAM,51-200,1.336,8.04,True,True,Paid,Growth,2025-07-03,59
U102911,2025-06-29,Organic Search,Sales Team,Mobile,North America,11-50,0.983,24.59,False,False,Free,Free,,0
U108054,2025-06-29,Paid Search,Founder,Desktop,North America,1-10,0.902,34.9,False,False,Free,Free,,0
U104824,2025-06-29,Referral,Student / Hobby,Desktop,Europe,11-50,0.687,61.95,False,False,Free,Free,,0
U100055,2025-06-29,Partnership,Marketing Team,Desktop,North America,11-50,1.362,19.85,False,False,Free,Free,,0
U102227,2025-06-29,Referral,Marketing Team,Desktop,North America,11-50,1.202,27.03,False,False,Free,Free,,0
U105807,2025-06-29,Organic Search,Marketing Team,Desktop,North America,51-200,0.716,22.11,False,False,Free,Free,,0
U103535,2025-06-29,Organic Search,Founder,Mobile,Europe,201-1000,1.273,11.4,False,False,Free,Free,,0
U103777,2025-06-29,Social,Student / Hobby,Desktop,APAC,51-200,0.42,29.8,False,False,Free,Free,,0
U104560,2025-06-29,Organic Search,Ops Manager,Desktop,North America,1-10,1.208,5.8,False,False,Free,Free,,0
U103903,2025-06-29,Referral,Sales Team,Desktop,North America,1-10,1.103,21.39,False,False,Free,Free,,0
U103482,2025-06-29,Paid Search,Founder,Desktop,Europe,51-200,1.324,52.69,False,False,Free,Free,,0
U107850,2025-06-29,Organic Search,Founder,Desktop,Europe,1-10,1.249,25.17,False,False,Free,Free,,0
U102284,2025-06-29,Content,Student / Hobby,Mobile,APAC,1-10,0.828,38.82,True,False,Free,Free,,0
U103848,2025-06-29,Social,Founder,Mobile,North America,1-10,1.229,14.5,False,False,Free,Free,,0
U100532,2025-06-29,Paid Search,Founder,Mobile,North America,51-200,0.67,11.13,False,False,Free,Free,,0
U104062,2025-06-29,Partnership,Sales Team,Desktop,North America,11-50,1.252,26.83,False,False,Free,Free,,0
U107199,2025-06-29,Paid Search,Ops Manager,Desktop,MEA,11-50,1.009,15.84,False,False,Free,Free,,0
U106374,2025-06-29,Organic Search,Sales Team,Desktop,North America,201-1000,1.123,14.99,False,False,Free,Free,,0
U106012,2025-06-29,Organic Search,Student / Hobby,Desktop,MEA,11-50,0.384,51.09,False,False,Free,Free,,0
U107243,2025-06-29,Content,Ops Manager,Desktop,APAC,1-10,1.706,11.86,True,True,Paid,Starter,2025-07-01,19
U108301,2025-06-29,Organic Search,Marketing Team,Desktop,North America,11-50,1.014,13.56,True,False,Free,Free,,0
U106318,2025-06-30,Organic Search,Ops Manager,Tablet,LATAM,1-10,1.194,8.18,True,False,Free,Free,,0
U107889,2025-06-30,Referral,Ops Manager,Mobile,North America,51-200,1.696,6.59,False,False,Free,Free,,0
U107070,2025-06-30,Organic Search,Ops Manager,Mobile,North America,11-50,1.504,21.97,False,False,Free,Free,,0
U101410,2025-06-30,Organic Search,Ops Manager,Desktop,North America,1-10,1.376,23.71,True,True,Trial,Free,,0
U102739,2025-06-30,Paid Search,Founder,Mobile,North America,51-200,0.866,11.06,False,False,Free,Free,,0
U105777,2025-06-30,Social,Sales Team,Desktop,APAC,11-50,0.916,8.49,False,False,Free,Free,,0
U103512,2025-06-30,Referral,Founder,Desktop,APAC,1-10,1.916,5.35,False,False,Free,Free,,0
U103036,2025-06-30,Paid Search,Ops Manager,Desktop,North America,1000+,1.344,18.32,True,False,Free,Free,,0
U103859,2025-06-30,Referral,Ops Manager,Mobile,Europe,11-50,1.447,7.37,True,False,Free,Free,,0
U107780,2025-06-30,Social,Ops Manager,Desktop,Europe,51-200,0.987,22.73,False,False,Free,Free,,0
U106177,2025-06-30,Organic Search,Founder,Mobile,North America,1-10,1.383,37.09,False,False,Free,Free,,0
U106936,2025-06-30,Organic Search,Founder,Mobile,North America,201-1000,1.175,29.56,False,False,Free,Free,,0
U103323,2025-06-30,Organic Search,Founder,Mobile,North America,11-50,0.848,2.78,False,False,Free,Free,,0
U106381,2025-06-30,Social,Founder,Desktop,North America,11-50,0.593,12.85,False,False,Free,Free,,0
U101387,2025-06-30,Social,Founder,Desktop,North America,11-50,0.617,11.24,False,False,Free,Free,,0
U104172,2025-06-30,Organic Search,Sales Team,Mobile,North America,11-50,0.818,27.39,False,False,Free,Free,,0
U102978,2025-07-01,Organic Search,Founder,Desktop,Europe,1-10,1.479,21.25,False,False,Free,Free,,0
U105610,2025-07-01,Referral,Marketing Team,Desktop,APAC,1000+,0.913,4.87,False,False,Free,Free,,0
U104905,2025-07-01,Organic Search,Ops Manager,Mobile,APAC,11-50,1.847,5.01,False,False,Free,Free,,0
U107357,2025-07-01,Organic Search,Founder,Desktop,APAC,51-200,1.415,19.57,False,False,Free,Free,,0
U104139,2025-07-01,Social,Founder,Desktop,Europe,1-10,0.578,28.54,False,False,Free,Free,,0
U102292,2025-07-01,Referral,Marketing Team,Mobile,Europe,51-200,0.964,26.28,False,False,Free,Free,,0
U102705,2025-07-01,Organic Search,Founder,Desktop,APAC,11-50,1.252,20.42,True,False,Free,Free,,0
U106941,2025-07-01,Partnership,Founder,Desktop,North America,201-1000,1.714,5.92,True,False,Free,Free,,0
U108123,2025-07-01,Paid Search,Sales Team,Mobile,North America,1-10,0.423,89.35,False,False,Free,Free,,0
U101745,2025-07-01,Paid Search,Ops Manager,Desktop,North America,11-50,1.215,12.83,False,False,Free,Free,,0
U107275,2025-07-01,Content,Founder,Desktop,MEA,51-200,1.058,26.3,True,False,Free,Free,,0
U108018,2025-07-01,Referral,Marketing Team,Desktop,Europe,11-50,1.479,24.25,False,False,Free,Free,,0
U100800,2025-07-01,Organic Search,Ops Manager,Desktop,APAC,51-200,1.732,11.77,False,False,Free,Free,,0
U108059,2025-07-01,Organic Search,Sales Team,Mobile,Europe,51-200,0.395,52.38,False,False,Free,Free,,0
U100947,2025-07-01,Referral,Ops Manager,Tablet,APAC,1-10,1.492,15.74,True,True,Trial,Free,,0
U100453,2025-07-01,Paid Search,Sales Team,Desktop,North America,1-10,0.415,62.83,False,False,Free,Free,,0
U101525,2025-07-01,Organic Search,Founder,Mobile,North America,1-10,1.076,6.53,True,False,Free,Free,,0
U103274,2025-07-01,Organic Search,Ops Manager,Desktop,North America,1-10,1.095,17.53,False,False,Free,Free,,0
U104770,2025-07-01,Content,Ops Manager,Desktop,Europe,201-1000,1.125,17.28,False,False,Free,Free,,0
U108490,2025-07-01,Organic Search,Ops Manager,Desktop,North America,51-200,1.646,8.89,False,False,Free,Free,,0
U102106,2025-07-01,Organic Search,Founder,Tablet,Europe,51-200,1.308,2.33,False,False,Free,Free,,0
U107964,2025-07-01,Paid Search,Marketing Team,Desktop,North America,1-10,0.669,17.58,False,False,Free,Free,,0
U103729,2025-07-01,Partnership,Founder,Mobile,LATAM,11-50,0.671,12.3,False,False,Free,Free,,0
U106310,2025-07-01,Content,Ops Manager,Desktop,APAC,1-10,1.347,10.11,False,False,Free,Free,,0
U107884,2025-07-01,Referral,Founder,Desktop,APAC,1-10,1.632,19.55,True,False,Free,Free,,0
U102920,2025-07-01,Paid Search,Sales Team,Mobile,North America,11-50,0.803,30.26,False,False,Free,Free,,0
U100446,2025-07-01,Content,Marketing Team,Desktop,North America,11-50,0.988,17.83,False,False,Free,Free,,0
U103016,2025-07-01,Paid Search,Student / Hobby,Desktop,Europe,51-200,0.486,112.27,False,False,Free,Free,,0
U106853,2025-07-01,Referral,Student / Hobby,Desktop,North America,11-50,0.472,59.39,False,False,Free,Free,,0
U103113,2025-07-02,Organic Search,Founder,Desktop,North America,51-200,1.373,8.54,True,False,Free,Free,,0
U101723,2025-07-02,Social,Marketing Team,Desktop,APAC,201-1000,0.25,85.92,False,False,Free,Free,,0
U100761,2025-07-02,Social,Marketing Team,Desktop,APAC,11-50,0.538,12.41,True,False,Free,Free,,0
U101928,2025-07-02,Paid Search,Student / Hobby,Mobile,North America,1-10,0.406,15.43,False,False,Free,Free,,0
U106460,2025-07-02,Content,Founder,Desktop,North America,1-10,1.065,11.84,True,False,Free,Free,,0
U107791,2025-07-02,Paid Search,Founder,Desktop,North America,11-50,1.15,12.22,False,False,Free,Free,,0
U101935,2025-07-02,Organic Search,Sales Team,Mobile,North America,1-10,0.997,27.36,False,False,Free,Free,,0
U103883,2025-07-02,Organic Search,Marketing Team,Mobile,North America,1-10,0.755,20.88,True,True,Trial,Free,,0
U105638,2025-07-02,Content,Sales Team,Mobile,North America,11-50,1.008,59.49,False,False,Free,Free,,0
U107259,2025-07-02,Content,Founder,Desktop,APAC,201-1000,0.978,22.09,False,False,Free,Free,,0
U103561,2025-07-02,Organic Search,Ops Manager,Desktop,Europe,11-50,1.344,10.74,False,False,Free,Free,,0
U107139,2025-07-02,Content,Founder,Desktop,LATAM,1-10,0.921,65.08,False,False,Free,Free,,0
U103148,2025-07-02,Organic Search,Student / Hobby,Desktop,Europe,1-10,0.588,27.26,False,False,Free,Free,,0
U107142,2025-07-02,Organic Search,Sales Team,Desktop,North America,11-50,0.816,32.91,False,False,Free,Free,,0
U105879,2025-07-02,Content,Marketing Team,Desktop,North America,1000+,0.656,7.22,False,False,Free,Free,,0
U101777,2025-07-02,Referral,Sales Team,Desktop,APAC,11-50,1.644,2.65,True,True,Paid,Growth,2025-07-08,59
U104107,2025-07-02,Organic Search,Ops Manager,Mobile,LATAM,1-10,1.438,38.65,True,False,Free,Free,,0
U105235,2025-07-02,Paid Search,Sales Team,Mobile,APAC,1-10,0.802,32.01,True,False,Free,Free,,0
U103173,2025-07-02,Organic Search,Ops Manager,Desktop,LATAM,1-10,1.004,16.96,False,False,Free,Free,,0
U101204,2025-07-02,Content,Ops Manager,Desktop,North America,1-10,1.521,6.19,True,True,Trial,Free,,0
U105612,2025-07-02,Referral,Marketing Team,Desktop,North America,1-10,0.822,58.25,False,False,Free,Free,,0
U108408,2025-07-02,Referral,Student / Hobby,Desktop,Europe,1-10,0.613,26.69,False,False,Free,Free,,0
U104302,2025-07-03,Referral,Founder,Desktop,Europe,201-1000,1.409,28.14,True,False,Free,Free,,0
U106949,2025-07-03,Content,Ops Manager,Desktop,APAC,201-1000,1.413,13.32,True,True,Trial,Free,,0
U106611,2025-07-03,Paid Search,Founder,Desktop,North America,51-200,1.36,35.24,False,False,Free,Free,,0
U108047,2025-07-03,Organic Search,Sales Team,Mobile,North America,51-200,0.913,34.35,False,False,Free,Free,,0
U100638,2025-07-03,Organic Search,Marketing Team,Desktop,North America,51-200,0.666,29.63,False,False,Free,Free,,0
U102107,2025-07-03,Paid Search,Marketing Team,Desktop,Europe,201-1000,0.606,22.49,False,False,Free,Free,,0
U106340,2025-07-03,Paid Search,Founder,Mobile,MEA,11-50,1.069,10.65,True,True,Trial,Free,,0
U107443,2025-07-03,Paid Search,Founder,Desktop,APAC,11-50,0.605,47.84,True,False,Free,Free,,0
U103954,2025-07-03,Paid Search,Founder,Desktop,MEA,51-200,0.694,26.16,False,False,Free,Free,,0
U106793,2025-07-03,Referral,Founder,Mobile,Europe,1-10,1.561,7.94,True,True,Trial,Free,,0
U104960,2025-07-03,Social,Sales Team,Desktop,LATAM,1-10,0.62,52.7,False,False,Free,Free,,0
U103164,2025-07-03,Organic Search,Ops Manager,Desktop,North America,1-10,1.601,12.1,True,True,Paid,Growth,2025-07-10,59
U104821,2025-07-03,Content,Ops Manager,Desktop,North America,11-50,1.344,3.36,True,False,Free,Free,,0
U106948,2025-07-03,Paid Search,Ops Manager,Desktop,MEA,1-10,0.84,4.3,False,False,Free,Free,,0
U106463,2025-07-03,Social,Ops Manager,Desktop,Europe,11-50,1.202,35.02,True,False,Free,Free,,0
U103497,2025-07-04,Paid Search,Founder,Mobile,LATAM,1-10,1.303,11.36,True,False,Free,Free,,0
U100666,2025-07-04,Organic Search,Founder,Mobile,North America,201-1000,0.937,4.48,True,False,Free,Free,,0
U107433,2025-07-04,Referral,Founder,Desktop,North America,1-10,1.467,13.78,False,False,Free,Free,,0
U104001,2025-07-04,Paid Search,Founder,Desktop,LATAM,51-200,0.977,6.42,False,False,Free,Free,,0
U105868,2025-07-04,Paid Search,Founder,Desktop,APAC,1-10,0.676,41.31,False,False,Free,Free,,0
U100106,2025-07-04,Social,Founder,Desktop,North America,51-200,0.864,9.04,False,False,Free,Free,,0
U106955,2025-07-04,Paid Search,Sales Team,Mobile,North America,11-50,1.203,29.39,False,False,Free,Free,,0
U105585,2025-07-04,Referral,Founder,Mobile,APAC,1-10,1.372,18.97,False,False,Free,Free,,0
U105584,2025-07-04,Content,Founder,Mobile,North America,11-50,1.042,12.54,True,False,Free,Free,,0
U102979,2025-07-04,Organic Search,Sales Team,Mobile,Europe,1000+,1.024,13.09,False,False,Free,Free,,0
U102089,2025-07-04,Referral,Founder,Desktop,North America,11-50,1.679,17.09,True,False,Free,Free,,0
U100387,2025-07-04,Organic Search,Founder,Desktop,APAC,51-200,1.219,11.25,False,False,Free,Free,,0
U102641,2025-07-04,Paid Search,Ops Manager,Desktop,North America,51-200,0.532,38.52,False,False,Free,Free,,0
U103881,2025-07-04,Social,Marketing Team,Desktop,Europe,201-1000,0.912,4.61,False,False,Free,Free,,0
U105080,2025-07-04,Referral,Ops Manager,Desktop,APAC,1-10,2.15,0.99,True,True,Trial,Free,,0
U107515,2025-07-04,Referral,Ops Manager,Desktop,Europe,11-50,1.415,13.66,True,False,Free,Free,,0
U107218,2025-07-04,Referral,Ops Manager,Desktop,North America,51-200,1.529,9.76,True,True,Paid,Scale,2025-07-08,149
U103746,2025-07-04,Content,Student / Hobby,Desktop,APAC,11-50,0.506,34.38,False,False,Free,Free,,0
U105814,2025-07-04,Paid Search,Student / Hobby,Mobile,APAC,51-200,0.25,152.72,False,False,Free,Free,,0
U104929,2025-07-04,Organic Search,Sales Team,Mobile,Europe,11-50,0.787,21.81,False,False,Free,Free,,0
U100215,2025-07-04,Organic Search,Sales Team,Mobile,Europe,51-200,1.183,19.69,True,True,Paid,Growth,2025-07-11,59
U105171,2025-07-04,Referral,Marketing Team,Desktop,APAC,1-10,0.808,26.24,False,False,Free,Free,,0
U106666,2025-07-04,Organic Search,Ops Manager,Desktop,MEA,1000+,1.302,9.55,True,False,Free,Free,,0
U104050,2025-07-04,Referral,Founder,Desktop,APAC,1-10,1.451,11.68,False,False,Free,Free,,0
U107281,2025-07-05,Organic Search,Sales Team,Mobile,North America,51-200,1.336,21.07,False,False,Free,Free,,0
U104245,2025-07-05,Organic Search,Student / Hobby,Desktop,APAC,11-50,0.813,40.81,False,False,Free,Free,,0
U107838,2025-07-05,Referral,Student / Hobby,Desktop,North America,11-50,0.915,11.61,True,False,Free,Free,,0
U101032,2025-07-05,Referral,Sales Team,Mobile,Europe,1-10,1.33,9.09,True,True,Trial,Free,,0
U106187,2025-07-05,Social,Founder,Mobile,North America,1-10,0.896,16.98,False,False,Free,Free,,0
U102452,2025-07-05,Partnership,Student / Hobby,Desktop,North America,1-10,0.847,31.84,True,True,Paid,Starter,2025-07-13,19
U102207,2025-07-05,Organic Search,Sales Team,Mobile,North America,51-200,0.683,85.81,True,False,Free,Free,,0
U104389,2025-07-05,Social,Marketing Team,Desktop,Europe,1-10,0.634,55.79,True,False,Free,Free,,0
U107014,2025-07-05,Referral,Ops Manager,Desktop,Europe,1-10,1.794,3.36,False,False,Free,Free,,0
U107167,2025-07-05,Paid Search,Marketing Team,Mobile,North America,11-50,0.98,21.77,False,False,Free,Free,,0
U107067,2025-07-05,Referral,Sales Team,Mobile,Europe,1-10,0.984,11.92,False,False,Free,Free,,0
U103505,2025-07-05,Paid Search,Ops Manager,Desktop,North America,1-10,1.102,32.3,False,False,Free,Free,,0
U108012,2025-07-05,Organic Search,Founder,Mobile,North America,1000+,1.192,19.09,True,True,Trial,Free,,0
U106788,2025-07-05,Social,Ops Manager,Tablet,North America,1-10,0.833,20.16,True,True,Paid,Growth,2025-07-11,59
U106291,2025-07-05,Social,Founder,Desktop,North America,51-200,0.491,21.38,True,False,Free,Free,,0
U103305,2025-07-05,Content,Sales Team,Mobile,North America,51-200,0.841,22.46,False,False,Free,Free,,0
U105278,2025-07-05,Content,Ops Manager,Desktop,North America,51-200,1.338,27.89,True,True,Trial,Free,,0
U102432,2025-07-05,Organic Search,Sales Team,Desktop,North America,11-50,1.13,29.49,False,False,Free,Free,,0
U105741,2025-07-05,Paid Search,Founder,Desktop,North America,11-50,0.886,18.61,False,False,Free,Free,,0
U100875,2025-07-05,Content,Founder,Tablet,North America,201-1000,1.485,26.41,True,True,Paid,Starter,2025-07-10,19
U100118,2025-07-05,Referral,Student / Hobby,Desktop,APAC,1-10,0.419,55.83,False,False,Free,Free,,0
U103292,2025-07-06,Paid Search,Marketing Team,Desktop,North America,51-200,0.585,50.31,False,False,Free,Free,,0
U101700,2025-07-06,Organic Search,Ops Manager,Desktop,APAC,1-10,1.253,25.46,True,False,Free,Free,,0
U105378,2025-07-06,Organic Search,Ops Manager,Tablet,Europe,201-1000,0.776,25.61,False,False,Free,Free,,0
U106699,2025-07-06,Paid Search,Ops Manager,Desktop,North America,51-200,0.852,27.06,True,False,Free,Free,,0
U103584,2025-07-06,Paid Search,Founder,Desktop,APAC,51-200,0.98,13.24,True,False,Free,Free,,0
U100087,2025-07-06,Paid Search,Ops Manager,Desktop,Europe,1-10,1.118,20.06,False,False,Free,Free,,0
U105823,2025-07-06,Paid Search,Founder,Desktop,North America,11-50,0.844,21.34,True,False,Free,Free,,0
U101469,2025-07-06,Partnership,Ops Manager,Desktop,North America,201-1000,1.306,10.36,False,False,Free,Free,,0
U106152,2025-07-06,Paid Search,Founder,Mobile,APAC,11-50,0.962,3.42,False,False,Free,Free,,0
U106305,2025-07-06,Partnership,Ops Manager,Desktop,North America,11-50,1.084,25.6,False,False,Free,Free,,0
U100604,2025-07-06,Organic Search,Founder,Desktop,North America,1-10,1.025,28.14,False,False,Free,Free,,0
U103135,2025-07-06,Organic Search,Sales Team,Tablet,North America,201-1000,0.843,10.57,False,False,Free,Free,,0
U102193,2025-07-06,Paid Search,Founder,Desktop,MEA,1-10,0.98,35.14,True,False,Free,Free,,0
U104020,2025-07-06,Paid Search,Founder,Mobile,APAC,1-10,0.825,13.02,True,False,Free,Free,,0
U106549,2025-07-06,Organic Search,Sales Team,Desktop,Europe,1-10,1.332,37.57,False,False,Free,Free,,0
U106947,2025-07-07,Referral,Sales Team,Desktop,APAC,1-10,0.993,31.06,False,False,Free,Free,,0
U106843,2025-07-07,Organic Search,Marketing Team,Desktop,North America,11-50,0.9,26.34,False,False,Free,Free,,0
U106406,2025-07-07,Organic Search,Founder,Mobile,North America,51-200,1.461,9.63,True,False,Free,Free,,0
U108377,2025-07-07,Organic Search,Sales Team,Desktop,North America,11-50,0.857,23.58,True,True,Trial,Free,,0
U106932,2025-07-07,Social,Ops Manager,Desktop,APAC,1-10,0.859,49.69,False,False,Free,Free,,0
U102473,2025-07-07,Organic Search,Founder,Desktop,North America,1-10,1.414,23.12,False,False,Free,Free,,0
U106780,2025-07-07,Organic Search,Marketing Team,Mobile,APAC,11-50,1.052,8.02,False,False,Free,Free,,0
U104377,2025-07-07,Paid Search,Founder,Desktop,Europe,11-50,0.857,21.48,False,False,Free,Free,,0
U101299,2025-07-07,Paid Search,Founder,Desktop,North America,11-50,0.712,33.65,False,False,Free,Free,,0
U103825,2025-07-07,Paid Search,Student / Hobby,Tablet,North America,1-10,0.599,60.14,False,False,Free,Free,,0
U104192,2025-07-07,Referral,Marketing Team,Desktop,North America,1-10,1.294,7.75,False,False,Free,Free,,0
U105347,2025-07-07,Organic Search,Ops Manager,Desktop,North America,11-50,1.243,40.32,False,False,Free,Free,,0
U102752,2025-07-07,Referral,Founder,Desktop,LATAM,11-50,1.942,5.72,True,False,Free,Free,,0
U102345,2025-07-07,Organic Search,Ops Manager,Desktop,North America,1-10,0.609,33.86,False,False,Free,Free,,0
U105779,2025-07-07,Organic Search,Founder,Desktop,APAC,1-10,1.159,11.62,True,False,Free,Free,,0
U101918,2025-07-07,Organic Search,Marketing Team,Desktop,Europe,201-1000,0.954,24.62,False,False,Free,Free,,0
U104558,2025-07-07,Paid Search,Sales Team,Desktop,North America,11-50,0.569,40.02,False,False,Free,Free,,0
U103074,2025-07-07,Partnership,Founder,Tablet,North America,11-50,1.743,34.27,True,False,Free,Free,,0
U104938,2025-07-07,Referral,Marketing Team,Desktop,APAC,51-200,1.337,6.7,False,False,Free,Free,,0
U106458,2025-07-07,Referral,Sales Team,Desktop,Europe,11-50,1.565,12.15,True,False,Free,Free,,0
U103738,2025-07-07,Organic Search,Student / Hobby,Mobile,Europe,1-10,0.729,34.25,False,False,Free,Free,,0
U107146,2025-07-07,Content,Sales Team,Desktop,North America,11-50,1.304,11.65,False,False,Free,Free,,0
U104527,2025-07-07,Referral,Ops Manager,Desktop,Europe,51-200,1.796,4.43,True,False,Free,Free,,0
U102269,2025-07-07,Paid Search,Founder,Desktop,North America,11-50,1.078,25.33,True,False,Free,Free,,0
U106348,2025-07-08,Paid Search,Founder,Desktop,North America,51-200,1.475,27.51,False,False,Free,Free,,0
U106276,2025-07-08,Organic Search,Marketing Team,Desktop,Europe,11-50,1.419,18.24,True,False,Free,Free,,0
U108120,2025-07-08,Social,Ops Manager,Mobile,North America,11-50,1.391,12.97,True,False,Free,Free,,0
U108104,2025-07-08,Paid Search,Founder,Desktop,Europe,11-50,0.814,34.41,True,False,Free,Free,,0
U102426,2025-07-08,Partnership,Sales Team,Desktop,Europe,11-50,0.954,14.84,True,False,Free,Free,,0
U105415,2025-07-08,Paid Search,Ops Manager,Mobile,North America,51-200,1.011,7.55,False,False,Free,Free,,0
U104181,2025-07-08,Referral,Founder,Desktop,Europe,1-10,1.314,5.33,True,False,Free,Free,,0
U100835,2025-07-08,Referral,Marketing Team,Desktop,North America,201-1000,1.168,25.47,False,False,Free,Free,,0
U103187,2025-07-08,Referral,Ops Manager,Desktop,LATAM,1-10,2.15,26.96,True,True,Trial,Free,,0
U100799,2025-07-08,Social,Founder,Mobile,Europe,1-10,0.905,13.4,False,False,Free,Free,,0
U108274,2025-07-08,Organic Search,Ops Manager,Desktop,Europe,1-10,1.391,7.36,True,False,Free,Free,,0
U105806,2025-07-08,Organic Search,Founder,Desktop,North America,1-10,1.428,3.3,True,False,Free,Free,,0
U104549,2025-07-08,Organic Search,Sales Team,Mobile,North America,1-10,0.746,25.19,False,False,Free,Free,,0
U104693,2025-07-08,Paid Search,Ops Manager,Mobile,Europe,1-10,1.195,31.68,False,False,Free,Free,,0
U107619,2025-07-08,Content,Founder,Desktop,North America,51-200,1.037,12.3,False,False,Free,Free,,0
U101009,2025-07-08,Paid Search,Ops Manager,Desktop,Europe,1-10,1.566,4.29,False,False,Free,Free,,0
U105014,2025-07-08,Organic Search,Founder,Desktop,North America,11-50,0.994,32.37,False,False,Free,Free,,0
U106133,2025-07-08,Referral,Founder,Desktop,North America,1000+,1.464,19.06,True,True,Paid,Starter,2025-07-15,19
U100159,2025-07-08,Referral,Founder,Mobile,APAC,11-50,1.731,15.0,False,False,Free,Free,,0
U100338,2025-07-08,Content,Ops Manager,Mobile,North America,11-50,1.411,3.98,False,False,Free,Free,,0
U105303,2025-07-08,Social,Ops Manager,Mobile,North America,51-200,0.954,20.08,False,False,Free,Free,,0
U102647,2025-07-09,Organic Search,Marketing Team,Mobile,APAC,11-50,0.792,4.74,False,False,Free,Free,,0
U106090,2025-07-09,Referral,Marketing Team,Desktop,North America,11-50,1.031,35.04,True,True,Trial,Free,,0
U108114,2025-07-09,Content,Ops Manager,Desktop,Europe,51-200,1.589,10.64,False,False,Free,Free,,0
U107149,2025-07-09,Organic Search,Ops Manager,Desktop,North America,1-10,1.222,9.41,False,False,Free,Free,,0
U102297,2025-07-09,Paid Search,Student / Hobby,Desktop,APAC,1-10,0.25,36.87,False,False,Free,Free,,0
U104083,2025-07-09,Referral,Ops Manager,Desktop,APAC,51-200,1.529,20.07,True,True,Paid,Starter,2025-07-15,19
U102343,2025-07-09,Organic Search,Ops Manager,Desktop,North America,201-1000,0.702,40.57,True,False,Free,Free,,0
U102300,2025-07-09,Social,Sales Team,Mobile,North America,201-1000,0.602,28.67,False,False,Free,Free,,0
U106186,2025-07-09,Referral,Founder,Mobile,North America,11-50,1.496,10.42,True,False,Free,Free,,0
U104690,2025-07-09,Organic Search,Ops Manager,Tablet,North America,1-10,1.501,9.29,True,False,Free,Free,,0
U105406,2025-07-09,Organic Search,Founder,Mobile,North America,51-200,1.225,18.91,True,True,Paid,Starter,2025-07-13,19
U101677,2025-07-09,Referral,Marketing Team,Mobile,North America,1-10,1.286,9.6,False,False,Free,Free,,0
U107767,2025-07-09,Paid Search,Founder,Desktop,LATAM,11-50,1.312,11.12,True,False,Free,Free,,0
U101134,2025-07-09,Organic Search,Ops Manager,Desktop,APAC,1-10,1.523,20.12,False,False,Free,Free,,0
U108028,2025-07-09,Organic Search,Ops Manager,Mobile,North America,1-10,1.067,14.78,False,False,Free,Free,,0
U104108,2025-07-09,Referral,Ops Manager,Desktop,North America,1-10,1.468,12.53,True,False,Free,Free,,0
U107457,2025-07-10,Referral,Sales Team,Tablet,Europe,1-10,1.442,8.22,True,False,Free,Free,,0
U105435,2025-07-10,Social,Ops Manager,Mobile,North America,51-200,0.981,50.77,True,False,Free,Free,,0
U108253,2025-07-10,Organic Search,Ops Manager,Mobile,LATAM,1-10,1.392,6.3,True,True,Paid,Scale,2025-07-18,149
U100862,2025-07-10,Referral,Marketing Team,Desktop,LATAM,51-200,0.962,9.15,False,False,Free,Free,,0
U103717,2025-07-10,Organic Search,Founder,Desktop,LATAM,11-50,1.829,13.14,True,True,Paid,Starter,2025-07-17,19
U107325,2025-07-10,Organic Search,Founder,Desktop,Europe,1-10,0.809,20.51,True,True,Trial,Free,,0
U103069,2025-07-10,Content,Marketing Team,Desktop,North America,11-50,0.823,9.56,False,False,Free,Free,,0
U108269,2025-07-10,Referral,Founder,Desktop,North America,1000+,1.941,31.11,True,True,Trial,Free,,0
U102808,2025-07-10,Organic Search,Ops Manager,Tablet,North America,1-10,1.339,3.89,False,False,Free,Free,,0
U101640,2025-07-10,Content,Ops Manager,Desktop,APAC,11-50,1.234,10.24,True,True,Paid,Growth,2025-07-11,59
U100380,2025-07-10,Organic Search,Sales Team,Desktop,MEA,51-200,1.128,4.0,True,False,Free,Free,,0
U104852,2025-07-10,Organic Search,Founder,Mobile,Europe,1-10,0.955,27.47,True,True,Paid,Starter,2025-07-17,19
U104806,2025-07-10,Organic Search,Marketing Team,Desktop,Europe,1-10,0.798,10.01,False,False,Free,Free,,0
U106517,2025-07-10,Referral,Founder,Desktop,North America,201-1000,1.571,5.38,False,False,Free,Free,,0
U105280,2025-07-10,Referral,Marketing Team,Mobile,Europe,11-50,1.078,23.71,False,False,Free,Free,,0
U104593,2025-07-10,Referral,Marketing Team,Desktop,Europe,1-10,0.857,11.13,False,False,Free,Free,,0
U104345,2025-07-10,Social,Ops Manager,Mobile,North America,11-50,0.845,28.44,True,False,Free,Free,,0
U101967,2025-07-10,Social,Founder,Mobile,North America,11-50,0.836,23.3,False,False,Free,Free,,0
U104131,2025-07-10,Content,Ops Manager,Desktop,LATAM,11-50,1.5,7.43,True,True,Paid,Growth,2025-07-18,59
U106605,2025-07-11,Paid Search,Founder,Mobile,North America,1-10,0.676,58.45,False,False,Free,Free,,0
U102466,2025-07-11,Content,Ops Manager,Desktop,APAC,11-50,1.488,3.69,True,False,Free,Free,,0
U108340,2025-07-11,Content,Ops Manager,Tablet,North America,11-50,1.293,33.55,True,True,Trial,Free,,0
U104525,2025-07-11,Organic Search,Marketing Team,Desktop,LATAM,51-200,0.752,21.0,False,False,Free,Free,,0
U107502,2025-07-11,Referral,Marketing Team,Mobile,North America,51-200,1.202,10.13,False,False,Free,Free,,0
U103710,2025-07-11,Social,Ops Manager,Tablet,Europe,1-10,0.7,17.04,False,False,Free,Free,,0
U101973,2025-07-11,Paid Search,Sales Team,Desktop,North America,11-50,0.907,12.7,True,False,Free,Free,,0
U103847,2025-07-11,Content,Student / Hobby,Desktop,APAC,1-10,0.374,56.15,True,False,Free,Free,,0
U101979,2025-07-11,Organic Search,Marketing Team,Desktop,Europe,11-50,1.229,6.55,False,False,Free,Free,,0
U100609,2025-07-11,Referral,Founder,Desktop,North America,11-50,1.144,22.65,False,False,Free,Free,,0
U100616,2025-07-11,Organic Search,Marketing Team,Desktop,North America,11-50,0.646,50.29,True,False,Free,Free,,0
U105166,2025-07-11,Paid Search,Founder,Mobile,North America,1-10,1.041,11.28,False,False,Free,Free,,0
U101840,2025-07-11,Organic Search,Sales Team,Desktop,North America,51-200,1.05,12.21,False,False,Free,Free,,0
U104233,2025-07-11,Content,Sales Team,Desktop,North America,201-1000,1.601,31.85,True,True,Paid,Growth,2025-07-16,59
U100857,2025-07-11,Social,Marketing Team,Desktop,North America,11-50,1.278,4.37,True,False,Free,Free,,0
U106150,2025-07-11,Paid Search,Student / Hobby,Mobile,Europe,51-200,0.754,23.7,False,False,Free,Free,,0
U101694,2025-07-12,Organic Search,Marketing Team,Desktop,Europe,201-1000,0.96,7.21,True,False,Free,Free,,0
U100930,2025-07-12,Organic Search,Founder,Mobile,North America,11-50,0.997,33.48,False,False,Free,Free,,0
U105627,2025-07-12,Partnership,Founder,Mobile,North America,51-200,1.623,15.56,True,True,Trial,Free,,0
U103147,2025-07-12,Organic Search,Ops Manager,Mobile,Europe,51-200,1.322,8.91,False,False,Free,Free,,0
U100331,2025-07-12,Organic Search,Sales Team,Mobile,APAC,11-50,1.008,18.33,False,False,Free,Free,,0
U106484,2025-07-12,Referral,Ops Manager,Desktop,APAC,11-50,1.659,5.46,True,True,Trial,Free,,0
U107796,2025-07-12,Paid Search,Sales Team,Mobile,North America,51-200,0.941,31.81,False,False,Free,Free,,0
U106468,2025-07-12,Organic Search,Sales Team,Desktop,North America,11-50,1.278,20.7,False,False,Free,Free,,0
U101507,2025-07-12,Content,Marketing Team,Tablet,North America,1-10,1.556,25.83,False,False,Free,Free,,0
U100443,2025-07-12,Organic Search,Sales Team,Mobile,North America,11-50,0.646,33.88,False,False,Free,Free,,0
U107152,2025-07-12,Organic Search,Ops Manager,Desktop,APAC,51-200,1.252,21.01,True,True,Paid,Starter,2025-07-15,19
U102830,2025-07-12,Organic Search,Sales Team,Desktop,Europe,1-10,0.795,35.99,False,False,Free,Free,,0
U107173,2025-07-12,Partnership,Marketing Team,Desktop,LATAM,1-10,0.973,29.48,True,False,Free,Free,,0
U101200,2025-07-12,Organic Search,Founder,Desktop,North America,1-10,1.222,7.96,False,False,Free,Free,,0
U105864,2025-07-12,Social,Founder,Desktop,Europe,11-50,0.854,29.4,False,False,Free,Free,,0
U107506,2025-07-12,Organic Search,Student / Hobby,Desktop,North America,1-10,0.634,36.92,False,False,Free,Free,,0
U106997,2025-07-12,Content,Ops Manager,Mobile,North America,11-50,1.553,12.32,True,False,Free,Free,,0
U105444,2025-07-13,Social,Founder,Desktop,Europe,51-200,0.867,9.77,False,False,Free,Free,,0
U100801,2025-07-13,Social,Ops Manager,Desktop,APAC,1-10,1.002,33.18,False,False,Free,Free,,0
U107412,2025-07-13,Paid Search,Marketing Team,Desktop,APAC,1-10,0.986,38.7,True,True,Paid,Starter,2025-07-15,19
U107394,2025-07-13,Organic Search,Ops Manager,Desktop,North America,11-50,1.562,22.43,False,False,Free,Free,,0
U107038,2025-07-13,Organic Search,Ops Manager,Mobile,APAC,1-10,1.109,2.54,False,False,Free,Free,,0
U103681,2025-07-13,Paid Search,Sales Team,Desktop,APAC,201-1000,1.217,11.67,False,False,Free,Free,,0
U101825,2025-07-13,Organic Search,Founder,Tablet,North America,51-200,0.978,14.21,True,True,Paid,Starter,2025-07-19,19
U104684,2025-07-13,Organic Search,Founder,Desktop,North America,11-50,1.185,10.58,True,False,Free,Free,,0
U101172,2025-07-13,Referral,Ops Manager,Mobile,Europe,1-10,1.76,9.86,True,True,Paid,Scale,2025-07-20,149
U106462,2025-07-13,Paid Search,Student / Hobby,Desktop,North America,1-10,0.464,22.87,False,False,Free,Free,,0
U100501,2025-07-13,Referral,Founder,Desktop,North America,11-50,1.374,10.85,True,False,Free,Free,,0
U105786,2025-07-13,Social,Founder,Mobile,North America,1-10,0.854,31.24,False,False,Free,Free,,0
U107737,2025-07-13,Organic Search,Student / Hobby,Desktop,Europe,11-50,0.959,15.53,False,False,Free,Free,,0
U103317,2025-07-13,Paid Search,Founder,Mobile,North America,11-50,1.007,15.34,False,False,Free,Free,,0
U101029,2025-07-13,Paid Search,Ops Manager,Mobile,North America,201-1000,0.686,68.65,True,True,Trial,Free,,0
U100216,2025-07-14,Social,Founder,Desktop,Europe,51-200,0.706,49.89,False,False,Free,Free,,0
U102686,2025-07-14,Organic Search,Marketing Team,Desktop,North America,1-10,0.742,44.75,False,False,Free,Free,,0
U104834,2025-07-14,Paid Search,Founder,Desktop,North America,1-10,0.818,17.43,False,False,Free,Free,,0
U100641,2025-07-14,Paid Search,Sales Team,Desktop,Europe,201-1000,0.525,23.33,True,False,Free,Free,,0
U105464,2025-07-14,Organic Search,Ops Manager,Desktop,North America,201-1000,1.071,15.29,False,False,Free,Free,,0
U106717,2025-07-14,Organic Search,Student / Hobby,Desktop,MEA,201-1000,0.631,60.28,True,False,Free,Free,,0
U102793,2025-07-14,Organic Search,Founder,Mobile,North America,51-200,0.833,34.28,False,False,Free,Free,,0
U102726,2025-07-14,Paid Search,Sales Team,Tablet,Europe,11-50,0.796,10.85,False,False,Free,Free,,0
U101965,2025-07-14,Content,Founder,Mobile,APAC,1-10,1.337,4.7,True,True,Paid,Starter,2025-07-14,19
U107280,2025-07-14,Paid Search,Ops Manager,Mobile,Europe,11-50,1.149,6.67,True,False,Free,Free,,0
U102826,2025-07-14,Referral,Sales Team,Desktop,LATAM,11-50,1.298,23.8,True,False,Free,Free,,0
U106914,2025-07-14,Organic Search,Student / Hobby,Desktop,MEA,1-10,0.664,40.93,False,False,Free,Free,,0
U103395,2025-07-14,Organic Search,Sales Team,Desktop,North America,201-1000,1.292,1.42,True,False,Free,Free,,0
U104952,2025-07-15,Social,Ops Manager,Tablet,North America,1-10,0.878,22.69,False,False,Free,Free,,0
U103022,2025-07-15,Referral,Ops Manager,Desktop,North America,11-50,1.473,8.36,False,False,Free,Free,,0
U104328,2025-07-15,Referral,Founder,Desktop,LATAM,1-10,1.686,31.88,False,False,Free,Free,,0
U107839,2025-07-15,Social,Founder,Mobile,North America,1-10,0.968,14.79,False,False,Free,Free,,0
U100983,2025-07-15,Organic Search,Marketing Team,Desktop,APAC,11-50,0.801,13.51,False,False,Free,Free,,0
U104360,2025-07-15,Referral,Ops Manager,Desktop,North America,51-200,1.902,17.86,False,False,Free,Free,,0
U107860,2025-07-15,Content,Founder,Mobile,North America,51-200,1.443,20.31,False,False,Free,Free,,0
U104413,2025-07-15,Social,Founder,Mobile,North America,11-50,0.876,17.36,False,False,Free,Free,,0
U106540,2025-07-15,Content,Marketing Team,Mobile,North America,51-200,0.955,7.9,True,False,Free,Free,,0
U107001,2025-07-15,Organic Search,Founder,Mobile,Europe,51-200,1.685,19.57,True,True,Trial,Free,,0
U100697,2025-07-15,Organic Search,Sales Team,Desktop,North America,11-50,0.949,10.42,False,False,Free,Free,,0
U107000,2025-07-15,Paid Search,Founder,Mobile,North America,11-50,0.583,37.43,False,False,Free,Free,,0
U108291,2025-07-15,Paid Search,Founder,Desktop,MEA,11-50,0.984,16.47,False,False,Free,Free,,0
U100518,2025-07-15,Organic Search,Ops Manager,Mobile,North America,201-1000,1.51,10.05,True,False,Free,Free,,0
U101813,2025-07-15,Referral,Ops Manager,Mobile,North America,1-10,1.882,9.44,True,True,Paid,Growth,2025-07-15,59
U107612,2025-07-15,Paid Search,Ops Manager,Tablet,North America,51-200,0.742,24.62,False,False,Free,Free,,0
U105332,2025-07-15,Referral,Founder,Desktop,Europe,11-50,1.584,6.68,True,False,Free,Free,,0
U107622,2025-07-15,Paid Search,Student / Hobby,Desktop,North America,1-10,0.299,79.98,False,False,Free,Free,,0
U100861,2025-07-15,Organic Search,Marketing Team,Desktop,Europe,201-1000,1.307,14.83,True,False,Free,Free,,0
U104365,2025-07-16,Referral,Ops Manager,Desktop,North America,1-10,1.69,12.46,True,False,Free,Free,,0
U107156,2025-07-16,Content,Founder,Desktop,APAC,11-50,1.394,10.32,True,False,Free,Free,,0
U101510,2025-07-16,Referral,Ops Manager,Desktop,North America,51-200,1.34,17.91,True,False,Free,Free,,0
U101747,2025-07-16,Organic Search,Sales Team,Mobile,Europe,1-10,1.252,12.04,False,False,Free,Free,,0
U100439,2025-07-16,Paid Search,Ops Manager,Desktop,APAC,1-10,0.772,11.24,True,False,Free,Free,,0
U100031,2025-07-16,Organic Search,Sales Team,Mobile,Europe,11-50,1.08,28.01,False,False,Free,Free,,0
U101086,2025-07-16,Referral,Sales Team,Desktop,North America,51-200,1.415,10.75,True,False,Free,Free,,0
U106907,2025-07-16,Paid Search,Sales Team,Desktop,North America,1-10,1.028,38.11,True,False,Free,Free,,0
U101681,2025-07-16,Organic Search,Founder,Desktop,Europe,51-200,1.254,5.27,True,True,Trial,Free,,0
U100871,2025-07-16,Referral,Sales Team,Mobile,Europe,1-10,1.429,18.34,True,True,Paid,Scale,2025-07-23,149
U105763,2025-07-16,Social,Ops Manager,Tablet,North America,1-10,1.361,13.83,True,False,Free,Free,,0
U101319,2025-07-16,Content,Sales Team,Desktop,North America,1-10,0.861,37.67,False,False,Free,Free,,0
U102654,2025-07-16,Organic Search,Sales Team,Desktop,APAC,1-10,1.569,5.3,False,False,Free,Free,,0
U106019,2025-07-16,Organic Search,Ops Manager,Desktop,LATAM,51-200,1.019,16.31,True,False,Free,Free,,0
U106830,2025-07-16,Paid Search,Ops Manager,Desktop,Europe,1-10,0.847,48.97,True,False,Free,Free,,0
U103579,2025-07-16,Organic Search,Marketing Team,Mobile,North America,11-50,1.305,4.11,False,False,Free,Free,,0
U107496,2025-07-16,Referral,Founder,Desktop,APAC,11-50,1.461,2.78,False,False,Free,Free,,0
U104402,2025-07-17,Organic Search,Marketing Team,Desktop,Europe,11-50,1.133,14.17,True,True,Trial,Free,,0
U101626,2025-07-17,Content,Ops Manager,Desktop,North America,51-200,1.086,3.9,True,False,Free,Free,,0
U107087,2025-07-17,Paid Search,Marketing Team,Desktop,LATAM,1000+,0.519,50.41,True,False,Free,Free,,0
U100256,2025-07-17,Social,Student / Hobby,Desktop,APAC,51-200,0.328,115.17,False,False,Free,Free,,0
U103488,2025-07-17,Organic Search,Founder,Mobile,LATAM,51-200,1.12,33.05,False,False,Free,Free,,0
U102101,2025-07-17,Organic Search,Sales Team,Desktop,Europe,1000+,1.194,12.87,True,True,Trial,Free,,0
U106335,2025-07-17,Content,Ops Manager,Desktop,North America,11-50,1.378,14.88,False,False,Free,Free,,0
U105490,2025-07-17,Partnership,Student / Hobby,Tablet,LATAM,1-10,0.675,13.23,False,False,Free,Free,,0
U108278,2025-07-17,Organic Search,Founder,Desktop,North America,1-10,1.471,5.11,True,True,Trial,Free,,0
U105770,2025-07-17,Organic Search,Founder,Desktop,Europe,11-50,1.23,6.55,False,False,Free,Free,,0
U104205,2025-07-17,Paid Search,Sales Team,Desktop,North America,51-200,0.798,19.47,False,False,Free,Free,,0
U106456,2025-07-17,Referral,Founder,Mobile,North America,201-1000,1.445,4.21,False,False,Free,Free,,0
U103004,2025-07-17,Content,Marketing Team,Mobile,North America,201-1000,0.674,24.94,False,False,Free,Free,,0
U105168,2025-07-17,Paid Search,Ops Manager,Desktop,North America,11-50,0.905,15.0,False,False,Free,Free,,0
U101736,2025-07-17,Referral,Ops Manager,Desktop,North America,1000+,1.622,8.65,False,False,Free,Free,,0
U107865,2025-07-17,Paid Search,Ops Manager,Desktop,Europe,201-1000,0.828,14.55,False,False,Free,Free,,0
U105660,2025-07-17,Social,Founder,Mobile,North America,1-10,0.974,3.38,False,False,Free,Free,,0
U106911,2025-07-17,Paid Search,Ops Manager,Mobile,Europe,1-10,1.197,20.3,False,False,Free,Free,,0
U105453,2025-07-17,Content,Ops Manager,Desktop,LATAM,11-50,1.256,22.78,True,True,Paid,Starter,2025-07-19,19
U102859,2025-07-17,Organic Search,Sales Team,Desktop,APAC,51-200,1.007,17.04,False,False,Free,Free,,0
U104556,2025-07-17,Referral,Ops Manager,Tablet,APAC,51-200,1.473,18.16,True,False,Free,Free,,0
U102679,2025-07-17,Organic Search,Sales Team,Desktop,North America,1-10,0.572,44.15,True,True,Trial,Free,,0
U100189,2025-07-17,Social,Ops Manager,Desktop,LATAM,1-10,0.871,22.5,False,False,Free,Free,,0
U105923,2025-07-17,Paid Search,Sales Team,Mobile,North America,1-10,1.283,35.87,False,False,Free,Free,,0
U102563,2025-07-17,Paid Search,Founder,Desktop,North America,11-50,0.897,33.0,True,False,Free,Free,,0
U104736,2025-07-17,Paid Search,Ops Manager,Desktop,LATAM,1-10,0.944,7.04,True,False,Free,Free,,0
U101514,2025-07-17,Organic Search,Ops Manager,Desktop,Europe,11-50,1.114,20.9,True,False,Free,Free,,0
U106583,2025-07-18,Organic Search,Marketing Team,Desktop,LATAM,11-50,1.211,13.19,True,True,Trial,Free,,0
U106212,2025-07-18,Paid Search,Sales Team,Desktop,North America,1-10,0.581,19.91,True,False,Free,Free,,0
U104917,2025-07-18,Social,Ops Manager,Desktop,North America,11-50,0.855,53.33,False,False,Free,Free,,0
U104788,2025-07-18,Organic Search,Sales Team,Tablet,Europe,11-50,0.963,62.54,True,False,Free,Free,,0
U106915,2025-07-18,Organic Search,Student / Hobby,Desktop,North America,51-200,0.25,131.1,True,False,Free,Free,,0
U108103,2025-07-18,Organic Search,Ops Manager,Desktop,Europe,1-10,1.39,43.56,True,False,Free,Free,,0
U100617,2025-07-18,Referral,Founder,Mobile,North America,1-10,1.262,12.2,False,False,Free,Free,,0
U103216,2025-07-18,Social,Ops Manager,Desktop,North America,11-50,0.616,26.07,True,True,Trial,Free,,0
U107425,2025-07-18,Paid Search,Student / Hobby,Desktop,North America,11-50,0.25,262.88,False,False,Free,Free,,0
U101683,2025-07-18,Paid Search,Ops Manager,Desktop,APAC,11-50,0.627,15.24,False,False,Free,Free,,0
U101022,2025-07-18,Organic Search,Sales Team,Tablet,Europe,11-50,0.702,9.78,False,False,Free,Free,,0
U106279,2025-07-18,Partnership,Founder,Desktop,LATAM,11-50,1.346,12.17,True,True,Trial,Free,,0
U105695,2025-07-18,Paid Search,Student / Hobby,Desktop,Europe,51-200,0.705,21.59,True,False,Free,Free,,0
U100180,2025-07-18,Social,Sales Team,Desktop,APAC,11-50,0.637,23.62,False,False,Free,Free,,0
U102235,2025-07-18,Paid Search,Ops Manager,Mobile,North America,201-1000,0.962,11.76,False,False,Free,Free,,0
U103486,2025-07-18,Organic Search,Marketing Team,Tablet,Europe,1-10,1.26,3.33,True,False,Free,Free,,0
U101884,2025-07-18,Organic Search,Marketing Team,Desktop,APAC,51-200,0.618,34.81,False,False,Free,Free,,0
U102389,2025-07-18,Paid Search,Marketing Team,Desktop,North America,51-200,0.881,9.95,False,False,Free,Free,,0
U105348,2025-07-18,Referral,Marketing Team,Tablet,MEA,11-50,1.206,19.52,True,False,Free,Free,,0
U101538,2025-07-18,Paid Search,Marketing Team,Desktop,North America,11-50,0.669,25.21,False,False,Free,Free,,0
U103045,2025-07-18,Referral,Founder,Desktop,North America,1-10,1.336,13.19,True,True,Paid,Growth,2025-07-20,59
U101733,2025-07-18,Social,Sales Team,Mobile,North America,11-50,0.594,7.53,True,True,Trial,Free,,0
U101147,2025-07-18,Paid Search,Founder,Desktop,Europe,1-10,0.672,40.81,False,False,Free,Free,,0
U103695,2025-07-19,Paid Search,Founder,Desktop,LATAM,51-200,0.659,36.26,True,False,Free,Free,,0
U102573,2025-07-19,Referral,Marketing Team,Desktop,North America,51-200,1.659,2.04,True,True,Trial,Free,,0
U103010,2025-07-19,Paid Search,Ops Manager,Mobile,North America,1-10,0.902,66.0,False,False,Free,Free,,0
U101181,2025-07-19,Referral,Founder,Desktop,North America,201-1000,1.336,23.29,False,False,Free,Free,,0
U103465,2025-07-19,Social,Ops Manager,Desktop,North America,11-50,0.699,24.2,False,False,Free,Free,,0
U101176,2025-07-19,Paid Search,Founder,Tablet,North America,51-200,0.711,27.88,False,False,Free,Free,,0
U108052,2025-07-19,Referral,Ops Manager,Tablet,LATAM,11-50,1.786,39.56,True,True,Trial,Free,,0
U103754,2025-07-19,Social,Founder,Desktop,MEA,1-10,0.582,23.06,False,False,Free,Free,,0
U105255,2025-07-19,Paid Search,Sales Team,Tablet,Europe,11-50,1.041,36.81,False,False,Free,Free,,0
U100689,2025-07-19,Social,Ops Manager,Desktop,North America,1-10,1.195,43.16,True,False,Free,Free,,0
U106921,2025-07-19,Paid Search,Founder,Desktop,North America,1-10,0.861,31.42,False,False,Free,Free,,0
U102267,2025-07-19,Organic Search,Ops Manager,Mobile,Europe,1-10,0.664,21.98,False,False,Free,Free,,0
U106729,2025-07-19,Paid Search,Ops Manager,Desktop,APAC,1-10,1.127,26.47,True,True,Trial,Free,,0
U100992,2025-07-19,Social,Ops Manager,Desktop,North America,11-50,1.097,1.93,False,False,Free,Free,,0
U104206,2025-07-19,Organic Search,Ops Manager,Desktop,Europe,201-1000,1.272,39.53,False,False,Free,Free,,0
U101548,2025-07-19,Referral,Student / Hobby,Mobile,North America,1-10,0.718,65.05,False,False,Free,Free,,0
U105536,2025-07-19,Social,Marketing Team,Desktop,APAC,1-10,0.389,72.17,False,False,Free,Free,,0
U106514,2025-07-19,Paid Search,Founder,Desktop,Europe,51-200,0.856,16.1,False,False,Free,Free,,0
U105580,2025-07-19,Referral,Sales Team,Mobile,Europe,1-10,1.632,13.09,False,False,Free,Free,,0
U105113,2025-07-20,Organic Search,Sales Team,Mobile,Europe,11-50,0.875,13.3,False,False,Free,Free,,0
U101996,2025-07-20,Paid Search,Founder,Mobile,North America,1-10,0.89,88.97,False,False,Free,Free,,0
U101257,2025-07-20,Content,Founder,Desktop,APAC,51-200,1.199,7.85,False,False,Free,Free,,0
U102775,2025-07-20,Paid Search,Ops Manager,Mobile,North America,1-10,1.065,11.92,True,False,Free,Free,,0
U105754,2025-07-20,Referral,Founder,Tablet,Europe,1-10,1.263,11.32,False,False,Free,Free,,0
U106384,2025-07-20,Partnership,Ops Manager,Desktop,North America,51-200,1.769,5.22,False,False,Free,Free,,0
U102403,2025-07-20,Paid Search,Founder,Desktop,North America,1-10,0.881,20.57,True,True,Paid,Starter,2025-07-27,19
U105199,2025-07-20,Paid Search,Ops Manager,Desktop,Europe,1-10,0.786,19.29,False,False,Free,Free,,0
U105352,2025-07-20,Partnership,Sales Team,Mobile,MEA,201-1000,0.803,13.28,False,False,Free,Free,,0
U103714,2025-07-20,Paid Search,Marketing Team,Tablet,North America,1-10,0.77,66.49,True,False,Free,Free,,0
U102604,2025-07-20,Referral,Ops Manager,Desktop,North America,51-200,1.572,7.24,True,True,Paid,Starter,2025-07-21,19
U101174,2025-07-20,Social,Sales Team,Desktop,North America,11-50,0.589,109.67,False,False,Free,Free,,0
U104042,2025-07-20,Referral,Ops Manager,Desktop,North America,11-50,1.526,21.84,True,False,Free,Free,,0
U100895,2025-07-20,Paid Search,Sales Team,Desktop,APAC,51-200,1.35,6.46,False,False,Free,Free,,0
U108305,2025-07-20,Referral,Ops Manager,Mobile,North America,1-10,1.593,9.54,True,False,Free,Free,,0
U104567,2025-07-21,Organic Search,Marketing Team,Desktop,North America,201-1000,1.042,30.07,True,False,Free,Free,,0
U105276,2025-07-21,Organic Search,Sales Team,Desktop,MEA,11-50,1.286,10.67,True,False,Free,Free,,0
U102273,2025-07-21,Paid Search,Marketing Team,Desktop,North America,11-50,1.031,12.1,False,False,Free,Free,,0
U100549,2025-07-21,Organic Search,Student / Hobby,Mobile,North America,11-50,0.529,25.67,False,False,Free,Free,,0
U101303,2025-07-21,Paid Search,Founder,Mobile,Europe,11-50,1.307,12.24,False,False,Free,Free,,0
U102302,2025-07-21,Organic Search,Student / Hobby,Mobile,North America,1-10,0.5,61.84,True,False,Free,Free,,0
U103516,2025-07-21,Organic Search,Marketing Team,Desktop,Europe,1-10,1.381,23.93,True,False,Free,Free,,0
U105977,2025-07-21,Referral,Founder,Desktop,North America,1-10,1.378,2.76,True,True,Trial,Free,,0
U105679,2025-07-21,Organic Search,Sales Team,Mobile,Europe,51-200,1.057,14.02,False,False,Free,Free,,0
U101854,2025-07-21,Partnership,Ops Manager,Desktop,APAC,11-50,1.194,38.18,True,False,Free,Free,,0
U104509,2025-07-21,Referral,Marketing Team,Desktop,APAC,1-10,1.331,7.21,False,False,Free,Free,,0
U103646,2025-07-21,Partnership,Sales Team,Mobile,North America,51-200,1.074,41.36,False,False,Free,Free,,0
U102392,2025-07-21,Referral,Sales Team,Desktop,Europe,11-50,1.271,27.64,False,False,Free,Free,,0
U108064,2025-07-21,Organic Search,Founder,Desktop,Europe,51-200,1.359,21.53,True,False,Free,Free,,0
U103297,2025-07-21,Social,Founder,Mobile,North America,11-50,0.94,20.49,False,False,Free,Free,,0
U108182,2025-07-21,Referral,Sales Team,Desktop,APAC,1-10,1.418,1.25,True,False,Free,Free,,0
U102440,2025-07-21,Organic Search,Student / Hobby,Desktop,Europe,1-10,0.639,14.44,False,False,Free,Free,,0
U105810,2025-07-21,Referral,Student / Hobby,Desktop,North America,201-1000,0.839,12.89,False,False,Free,Free,,0
U101641,2025-07-21,Social,Sales Team,Tablet,Europe,201-1000,0.764,32.16,False,False,Free,Free,,0
U104398,2025-07-21,Content,Founder,Desktop,Europe,51-200,1.187,26.76,False,False,Free,Free,,0
U103448,2025-07-21,Paid Search,Sales Team,Mobile,Europe,1-10,0.636,29.87,False,False,Free,Free,,0
U102430,2025-07-22,Content,Founder,Desktop,North America,1-10,1.234,27.12,True,False,Free,Free,,0
U106578,2025-07-22,Paid Search,Ops Manager,Desktop,Europe,1-10,1.083,30.16,False,False,Free,Free,,0
U100021,2025-07-22,Organic Search,Founder,Mobile,North America,11-50,1.361,8.69,False,False,Free,Free,,0
U103498,2025-07-22,Social,Sales Team,Desktop,LATAM,1-10,0.887,32.66,False,False,Free,Free,,0
U108398,2025-07-22,Organic Search,Sales Team,Desktop,MEA,51-200,1.036,18.85,False,False,Free,Free,,0
U107086,2025-07-22,Social,Founder,Desktop,APAC,11-50,1.133,35.43,False,False,Free,Free,,0
U100837,2025-07-22,Social,Ops Manager,Desktop,APAC,1-10,1.078,27.47,True,False,Free,Free,,0
U106481,2025-07-22,Organic Search,Founder,Tablet,LATAM,1-10,1.282,17.92,False,False,Free,Free,,0
U106789,2025-07-22,Organic Search,Ops Manager,Desktop,North America,1-10,1.188,10.8,False,False,Free,Free,,0
U104800,2025-07-22,Referral,Founder,Desktop,North America,11-50,1.686,12.32,True,True,Paid,Starter,2025-07-30,19
U104931,2025-07-22,Paid Search,Marketing Team,Desktop,North America,1000+,0.722,57.28,False,False,Free,Free,,0
U103712,2025-07-22,Referral,Ops Manager,Tablet,North America,201-1000,1.877,7.07,True,True,Paid,Starter,2025-07-29,19
U108368,2025-07-22,Organic Search,Ops Manager,Mobile,North America,11-50,1.497,14.74,False,False,Free,Free,,0
U107276,2025-07-22,Referral,Marketing Team,Mobile,Europe,1000+,1.329,14.68,True,True,Paid,Growth,2025-07-22,59
U105704,2025-07-22,Paid Search,Marketing Team,Tablet,Europe,11-50,0.408,72.0,False,False,Free,Free,,0
U106412,2025-07-22,Organic Search,Marketing Team,Desktop,North America,1-10,0.828,13.84,False,False,Free,Free,,0
U104270,2025-07-22,Paid Search,Founder,Desktop,Europe,11-50,0.895,11.87,False,False,Free,Free,,0
U103779,2025-07-22,Content,Student / Hobby,Desktop,North America,1-10,0.344,24.19,False,False,Free,Free,,0
U102855,2025-07-22,Organic Search,Sales Team,Desktop,LATAM,1-10,1.106,39.49,False,False,Free,Free,,0
U101211,2025-07-22,Organic Search,Founder,Tablet,North America,51-200,1.018,44.52,False,False,Free,Free,,0
U102132,2025-07-22,Social,Founder,Tablet,North America,1-10,0.815,11.36,False,False,Free,Free,,0
U100117,2025-07-22,Referral,Ops Manager,Desktop,North America,51-200,1.67,12.12,True,True,Trial,Free,,0
U103730,2025-07-22,Paid Search,Marketing Team,Desktop,North America,201-1000,0.423,27.26,False,False,Free,Free,,0
U106396,2025-07-23,Social,Marketing Team,Desktop,North America,1-10,0.25,116.83,False,False,Free,Free,,0
U104392,2025-07-23,Partnership,Ops Manager,Tablet,North America,11-50,1.366,4.26,False,False,Free,Free,,0
U105753,2025-07-23,Referral,Marketing Team,Mobile,APAC,1-10,1.142,8.58,False,False,Free,Free,,0
U105092,2025-07-23,Organic Search,Student / Hobby,Mobile,APAC,11-50,0.875,36.16,False,False,Free,Free,,0
U101850,2025-07-23,Organic Search,Marketing Team,Mobile,Europe,51-200,0.732,24.88,False,False,Free,Free,,0
U104683,2025-07-23,Partnership,Founder,Desktop,Europe,11-50,1.322,24.66,True,True,Paid,Growth,2025-07-26,59
U106011,2025-07-23,Organic Search,Ops Manager,Desktop,LATAM,1-10,1.543,13.02,True,True,Paid,Starter,2025-07-27,19
U103223,2025-07-23,Organic Search,Ops Manager,Desktop,North America,11-50,0.877,52.04,False,False,Free,Free,,0
U105803,2025-07-23,Content,Marketing Team,Mobile,North America,1-10,1.037,23.02,True,False,Free,Free,,0
U100934,2025-07-23,Organic Search,Ops Manager,Desktop,MEA,11-50,1.249,24.99,False,False,Free,Free,,0
U101673,2025-07-23,Referral,Sales Team,Tablet,Europe,201-1000,1.029,10.37,True,False,Free,Free,,0
U106450,2025-07-23,Partnership,Ops Manager,Desktop,North America,201-1000,1.559,1.46,True,True,Paid,Growth,2025-07-30,59
U108259,2025-07-23,Content,Ops Manager,Desktop,Europe,1-10,1.482,9.87,False,False,Free,Free,,0
U101524,2025-07-23,Organic Search,Student / Hobby,Mobile,North America,1000+,0.394,43.04,False,False,Free,Free,,0
U101892,2025-07-23,Paid Search,Student / Hobby,Desktop,North America,1-10,0.25,136.22,True,False,Free,Free,,0
U102642,2025-07-23,Partnership,Sales Team,Mobile,APAC,11-50,1.129,3.2,True,False,Free,Free,,0
U101817,2025-07-23,Organic Search,Ops Manager,Desktop,APAC,1-10,1.261,6.12,False,False,Free,Free,,0
U107493,2025-07-24,Content,Student / Hobby,Desktop,North America,51-200,0.306,32.25,False,False,Free,Free,,0
U103013,2025-07-24,Organic Search,Ops Manager,Desktop,North America,11-50,1.605,22.26,False,False,Free,Free,,0
U101088,2025-07-24,Partnership,Founder,Desktop,Europe,11-50,1.271,2.18,False,False,Free,Free,,0
U100602,2025-07-24,Organic Search,Founder,Desktop,North America,51-200,0.897,35.29,False,False,Free,Free,,0
U106116,2025-07-24,Content,Sales Team,Mobile,North America,1-10,1.197,10.11,False,False,Free,Free,,0
U102386,2025-07-24,Social,Ops Manager,Desktop,APAC,1-10,0.798,52.4,True,True,Paid,Starter,2025-07-30,19
U103571,2025-07-24,Content,Founder,Desktop,APAC,1-10,1.114,12.81,False,False,Free,Free,,0
U100007,2025-07-24,Social,Sales Team,Desktop,APAC,51-200,0.358,57.72,False,False,Free,Free,,0
U100371,2025-07-24,Referral,Founder,Desktop,Europe,201-1000,1.301,4.66,True,True,Paid,Growth,2025-07-24,59
U103085,2025-07-24,Referral,Student / Hobby,Desktop,North America,11-50,0.464,58.45,False,False,Free,Free,,0
U105295,2025-07-24,Paid Search,Ops Manager,Mobile,North America,1-10,0.935,9.34,True,False,Free,Free,,0
U103104,2025-07-24,Organic Search,Sales Team,Mobile,Europe,11-50,1.126,23.3,False,False,Free,Free,,0
U100567,2025-07-24,Paid Search,Sales Team,Tablet,Europe,1000+,0.582,47.95,True,False,Free,Free,,0
U107656,2025-07-24,Partnership,Sales Team,Tablet,North America,51-200,1.098,10.68,False,False,Free,Free,,0
U103136,2025-07-24,Paid Search,Ops Manager,Desktop,North America,11-50,0.826,6.83,False,False,Free,Free,,0
U103201,2025-07-24,Social,Founder,Mobile,LATAM,1000+,0.843,31.94,False,False,Free,Free,,0
U101556,2025-07-25,Paid Search,Sales Team,Mobile,North America,1-10,0.449,56.45,False,False,Free,Free,,0
U108017,2025-07-25,Referral,Sales Team,Desktop,North America,51-200,1.073,14.83,False,False,Free,Free,,0
U100357,2025-07-25,Referral,Marketing Team,Desktop,North America,1000+,1.439,6.28,True,False,Free,Free,,0
U102744,2025-07-25,Paid Search,Founder,Tablet,LATAM,1-10,0.702,57.45,False,False,Free,Free,,0
U105040,2025-07-25,Social,Sales Team,Tablet,North America,1-10,1.127,15.81,False,False,Free,Free,,0
U103268,2025-07-25,Organic Search,Ops Manager,Mobile,APAC,11-50,1.405,7.78,False,False,Free,Free,,0
U100064,2025-07-25,Referral,Founder,Mobile,North America,11-50,1.76,16.79,True,True,Trial,Free,,0
U101087,2025-07-25,Paid Search,Sales Team,Desktop,North America,1-10,0.655,43.1,False,False,Free,Free,,0
U100911,2025-07-25,Content,Ops Manager,Mobile,North America,1000+,1.351,16.98,False,False,Free,Free,,0
U107411,2025-07-25,Paid Search,Founder,Desktop,APAC,51-200,1.133,22.5,True,False,Free,Free,,0
U108441,2025-07-25,Organic Search,Marketing Team,Desktop,Europe,1-10,1.172,9.29,True,True,Paid,Starter,2025-07-27,19
U107781,2025-07-25,Paid Search,Founder,Desktop,LATAM,11-50,1.03,17.2,True,False,Free,Free,,0
U102318,2025-07-25,Paid Search,Marketing Team,Desktop,North America,51-200,0.577,15.99,False,False,Free,Free,,0
U102288,2025-07-25,Referral,Ops Manager,Desktop,Europe,11-50,2.07,11.09,True,False,Free,Free,,0
U106353,2025-07-25,Content,Sales Team,Desktop,North America,201-1000,0.979,25.23,False,False,Free,Free,,0
U108435,2025-07-25,Organic Search,Marketing Team,Desktop,APAC,1000+,0.564,65.23,False,False,Free,Free,,0
U102139,2025-07-25,Organic Search,Student / Hobby,Desktop,North America,1-10,0.586,51.31,False,False,Free,Free,,0
U104092,2025-07-25,Paid Search,Ops Manager,Desktop,Europe,1-10,0.869,20.59,False,False,Free,Free,,0
U103043,2025-07-25,Organic Search,Ops Manager,Desktop,APAC,1-10,1.475,21.86,True,False,Free,Free,,0
U102040,2025-07-25,Paid Search,Sales Team,Mobile,APAC,1-10,0.748,30.69,False,False,Free,Free,,0
U105721,2025-07-25,Referral,Founder,Mobile,North America,1-10,1.07,21.31,False,False,Free,Free,,0
U101953,2025-07-25,Social,Sales Team,Tablet,North America,11-50,0.634,48.89,True,True,Trial,Free,,0
U101791,2025-07-25,Social,Founder,Mobile,Europe,1-10,0.552,44.51,False,False,Free,Free,,0
U107148,2025-07-25,Organic Search,Marketing Team,Desktop,LATAM,201-1000,1.198,36.03,True,False,Free,Free,,0
U104519,2025-07-25,Social,Founder,Desktop,MEA,1-10,0.616,12.91,False,False,Free,Free,,0
U105331,2025-07-26,Organic Search,Ops Manager,Desktop,North America,201-1000,1.532,19.84,True,True,Paid,Growth,2025-07-26,59
U108257,2025-07-26,Organic Search,Ops Manager,Desktop,North America,11-50,1.048,24.16,False,False,Free,Free,,0
U102143,2025-07-26,Social,Marketing Team,Desktop,LATAM,51-200,0.25,147.07,False,False,Free,Free,,0
U105003,2025-07-26,Paid Search,Ops Manager,Desktop,Europe,1-10,0.838,9.13,False,False,Free,Free,,0
U106984,2025-07-26,Content,Ops Manager,Desktop,MEA,11-50,1.589,10.3,False,False,Free,Free,,0
U103581,2025-07-26,Social,Ops Manager,Desktop,North America,201-1000,0.935,11.28,False,False,Free,Free,,0
U103520,2025-07-26,Social,Founder,Desktop,Europe,1-10,0.876,21.43,False,False,Free,Free,,0
U107143,2025-07-26,Paid Search,Student / Hobby,Desktop,MEA,1000+,0.607,3.56,False,False,Free,Free,,0
U105118,2025-07-26,Organic Search,Marketing Team,Desktop,North America,11-50,0.896,12.61,False,False,Free,Free,,0
U104347,2025-07-26,Paid Search,Sales Team,Desktop,Europe,1-10,1.034,19.99,True,True,Paid,Scale,2025-07-26,149
U102423,2025-07-26,Content,Founder,Mobile,North America,1-10,1.276,20.56,False,False,Free,Free,,0
U107719,2025-07-27,Organic Search,Student / Hobby,Desktop,North America,1-10,0.796,25.4,False,False,Free,Free,,0
U100574,2025-07-27,Organic Search,Marketing Team,Tablet,Europe,11-50,0.855,26.85,False,False,Free,Free,,0
U103821,2025-07-27,Referral,Founder,Mobile,North America,1000+,1.564,11.3,True,True,Paid,Starter,2025-08-04,19
U104586,2025-07-27,Paid Search,Ops Manager,Mobile,North America,201-1000,1.285,22.4,False,False,Free,Free,,0
U102591,2025-07-27,Referral,Student / Hobby,Mobile,APAC,11-50,0.496,15.36,False,False,Free,Free,,0
U105628,2025-07-27,Referral,Ops Manager,Desktop,Europe,51-200,1.238,2.11,False,False,Free,Free,,0
U100160,2025-07-27,Organic Search,Sales Team,Mobile,North America,11-50,0.917,14.15,False,False,Free,Free,,0
U107611,2025-07-27,Social,Marketing Team,Mobile,North America,11-50,0.656,6.94,False,False,Free,Free,,0
U107094,2025-07-27,Organic Search,Sales Team,Mobile,Europe,51-200,0.814,21.04,False,False,Free,Free,,0
U102849,2025-07-27,Content,Student / Hobby,Desktop,Europe,1-10,0.355,66.15,True,False,Free,Free,,0
U104115,2025-07-27,Organic Search,Founder,Mobile,North America,11-50,1.571,5.83,True,True,Paid,Starter,2025-07-29,19
U107484,2025-07-27,Paid Search,Sales Team,Desktop,Europe,11-50,0.391,65.95,False,False,Free,Free,,0
U107985,2025-07-27,Referral,Ops Manager,Mobile,Europe,11-50,1.698,3.49,False,False,Free,Free,,0
U102800,2025-07-28,Social,Founder,Desktop,Europe,1000+,1.054,24.87,False,False,Free,Free,,0
U101461,2025-07-28,Organic Search,Founder,Desktop,LATAM,1000+,1.19,17.63,False,False,Free,Free,,0
U107400,2025-07-28,Organic Search,Sales Team,Mobile,Europe,1-10,0.815,37.98,False,False,Free,Free,,0
U108139,2025-07-28,Paid Search,Ops Manager,Tablet,APAC,11-50,0.874,31.17,True,True,Paid,Growth,2025-07-29,59
U106281,2025-07-28,Social,Student / Hobby,Mobile,North America,51-200,0.25,49.57,False,False,Free,Free,,0
U105689,2025-07-28,Content,Marketing Team,Desktop,APAC,11-50,1.092,3.31,False,False,Free,Free,,0
U101716,2025-07-28,Paid Search,Sales Team,Desktop,Europe,11-50,1.119,14.89,True,False,Free,Free,,0
U104500,2025-07-28,Paid Search,Student / Hobby,Mobile,North America,1-10,0.448,19.76,False,False,Free,Free,,0
U107362,2025-07-28,Organic Search,Founder,Desktop,North America,51-200,1.301,6.7,False,False,Free,Free,,0
U104557,2025-07-28,Referral,Founder,Tablet,North America,1-10,1.645,14.33,True,False,Free,Free,,0
U102153,2025-07-28,Partnership,Founder,Mobile,North America,1-10,1.355,6.96,True,False,Free,Free,,0
U104531,2025-07-28,Paid Search,Sales Team,Desktop,North America,11-50,0.942,22.38,True,False,Free,Free,,0
U101839,2025-07-28,Organic Search,Sales Team,Desktop,LATAM,1-10,0.732,10.98,True,False,Free,Free,,0
U102149,2025-07-28,Paid Search,Ops Manager,Mobile,APAC,1-10,1.031,10.23,True,False,Free,Free,,0
U104113,2025-07-28,Referral,Marketing Team,Desktop,LATAM,11-50,1.172,23.44,True,False,Free,Free,,0
U107528,2025-07-29,Social,Ops Manager,Desktop,MEA,1-10,1.059,48.76,False,False,Free,Free,,0
U100432,2025-07-29,Content,Ops Manager,Desktop,North America,11-50,1.797,9.75,True,False,Free,Free,,0
U102487,2025-07-29,Content,Marketing Team,Desktop,Europe,1-10,1.342,19.63,True,True,Paid,Growth,2025-08-04,59
U105711,2025-07-29,Content,Ops Manager,Mobile,LATAM,1-10,1.493,9.15,True,True,Trial,Free,,0
U106505,2025-07-29,Organic Search,Student / Hobby,Mobile,North America,11-50,0.413,52.66,False,False,Free,Free,,0
U101613,2025-07-29,Content,Ops Manager,Mobile,Europe,11-50,0.977,31.49,True,True,Paid,Growth,2025-08-01,59
U104234,2025-07-29,Referral,Founder,Mobile,Europe,11-50,1.605,13.09,True,True,Paid,Starter,2025-07-30,19
U102614,2025-07-29,Referral,Ops Manager,Desktop,APAC,201-1000,1.763,11.5,False,False,Free,Free,,0
U102252,2025-07-29,Social,Founder,Desktop,Europe,201-1000,0.971,29.15,False,False,Free,Free,,0
U105967,2025-07-29,Social,Ops Manager,Desktop,North America,1-10,1.029,6.51,False,False,Free,Free,,0
U106351,2025-07-29,Referral,Ops Manager,Desktop,North America,51-200,1.612,4.98,False,False,Free,Free,,0
U105795,2025-07-29,Referral,Ops Manager,Desktop,North America,51-200,1.266,13.75,True,True,Paid,Growth,2025-07-30,59
U107667,2025-07-29,Paid Search,Student / Hobby,Mobile,North America,1-10,0.318,37.03,False,False,Free,Free,,0
U100529,2025-07-29,Referral,Founder,Mobile,North America,1-10,1.331,12.37,False,False,Free,Free,,0
U106806,2025-07-29,Organic Search,Ops Manager,Tablet,LATAM,1-10,0.934,22.32,False,False,Free,Free,,0
U100935,2025-07-29,Social,Sales Team,Desktop,LATAM,51-200,0.646,48.08,False,False,Free,Free,,0
U106797,2025-07-29,Paid Search,Ops Manager,Desktop,Europe,51-200,0.946,14.43,True,True,Paid,Starter,2025-07-31,19
U100779,2025-07-29,Organic Search,Student / Hobby,Desktop,Europe,11-50,0.537,18.57,False,False,Free,Free,,0
U100185,2025-07-29,Organic Search,Founder,Desktop,MEA,11-50,1.295,20.6,False,False,Free,Free,,0
U108485,2025-07-30,Paid Search,Marketing Team,Desktop,APAC,1-10,0.932,58.99,False,False,Free,Free,,0
U106946,2025-07-30,Organic Search,Ops Manager,Mobile,APAC,1-10,1.283,10.62,False,False,Free,Free,,0
U106971,2025-07-30,Social,Sales Team,Desktop,North America,1-10,0.688,16.91,False,False,Free,Free,,0
U100001,2025-07-30,Organic Search,Marketing Team,Desktop,Europe,1-10,0.827,26.23,False,False,Free,Free,,0
U104416,2025-07-30,Organic Search,Sales Team,Mobile,LATAM,1-10,1.243,8.55,False,False,Free,Free,,0
U105412,2025-07-30,Content,Student / Hobby,Desktop,North America,1-10,0.503,40.08,False,False,Free,Free,,0
U104523,2025-07-30,Referral,Sales Team,Mobile,Europe,1-10,1.421,6.33,False,False,Free,Free,,0
U100639,2025-07-30,Social,Ops Manager,Desktop,APAC,11-50,0.849,19.04,True,False,Free,Free,,0
U103349,2025-07-30,Social,Ops Manager,Desktop,MEA,1-10,1.088,47.73,True,False,Free,Free,,0
U101106,2025-07-30,Paid Search,Founder,Desktop,North America,1-10,1.051,4.65,True,False,Free,Free,,0
U101160,2025-07-30,Social,Student / Hobby,Desktop,Europe,1-10,0.319,31.12,False,False,Free,Free,,0
U103006,2025-07-30,Organic Search,Marketing Team,Desktop,Europe,51-200,1.433,5.09,False,False,Free,Free,,0
U101331,2025-07-30,Referral,Founder,Desktop,APAC,1-10,1.524,7.55,True,True,Paid,Scale,2025-08-03,149
U100367,2025-07-30,Referral,Ops Manager,Tablet,North America,1-10,1.467,4.72,True,False,Free,Free,,0
U106147,2025-07-30,Paid Search,Founder,Desktop,North America,11-50,0.837,17.69,False,False,Free,Free,,0
U101772,2025-07-30,Organic Search,Ops Manager,Mobile,North America,11-50,1.039,18.53,True,True,Trial,Free,,0
U105007,2025-07-30,Paid Search,Sales Team,Mobile,MEA,1-10,0.979,29.16,False,False,Free,Free,,0
U104864,2025-07-30,Organic Search,Ops Manager,Desktop,Europe,11-50,1.207,7.73,True,True,Paid,Scale,2025-08-07,149
U102138,2025-07-30,Organic Search,Founder,Desktop,Europe,51-200,0.932,7.88,False,False,Free,Free,,0
U101612,2025-07-31,Organic Search,Sales Team,Mobile,APAC,1-10,1.113,13.98,False,False,Free,Free,,0
U108005,2025-07-31,Social,Founder,Desktop,APAC,11-50,0.961,9.47,True,False,Free,Free,,0
U100418,2025-07-31,Referral,Sales Team,Tablet,MEA,51-200,1.093,30.74,False,False,Free,Free,,0
U104850,2025-07-31,Referral,Marketing Team,Desktop,North America,11-50,1.024,23.89,True,False,Free,Free,,0
U103139,2025-07-31,Referral,Sales Team,Desktop,MEA,1-10,1.235,34.17,True,False,Free,Free,,0
U104700,2025-07-31,Paid Search,Founder,Desktop,Europe,11-50,0.751,8.75,True,False,Free,Free,,0
U101933,2025-07-31,Paid Search,Ops Manager,Desktop,APAC,11-50,0.91,47.22,False,False,Free,Free,,0
U107878,2025-07-31,Referral,Student / Hobby,Desktop,North America,201-1000,1.028,5.33,True,False,Free,Free,,0
U104487,2025-07-31,Social,Marketing Team,Desktop,LATAM,51-200,0.25,103.99,False,False,Free,Free,,0
U107658,2025-07-31,Organic Search,Ops Manager,Mobile,APAC,1-10,1.116,36.51,False,False,Free,Free,,0
U102952,2025-07-31,Partnership,Ops Manager,Desktop,Europe,1-10,1.308,10.99,False,False,Free,Free,,0
U105336,2025-07-31,Partnership,Ops Manager,Desktop,North America,11-50,1.634,10.52,True,False,Free,Free,,0
U105918,2025-07-31,Paid Search,Founder,Mobile,North America,11-50,0.669,39.44,False,False,Free,Free,,0
U105896,2025-07-31,Paid Search,Ops Manager,Desktop,North America,11-50,1.428,6.81,True,True,Trial,Free,,0
U101740,2025-08-01,Content,Sales Team,Desktop,Europe,51-200,1.065,12.25,True,False,Free,Free,,0
U104743,2025-08-01,Paid Search,Marketing Team,Desktop,North America,1-10,0.388,103.52,False,False,Free,Free,,0
U106753,2025-08-01,Paid Search,Sales Team,Desktop,APAC,1-10,1.138,64.93,False,False,Free,Free,,0
U100105,2025-08-01,Referral,Marketing Team,Desktop,Europe,1-10,1.019,11.38,False,False,Free,Free,,0
U100957,2025-08-01,Organic Search,Ops Manager,Mobile,North America,11-50,1.35,22.22,False,False,Free,Free,,0
U100621,2025-08-01,Organic Search,Ops Manager,Mobile,APAC,1-10,1.234,8.31,True,False,Free,Free,,0
U106043,2025-08-01,Paid Search,Ops Manager,Desktop,North America,11-50,0.862,50.1,True,False,Free,Free,,0
U105386,2025-08-01,Organic Search,Sales Team,Desktop,North America,11-50,0.939,51.58,False,False,Free,Free,,0
U100025,2025-08-01,Organic Search,Founder,Desktop,North America,1-10,1.05,22.65,False,False,Free,Free,,0
U100301,2025-08-01,Paid Search,Sales Team,Desktop,North America,1-10,1.192,5.14,False,False,Free,Free,,0
U100201,2025-08-01,Paid Search,Student / Hobby,Desktop,North America,1-10,0.25,172.76,False,False,Free,Free,,0
U104400,2025-08-01,Social,Founder,Mobile,North America,11-50,0.653,2.26,False,False,Free,Free,,0
U107607,2025-08-01,Referral,Sales Team,Mobile,North America,1000+,1.202,12.38,True,True,Trial,Free,,0
U103798,2025-08-01,Partnership,Sales Team,Desktop,APAC,1000+,1.442,23.75,True,False,Free,Free,,0
U101048,2025-08-01,Social,Sales Team,Desktop,Europe,51-200,0.798,31.37,False,False,Free,Free,,0
U107807,2025-08-02,Referral,Ops Manager,Desktop,North America,1-10,1.526,4.71,False,False,Free,Free,,0
U107527,2025-08-02,Paid Search,Founder,Desktop,MEA,11-50,0.94,23.12,False,False,Free,Free,,0
U101675,2025-08-02,Organic Search,Founder,Tablet,Europe,1-10,1.111,59.38,False,False,Free,Free,,0
U107975,2025-08-02,Social,Sales Team,Desktop,Europe,1000+,0.751,31.71,False,False,Free,Free,,0
U101429,2025-08-02,Social,Founder,Desktop,North America,1-10,0.335,44.44,False,False,Free,Free,,0
U100749,2025-08-02,Paid Search,Student / Hobby,Mobile,APAC,1000+,0.268,121.69,False,False,Free,Free,,0
U103084,2025-08-02,Organic Search,Marketing Team,Desktop,Europe,11-50,0.807,14.28,False,False,Free,Free,,0
U107469,2025-08-02,Referral,Sales Team,Tablet,North America,11-50,1.09,18.28,True,False,Free,Free,,0
U100383,2025-08-02,Organic Search,Sales Team,Desktop,APAC,1-10,1.118,14.33,True,False,Free,Free,,0
U107712,2025-08-02,Paid Search,Marketing Team,Desktop,MEA,11-50,0.934,14.25,False,False,Free,Free,,0
U100403,2025-08-02,Social,Ops Manager,Desktop,North America,1000+,0.676,21.46,False,False,Free,Free,,0
U103589,2025-08-02,Social,Ops Manager,Tablet,APAC,1-10,0.726,6.98,False,False,Free,Free,,0
U100299,2025-08-02,Organic Search,Founder,Desktop,APAC,201-1000,1.115,22.38,False,False,Free,Free,,0
U100056,2025-08-02,Organic Search,Founder,Mobile,Europe,1-10,1.165,36.73,False,False,Free,Free,,0
U101663,2025-08-03,Paid Search,Founder,Desktop,Europe,11-50,0.805,25.12,True,False,Free,Free,,0
U102746,2025-08-03,Referral,Ops Manager,Mobile,APAC,1-10,1.733,24.61,True,False,Free,Free,,0
U100345,2025-08-03,Partnership,Founder,Desktop,North America,1-10,1.264,12.28,False,False,Free,Free,,0
U104241,2025-08-03,Social,Founder,Desktop,APAC,1-10,0.664,39.7,False,False,Free,Free,,0
U100139,2025-08-03,Partnership,Ops Manager,Mobile,Europe,1-10,1.724,4.78,False,False,Free,Free,,0
U102537,2025-08-03,Referral,Marketing Team,Mobile,North America,11-50,0.918,20.61,True,False,Free,Free,,0
U102036,2025-08-03,Organic Search,Student / Hobby,Desktop,APAC,201-1000,0.449,60.61,False,False,Free,Free,,0
U103054,2025-08-03,Paid Search,Ops Manager,Mobile,Europe,11-50,1.181,26.17,False,False,Free,Free,,0
U101537,2025-08-03,Content,Founder,Desktop,APAC,11-50,1.384,16.91,True,False,Free,Free,,0
U106009,2025-08-03,Content,Founder,Desktop,MEA,11-50,1.084,23.03,True,True,Trial,Free,,0
U100606,2025-08-03,Organic Search,Sales Team,Mobile,North America,51-200,1.158,12.76,False,False,Free,Free,,0
U103456,2025-08-03,Organic Search,Sales Team,Desktop,LATAM,11-50,1.643,2.34,False,False,Free,Free,,0
U104948,2025-08-03,Paid Search,Marketing Team,Desktop,North America,1-10,0.25,55.84,False,False,Free,Free,,0
U100863,2025-08-03,Paid Search,Sales Team,Mobile,North America,51-200,0.986,9.92,False,False,Free,Free,,0
U101494,2025-08-03,Partnership,Marketing Team,Tablet,APAC,1-10,1.175,5.43,False,False,Free,Free,,0
U106424,2025-08-03,Organic Search,Student / Hobby,Mobile,Europe,11-50,0.25,118.52,False,False,Free,Free,,0
U107236,2025-08-03,Social,Founder,Desktop,Europe,11-50,0.575,23.03,False,False,Free,Free,,0
U105087,2025-08-04,Paid Search,Ops Manager,Desktop,Europe,1000+,0.953,24.82,False,False,Free,Free,,0
U105643,2025-08-04,Paid Search,Sales Team,Desktop,North America,1-10,0.874,23.85,False,False,Free,Free,,0
U105883,2025-08-04,Organic Search,Founder,Desktop,North America,11-50,0.953,33.54,True,False,Free,Free,,0
U102727,2025-08-04,Referral,Ops Manager,Desktop,Europe,1-10,1.708,18.6,True,True,Trial,Free,,0
U100080,2025-08-04,Organic Search,Sales Team,Desktop,North America,1-10,1.16,8.98,False,False,Free,Free,,0
U102181,2025-08-04,Social,Founder,Desktop,North America,201-1000,1.149,20.95,False,False,Free,Free,,0
U108436,2025-08-04,Organic Search,Marketing Team,Desktop,Europe,201-1000,0.57,14.19,False,False,Free,Free,,0
U107368,2025-08-04,Paid Search,Founder,Desktop,LATAM,11-50,1.037,11.56,True,False,Free,Free,,0
U100238,2025-08-04,Organic Search,Ops Manager,Desktop,Europe,1-10,1.226,7.92,False,False,Free,Free,,0
U105287,2025-08-04,Social,Sales Team,Desktop,Europe,1-10,0.93,21.66,False,False,Free,Free,,0
U108222,2025-08-04,Paid Search,Student / Hobby,Mobile,Europe,1-10,0.513,27.83,False,False,Free,Free,,0
U100459,2025-08-04,Organic Search,Founder,Desktop,North America,1-10,1.144,2.17,True,True,Paid,Scale,2025-08-12,149
U105383,2025-08-04,Referral,Ops Manager,Desktop,APAC,11-50,1.964,5.68,True,False,Free,Free,,0
U105368,2025-08-04,Referral,Student / Hobby,Desktop,APAC,1-10,0.534,50.61,False,False,Free,Free,,0
U100708,2025-08-04,Organic Search,Marketing Team,Desktop,North America,51-200,0.671,19.77,False,False,Free,Free,,0
U102841,2025-08-05,Paid Search,Marketing Team,Desktop,Europe,1000+,0.327,37.9,False,False,Free,Free,,0
U107745,2025-08-05,Content,Sales Team,Desktop,North America,51-200,1.273,30.37,False,False,Free,Free,,0
U100008,2025-08-05,Referral,Sales Team,Mobile,North America,1-10,1.101,45.41,False,False,Free,Free,,0
U105423,2025-08-05,Referral,Marketing Team,Desktop,Europe,11-50,1.467,12.7,True,True,Trial,Free,,0
U106511,2025-08-05,Paid Search,Marketing Team,Desktop,North America,11-50,0.866,37.15,False,False,Free,Free,,0
U105509,2025-08-05,Organic Search,Ops Manager,Desktop,North America,11-50,1.098,10.52,False,False,Free,Free,,0
U103418,2025-08-05,Paid Search,Ops Manager,Mobile,APAC,1-10,1.063,31.06,False,False,Free,Free,,0
U104829,2025-08-05,Social,Student / Hobby,Desktop,LATAM,11-50,0.833,29.26,False,False,Free,Free,,0
U107249,2025-08-05,Organic Search,Ops Manager,Desktop,North America,1-10,1.898,1.41,True,False,Free,Free,,0
U101691,2025-08-05,Social,Ops Manager,Desktop,North America,1-10,0.62,7.63,False,False,Free,Free,,0
U107308,2025-08-05,Organic Search,Ops Manager,Mobile,North America,1-10,1.113,24.7,True,False,Free,Free,,0
U106979,2025-08-05,Organic Search,Ops Manager,Mobile,North America,11-50,1.105,2.36,True,True,Trial,Free,,0
U101324,2025-08-05,Social,Sales Team,Mobile,Europe,11-50,0.847,46.68,False,False,Free,Free,,0
U107212,2025-08-05,Paid Search,Ops Manager,Desktop,North America,1-10,1.008,37.25,True,True,Trial,Free,,0
U100053,2025-08-05,Organic Search,Marketing Team,Desktop,APAC,1-10,0.628,15.9,False,False,Free,Free,,0
U105850,2025-08-05,Paid Search,Founder,Desktop,North America,1-10,0.75,13.15,False,False,Free,Free,,0
U104175,2025-08-06,Organic Search,Student / Hobby,Desktop,North America,1000+,0.867,16.99,True,False,Free,Free,,0
U104318,2025-08-06,Referral,Founder,Mobile,Europe,51-200,1.351,19.17,True,False,Free,Free,,0
U106197,2025-08-06,Referral,Ops Manager,Desktop,North America,51-200,1.87,4.95,False,False,Free,Free,,0
U102042,2025-08-06,Organic Search,Sales Team,Desktop,Europe,11-50,0.86,19.21,True,False,Free,Free,,0
U106659,2025-08-06,Social,Ops Manager,Desktop,Europe,1-10,0.929,18.42,True,False,Free,Free,,0
U100495,2025-08-06,Content,Sales Team,Mobile,Europe,11-50,0.894,28.18,True,False,Free,Free,,0
U101711,2025-08-06,Organic Search,Marketing Team,Desktop,Europe,51-200,1.152,23.05,True,False,Free,Free,,0
U105743,2025-08-06,Paid Search,Founder,Desktop,Europe,1-10,1.125,6.44,False,False,Free,Free,,0
U101142,2025-08-06,Paid Search,Founder,Desktop,MEA,1000+,0.65,79.12,False,False,Free,Free,,0
U106810,2025-08-06,Content,Marketing Team,Mobile,Europe,1-10,0.868,13.03,False,False,Free,Free,,0
U104933,2025-08-06,Content,Ops Manager,Mobile,North America,1000+,1.405,1.53,True,False,Free,Free,,0
U100715,2025-08-06,Referral,Founder,Mobile,Europe,51-200,1.385,29.64,False,False,Free,Free,,0
U101118,2025-08-07,Paid Search,Sales Team,Desktop,North America,1-10,0.767,20.89,False,False,Free,Free,,0
U103213,2025-08-07,Paid Search,Marketing Team,Desktop,North America,11-50,0.505,67.11,True,False,Free,Free,,0
U107386,2025-08-07,Content,Student / Hobby,Mobile,North America,11-50,0.585,35.74,False,False,Free,Free,,0
U103031,2025-08-07,Social,Founder,Desktop,North America,1000+,0.795,15.4,False,False,Free,Free,,0
U107584,2025-08-07,Paid Search,Sales Team,Mobile,Europe,11-50,0.783,24.19,False,False,Free,Free,,0
U103462,2025-08-07,Partnership,Founder,Desktop,North America,51-200,1.409,9.04,False,False,Free,Free,,0
U102991,2025-08-07,Social,Sales Team,Desktop,North America,1-10,0.756,26.42,True,False,Free,Free,,0
U106477,2025-08-07,Paid Search,Student / Hobby,Mobile,North America,51-200,0.682,24.96,False,False,Free,Free,,0
U104582,2025-08-07,Organic Search,Marketing Team,Desktop,Europe,201-1000,0.803,21.32,False,False,Free,Free,,0
U107486,2025-08-07,Referral,Founder,Desktop,North America,1-10,1.226,8.94,False,False,Free,Free,,0
U103675,2025-08-07,Social,Marketing Team,Desktop,North America,1-10,0.782,36.16,True,False,Free,Free,,0
U103766,2025-08-07,Organic Search,Founder,Mobile,Europe,1-10,1.322,6.62,False,False,Free,Free,,0
U106922,2025-08-07,Paid Search,Marketing Team,Mobile,North America,1-10,0.584,17.24,False,False,Free,Free,,0
U104066,2025-08-07,Content,Student / Hobby,Mobile,North America,11-50,0.747,6.48,False,False,Free,Free,,0
U108427,2025-08-07,Paid Search,Ops Manager,Mobile,Europe,11-50,0.934,20.99,True,False,Free,Free,,0
U107827,2025-08-07,Referral,Sales Team,Desktop,North America,11-50,1.42,18.1,False,False,Free,Free,,0
U102454,2025-08-07,Paid Search,Marketing Team,Desktop,LATAM,11-50,0.638,56.88,False,False,Free,Free,,0
U104483,2025-08-07,Organic Search,Ops Manager,Mobile,Europe,11-50,1.393,20.95,False,False,Free,Free,,0
U101565,2025-08-08,Content,Founder,Desktop,LATAM,201-1000,1.624,15.08,False,False,Free,Free,,0
U100707,2025-08-08,Paid Search,Student / Hobby,Desktop,LATAM,201-1000,0.652,11.14,False,False,Free,Free,,0
U108450,2025-08-08,Partnership,Marketing Team,Mobile,Europe,1-10,0.937,9.96,False,False,Free,Free,,0
U103460,2025-08-08,Organic Search,Student / Hobby,Desktop,LATAM,11-50,0.459,41.5,False,False,Free,Free,,0
U102402,2025-08-08,Paid Search,Ops Manager,Desktop,North America,1-10,1.134,4.95,False,False,Free,Free,,0
U103582,2025-08-08,Referral,Sales Team,Desktop,Europe,1-10,1.284,1.5,True,False,Free,Free,,0
U107856,2025-08-08,Organic Search,Ops Manager,Desktop,MEA,51-200,1.317,15.92,True,True,Paid,Starter,2025-08-15,19
U105830,2025-08-08,Social,Founder,Desktop,APAC,51-200,1.103,17.42,False,False,Free,Free,,0
U105592,2025-08-08,Paid Search,Founder,Desktop,North America,1-10,0.936,15.49,False,False,Free,Free,,0
U106635,2025-08-08,Organic Search,Ops Manager,Desktop,APAC,1-10,1.078,34.85,False,False,Free,Free,,0
U106739,2025-08-08,Paid Search,Founder,Desktop,North America,11-50,0.852,25.15,False,False,Free,Free,,0
U103775,2025-08-08,Paid Search,Ops Manager,Mobile,Europe,1-10,0.665,13.57,False,False,Free,Free,,0
U106244,2025-08-08,Referral,Sales Team,Desktop,North America,1-10,1.237,12.58,True,True,Trial,Free,,0
U104900,2025-08-08,Organic Search,Founder,Mobile,North America,201-1000,1.05,18.27,False,False,Free,Free,,0
U104269,2025-08-09,Organic Search,Ops Manager,Desktop,MEA,1-10,1.377,6.47,False,False,Free,Free,,0
U103466,2025-08-09,Social,Founder,Mobile,North America,1-10,0.792,42.78,False,False,Free,Free,,0
U106639,2025-08-09,Content,Founder,Mobile,APAC,1-10,0.88,30.0,False,False,Free,Free,,0
U108477,2025-08-09,Paid Search,Founder,Tablet,APAC,1-10,0.931,4.5,False,False,Free,Free,,0
U100627,2025-08-09,Organic Search,Marketing Team,Desktop,North America,1-10,0.52,38.89,False,False,Free,Free,,0
U105816,2025-08-09,Referral,Student / Hobby,Desktop,North America,201-1000,0.679,13.09,False,False,Free,Free,,0
U102258,2025-08-09,Organic Search,Marketing Team,Mobile,APAC,1000+,0.917,14.47,False,False,Free,Free,,0
U101577,2025-08-09,Paid Search,Ops Manager,Desktop,Europe,11-50,1.05,24.79,False,False,Free,Free,,0
U101351,2025-08-09,Social,Founder,Mobile,APAC,1-10,0.847,46.69,False,False,Free,Free,,0
U100993,2025-08-09,Organic Search,Ops Manager,Desktop,Europe,11-50,1.259,18.94,True,False,Free,Free,,0
U107657,2025-08-09,Paid Search,Founder,Desktop,North America,11-50,1.14,9.37,False,False,Free,Free,,0
U104711,2025-08-09,Organic Search,Student / Hobby,Mobile,APAC,1-10,0.709,22.97,False,False,Free,Free,,0
U100990,2025-08-09,Partnership,Ops Manager,Desktop,North America,11-50,1.512,8.5,True,False,Free,Free,,0
U106397,2025-08-09,Content,Founder,Desktop,North America,1-10,1.35,7.26,False,False,Free,Free,,0
U103536,2025-08-10,Organic Search,Ops Manager,Desktop,North America,1-10,1.235,11.74,True,True,Trial,Free,,0
U103347,2025-08-10,Referral,Ops Manager,Tablet,North America,51-200,1.535,23.7,True,False,Free,Free,,0
U104025,2025-08-10,Paid Search,Ops Manager,Tablet,North America,11-50,1.156,28.23,True,False,Free,Free,,0
U101698,2025-08-10,Referral,Founder,Desktop,APAC,1-10,1.583,10.28,True,False,Free,Free,,0
U105467,2025-08-10,Paid Search,Founder,Mobile,North America,1-10,1.09,11.59,True,True,Paid,Starter,2025-08-12,19
U104140,2025-08-10,Organic Search,Ops Manager,Desktop,LATAM,1-10,1.748,19.95,True,True,Paid,Growth,2025-08-11,59
U108400,2025-08-10,Paid Search,Founder,Mobile,North America,51-200,0.723,21.14,True,True,Trial,Free,,0
U107075,2025-08-10,Social,Sales Team,Desktop,LATAM,1-10,0.777,10.52,False,False,Free,Free,,0
U101782,2025-08-10,Organic Search,Ops Manager,Desktop,APAC,1-10,1.459,31.94,False,False,Free,Free,,0
U102356,2025-08-10,Content,Sales Team,Desktop,Europe,1-10,0.975,20.95,False,False,Free,Free,,0
U100842,2025-08-10,Social,Founder,Desktop,LATAM,1-10,1.218,44.3,True,False,Free,Free,,0
U107195,2025-08-10,Content,Ops Manager,Desktop,North America,1-10,1.389,31.34,False,False,Free,Free,,0
U103839,2025-08-10,Organic Search,Founder,Desktop,APAC,1-10,0.678,21.54,False,False,Free,Free,,0
U106296,2025-08-10,Paid Search,Founder,Desktop,Europe,1000+,0.424,51.94,False,False,Free,Free,,0
U100346,2025-08-10,Organic Search,Sales Team,Desktop,APAC,1-10,1.014,12.39,True,False,Free,Free,,0
U101648,2025-08-10,Organic Search,Founder,Desktop,Europe,11-50,1.376,5.31,True,False,Free,Free,,0
U103739,2025-08-10,Referral,Sales Team,Mobile,LATAM,11-50,1.355,8.91,True,False,Free,Free,,0
U106734,2025-08-10,Paid Search,Sales Team,Desktop,Europe,51-200,1.036,12.61,False,False,Free,Free,,0
U108356,2025-08-10,Organic Search,Founder,Mobile,North America,11-50,1.504,16.82,False,False,Free,Free,,0
U101416,2025-08-10,Referral,Student / Hobby,Desktop,North America,1-10,0.25,151.21,False,False,Free,Free,,0
U107083,2025-08-10,Paid Search,Founder,Desktop,APAC,51-200,0.662,19.13,False,False,Free,Free,,0
U104401,2025-08-11,Referral,Ops Manager,Desktop,North America,51-200,1.863,1.53,True,True,Paid,Growth,2025-08-17,59
U105642,2025-08-11,Organic Search,Sales Team,Mobile,North America,51-200,0.955,10.22,True,True,Trial,Free,,0
U100868,2025-08-11,Organic Search,Sales Team,Desktop,MEA,1-10,0.735,31.44,False,False,Free,Free,,0
U101103,2025-08-11,Referral,Founder,Mobile,APAC,51-200,1.142,28.02,False,False,Free,Free,,0
U104312,2025-08-11,Organic Search,Ops Manager,Desktop,Europe,51-200,1.699,4.59,False,False,Free,Free,,0
U101876,2025-08-11,Referral,Sales Team,Desktop,MEA,1000+,1.622,10.39,False,False,Free,Free,,0
U108438,2025-08-11,Organic Search,Ops Manager,Desktop,North America,51-200,1.481,7.06,True,False,Free,Free,,0
U102961,2025-08-11,Paid Search,Sales Team,Desktop,LATAM,11-50,0.585,16.54,False,False,Free,Free,,0
U100242,2025-08-11,Partnership,Sales Team,Desktop,APAC,1-10,1.399,6.77,True,False,Free,Free,,0
U105904,2025-08-11,Organic Search,Founder,Mobile,North America,11-50,1.207,19.55,False,False,Free,Free,,0
U102948,2025-08-11,Organic Search,Sales Team,Mobile,North America,1-10,0.823,56.0,False,False,Free,Free,,0
U105917,2025-08-11,Organic Search,Founder,Mobile,North America,1-10,1.222,13.17,False,False,Free,Free,,0
U104129,2025-08-11,Paid Search,Ops Manager,Desktop,APAC,11-50,1.196,14.79,False,False,Free,Free,,0
U104122,2025-08-11,Paid Search,Founder,Tablet,North America,1-10,1.177,17.78,False,False,Free,Free,,0
U106995,2025-08-11,Social,Marketing Team,Desktop,North America,11-50,0.576,17.44,False,False,Free,Free,,0
U107287,2025-08-11,Referral,Founder,Desktop,Europe,51-200,1.669,13.01,False,False,Free,Free,,0
U102756,2025-08-11,Organic Search,Founder,Desktop,Europe,1-10,0.843,2.74,False,False,Free,Free,,0
U103810,2025-08-11,Organic Search,Founder,Desktop,North America,1000+,1.12,14.77,False,False,Free,Free,,0
U107164,2025-08-11,Content,Founder,Desktop,Europe,1-10,1.419,8.5,True,False,Free,Free,,0
U105231,2025-08-12,Social,Founder,Desktop,LATAM,11-50,0.877,19.97,False,False,Free,Free,,0
U105725,2025-08-12,Paid Search,Ops Manager,Desktop,LATAM,201-1000,1.302,5.6,False,False,Free,Free,,0
U104250,2025-08-12,Organic Search,Ops Manager,Desktop,North America,51-200,1.49,11.87,False,False,Free,Free,,0
U105970,2025-08-12,Paid Search,Student / Hobby,Desktop,APAC,11-50,0.25,115.69,False,False,Free,Free,,0
U108489,2025-08-12,Social,Marketing Team,Desktop,APAC,1-10,0.767,21.79,False,False,Free,Free,,0
U100358,2025-08-12,Content,Ops Manager,Desktop,Europe,1-10,1.078,21.73,True,False,Free,Free,,0
U100506,2025-08-12,Partnership,Ops Manager,Mobile,Europe,1-10,1.464,1.59,False,False,Free,Free,,0
U100789,2025-08-12,Organic Search,Ops Manager,Mobile,North America,1-10,0.942,14.08,False,False,Free,Free,,0
U108133,2025-08-12,Paid Search,Marketing Team,Desktop,APAC,11-50,0.607,40.65,True,False,Free,Free,,0
U104060,2025-08-12,Social,Ops Manager,Mobile,North America,1-10,0.94,42.34,True,False,Free,Free,,0
U102154,2025-08-12,Referral,Marketing Team,Desktop,North America,51-200,1.203,23.74,False,False,Free,Free,,0
U102648,2025-08-12,Organic Search,Sales Team,Desktop,LATAM,51-200,0.324,84.82,False,False,Free,Free,,0
U102772,2025-08-12,Paid Search,Founder,Desktop,North America,11-50,1.137,15.21,False,False,Free,Free,,0
U106086,2025-08-12,Organic Search,Founder,Desktop,North America,1000+,0.963,22.09,True,False,Free,Free,,0
U105658,2025-08-12,Organic Search,Marketing Team,Desktop,APAC,1-10,1.036,13.67,False,False,Free,Free,,0
U103726,2025-08-12,Partnership,Marketing Team,Desktop,LATAM,51-200,0.921,15.42,True,True,Paid,Starter,2025-08-15,19
U106757,2025-08-12,Paid Search,Sales Team,Desktop,North America,1-10,0.819,22.94,True,False,Free,Free,,0
U103556,2025-08-12,Organic Search,Founder,Desktop,North America,1-10,1.168,4.46,False,False,Free,Free,,0
U108190,2025-08-13,Content,Marketing Team,Mobile,Europe,1-10,0.991,7.3,False,False,Free,Free,,0
U108472,2025-08-13,Organic Search,Sales Team,Desktop,LATAM,1-10,1.194,5.31,True,True,Paid,Starter,2025-08-13,19
U106884,2025-08-13,Referral,Founder,Desktop,North America,51-200,1.643,10.43,True,False,Free,Free,,0
U100298,2025-08-13,Organic Search,Marketing Team,Desktop,North America,1-10,0.987,18.6,True,False,Free,Free,,0
U100343,2025-08-13,Organic Search,Ops Manager,Desktop,Europe,201-1000,1.75,6.24,True,False,Free,Free,,0
U103718,2025-08-13,Social,Sales Team,Desktop,Europe,51-200,0.59,19.13,False,False,Free,Free,,0
U100426,2025-08-13,Organic Search,Ops Manager,Mobile,APAC,51-200,1.224,8.96,True,True,Paid,Growth,2025-08-16,59
U100430,2025-08-13,Social,Founder,Desktop,Europe,1-10,0.876,19.44,True,False,Free,Free,,0
U108329,2025-08-13,Organic Search,Sales Team,Desktop,North America,1-10,0.957,25.65,True,False,Free,Free,,0
U100630,2025-08-13,Paid Search,Marketing Team,Desktop,LATAM,11-50,0.922,24.14,True,True,Paid,Growth,2025-08-19,59
U100642,2025-08-13,Paid Search,Sales Team,Desktop,APAC,201-1000,0.51,18.74,False,False,Free,Free,,0
U103586,2025-08-13,Social,Ops Manager,Desktop,North America,1-10,0.707,17.93,False,False,Free,Free,,0
U106268,2025-08-13,Organic Search,Student / Hobby,Desktop,North America,11-50,0.721,34.66,False,False,Free,Free,,0
U101148,2025-08-13,Paid Search,Sales Team,Mobile,North America,11-50,1.119,9.41,False,False,Free,Free,,0
U101451,2025-08-13,Content,Marketing Team,Tablet,APAC,51-200,1.142,8.78,True,False,Free,Free,,0
U105771,2025-08-13,Referral,Ops Manager,Tablet,North America,1-10,1.52,1.34,True,False,Free,Free,,0
U104946,2025-08-13,Organic Search,Ops Manager,Desktop,APAC,51-200,1.448,8.26,True,True,Trial,Free,,0
U103324,2025-08-13,Paid Search,Founder,Desktop,MEA,1-10,1.089,17.71,True,False,Free,Free,,0
U102681,2025-08-13,Paid Search,Sales Team,Desktop,North America,51-200,0.528,19.54,False,False,Free,Free,,0
U103248,2025-08-13,Paid Search,Marketing Team,Desktop,North America,11-50,0.395,43.85,False,False,Free,Free,,0
U105254,2025-08-14,Paid Search,Marketing Team,Desktop,APAC,11-50,1.044,8.2,False,False,Free,Free,,0
U101650,2025-08-14,Partnership,Founder,Desktop,North America,1-10,1.15,25.62,True,True,Paid,Starter,2025-08-22,19
U103591,2025-08-14,Organic Search,Ops Manager,Desktop,North America,11-50,1.27,25.16,False,False,Free,Free,,0
U101909,2025-08-14,Social,Marketing Team,Mobile,MEA,1000+,0.656,92.82,False,False,Free,Free,,0
U104652,2025-08-14,Social,Student / Hobby,Mobile,APAC,1-10,0.25,26.89,False,False,Free,Free,,0
U107802,2025-08-14,Organic Search,Sales Team,Mobile,North America,1-10,1.021,29.77,False,False,Free,Free,,0
U102488,2025-08-14,Content,Marketing Team,Mobile,Europe,1-10,0.875,21.35,False,False,Free,Free,,0
U100214,2025-08-14,Organic Search,Ops Manager,Desktop,APAC,11-50,1.297,6.31,False,False,Free,Free,,0
U103256,2025-08-14,Partnership,Marketing Team,Desktop,Europe,11-50,0.931,15.47,True,False,Free,Free,,0
U106594,2025-08-14,Social,Ops Manager,Desktop,North America,1-10,1.13,21.35,True,False,Free,Free,,0
U107829,2025-08-15,Paid Search,Founder,Desktop,North America,11-50,0.923,15.31,False,False,Free,Free,,0
U104853,2025-08-15,Paid Search,Sales Team,Desktop,North America,51-200,0.899,6.59,False,False,Free,Free,,0
U103639,2025-08-15,Organic Search,Student / Hobby,Desktop,LATAM,1-10,0.705,20.4,False,False,Free,Free,,0
U103593,2025-08-15,Social,Ops Manager,Desktop,North America,11-50,0.592,50.5,False,False,Free,Free,,0
U104727,2025-08-15,Referral,Ops Manager,Desktop,North America,11-50,1.43,14.14,False,False,Free,Free,,0
U102405,2025-08-15,Referral,Marketing Team,Desktop,LATAM,1-10,0.97,16.17,False,False,Free,Free,,0
U100046,2025-08-15,Organic Search,Ops Manager,Desktop,North America,11-50,1.054,12.76,False,False,Free,Free,,0
U106151,2025-08-15,Social,Founder,Desktop,Europe,1-10,1.225,1.16,True,False,Free,Free,,0
U102666,2025-08-15,Paid Search,Marketing Team,Desktop,APAC,1-10,1.097,46.82,False,False,Free,Free,,0
U100327,2025-08-15,Organic Search,Marketing Team,Desktop,North America,1000+,0.635,21.3,False,False,Free,Free,,0
U100236,2025-08-15,Content,Sales Team,Desktop,North America,1-10,1.244,17.09,True,False,Free,Free,,0
U106297,2025-08-15,Organic Search,Founder,Desktop,North America,1-10,1.193,11.17,True,True,Paid,Starter,2025-08-21,19
U103857,2025-08-15,Organic Search,Sales Team,Mobile,MEA,1-10,1.619,35.64,True,True,Trial,Free,,0
U101266,2025-08-16,Organic Search,Student / Hobby,Mobile,APAC,1-10,0.645,9.91,False,False,Free,Free,,0
U108353,2025-08-16,Referral,Founder,Mobile,APAC,11-50,1.794,5.07,False,False,Free,Free,,0
U102722,2025-08-16,Organic Search,Founder,Mobile,North America,11-50,1.178,2.37,True,True,Trial,Free,,0
U106731,2025-08-16,Organic Search,Ops Manager,Desktop,APAC,1000+,1.496,8.21,False,False,Free,Free,,0
U102103,2025-08-16,Content,Ops Manager,Desktop,LATAM,1-10,1.428,21.33,False,False,Free,Free,,0
U102144,2025-08-16,Paid Search,Ops Manager,Desktop,APAC,201-1000,0.476,52.69,False,False,Free,Free,,0
U107458,2025-08-16,Organic Search,Founder,Mobile,North America,1-10,0.996,15.51,True,False,Free,Free,,0
U100667,2025-08-16,Content,Marketing Team,Desktop,North America,1-10,1.065,11.72,False,False,Free,Free,,0
U104273,2025-08-16,Referral,Marketing Team,Desktop,APAC,1-10,1.138,23.29,False,False,Free,Free,,0
U106667,2025-08-16,Content,Sales Team,Desktop,North America,51-200,1.167,21.92,False,False,Free,Free,,0
U104202,2025-08-16,Paid Search,Ops Manager,Mobile,Europe,1-10,0.774,8.53,False,False,Free,Free,,0
U104186,2025-08-16,Referral,Marketing Team,Mobile,APAC,51-200,1.135,16.17,False,False,Free,Free,,0
U107115,2025-08-16,Referral,Marketing Team,Tablet,APAC,201-1000,0.833,3.68,True,True,Paid,Scale,2025-08-17,149
U107616,2025-08-17,Organic Search,Ops Manager,Desktop,North America,51-200,1.532,6.84,False,False,Free,Free,,0
U106621,2025-08-17,Paid Search,Marketing Team,Mobile,LATAM,1-10,0.923,37.95,False,False,Free,Free,,0
U104295,2025-08-17,Social,Founder,Mobile,North America,11-50,1.069,12.05,False,False,Free,Free,,0
U106908,2025-08-17,Organic Search,Student / Hobby,Desktop,North America,1-10,0.932,47.05,False,False,Free,Free,,0
U106059,2025-08-17,Organic Search,Founder,Desktop,Europe,201-1000,1.198,11.41,False,False,Free,Free,,0
U103226,2025-08-17,Content,Student / Hobby,Desktop,Europe,1-10,0.376,44.31,False,False,Free,Free,,0
U107155,2025-08-17,Content,Founder,Desktop,North America,1-10,1.613,10.42,True,False,Free,Free,,0
U107081,2025-08-17,Referral,Sales Team,Desktop,Europe,11-50,0.982,37.37,False,False,Free,Free,,0
U100168,2025-08-17,Referral,Founder,Desktop,North America,11-50,1.641,7.09,True,True,Paid,Growth,2025-08-25,59
U101374,2025-08-17,Organic Search,Student / Hobby,Desktop,Europe,51-200,0.479,78.8,False,False,Free,Free,,0
U108480,2025-08-18,Organic Search,Founder,Desktop,Europe,1-10,1.101,21.84,True,False,Free,Free,,0
U103902,2025-08-18,Organic Search,Ops Manager,Mobile,APAC,11-50,1.371,11.01,True,True,Trial,Free,,0
U105466,2025-08-18,Organic Search,Ops Manager,Desktop,Europe,11-50,1.226,23.11,True,True,Trial,Free,,0
U102027,2025-08-18,Paid Search,Sales Team,Desktop,North America,51-200,1.319,27.57,True,False,Free,Free,,0
U107066,2025-08-18,Social,Ops Manager,Desktop,Europe,1-10,0.403,42.41,False,False,Free,Free,,0
U101934,2025-08-18,Referral,Founder,Desktop,APAC,1-10,1.733,15.78,True,True,Trial,Free,,0
U107594,2025-08-18,Organic Search,Ops Manager,Mobile,North America,1-10,1.14,15.23,False,False,Free,Free,,0
U106183,2025-08-18,Paid Search,Founder,Desktop,APAC,11-50,0.939,5.06,False,False,Free,Free,,0
U101342,2025-08-18,Social,Ops Manager,Desktop,APAC,201-1000,0.765,6.68,False,False,Free,Free,,0
U106075,2025-08-18,Social,Founder,Desktop,North America,1-10,0.711,29.54,False,False,Free,Free,,0
U103508,2025-08-18,Content,Student / Hobby,Mobile,North America,1000+,0.79,27.51,False,False,Free,Free,,0
U104667,2025-08-18,Organic Search,Ops Manager,Desktop,MEA,1-10,1.218,5.55,True,True,Paid,Growth,2025-08-18,59
U105530,2025-08-18,Paid Search,Sales Team,Mobile,APAC,11-50,0.603,60.71,False,False,Free,Free,,0
U101623,2025-08-18,Paid Search,Ops Manager,Desktop,LATAM,11-50,0.929,2.89,False,False,Free,Free,,0
U103907,2025-08-19,Referral,Ops Manager,Desktop,North America,1-10,1.747,10.79,False,False,Free,Free,,0
U108220,2025-08-19,Social,Student / Hobby,Desktop,North America,11-50,0.443,28.93,False,False,Free,Free,,0
U102829,2025-08-19,Paid Search,Ops Manager,Mobile,Europe,51-200,0.804,14.69,False,False,Free,Free,,0
U104340,2025-08-19,Organic Search,Founder,Tablet,North America,1-10,0.974,10.23,True,False,Free,Free,,0
U103406,2025-08-19,Organic Search,Founder,Mobile,North America,1-10,1.401,17.82,False,False,Free,Free,,0
U101599,2025-08-19,Paid Search,Student / Hobby,Mobile,Europe,201-1000,0.479,74.27,False,False,Free,Free,,0
U105789,2025-08-19,Organic Search,Sales Team,Desktop,Europe,1000+,1.207,11.85,False,False,Free,Free,,0
U101505,2025-08-19,Paid Search,Founder,Desktop,LATAM,11-50,1.126,14.23,False,False,Free,Free,,0
U103566,2025-08-19,Content,Founder,Desktop,North America,1-10,1.264,7.7,True,True,Trial,Free,,0
U106444,2025-08-19,Social,Founder,Desktop,LATAM,11-50,1.071,29.92,False,False,Free,Free,,0
U103222,2025-08-19,Content,Sales Team,Desktop,North America,1-10,1.37,16.62,True,False,Free,Free,,0
U107007,2025-08-19,Social,Founder,Desktop,APAC,201-1000,1.372,16.61,False,False,Free,Free,,0
U104979,2025-08-19,Content,Student / Hobby,Desktop,LATAM,1-10,0.418,72.08,False,False,Free,Free,,0
U101754,2025-08-19,Social,Ops Manager,Desktop,North America,201-1000,0.68,17.37,False,False,Free,Free,,0
U100787,2025-08-19,Paid Search,Sales Team,Desktop,North America,11-50,0.907,51.42,False,False,Free,Free,,0
U105442,2025-08-19,Paid Search,Marketing Team,Desktop,LATAM,201-1000,0.827,27.67,False,False,Free,Free,,0
U102704,2025-08-19,Organic Search,Student / Hobby,Desktop,LATAM,51-200,0.446,43.91,True,True,Trial,Free,,0
U107750,2025-08-19,Referral,Sales Team,Mobile,North America,1-10,1.136,12.49,False,False,Free,Free,,0
U102653,2025-08-20,Organic Search,Ops Manager,Desktop,LATAM,1-10,1.507,4.7,False,False,Free,Free,,0
U107923,2025-08-20,Organic Search,Ops Manager,Desktop,North America,11-50,1.007,8.31,False,False,Free,Free,,0
U104805,2025-08-20,Partnership,Ops Manager,Desktop,APAC,1-10,1.564,5.79,False,False,Free,Free,,0
U105788,2025-08-20,Referral,Founder,Desktop,APAC,11-50,1.555,4.98,True,True,Trial,Free,,0
U102943,2025-08-20,Referral,Student / Hobby,Mobile,APAC,1-10,0.604,88.12,False,False,Free,Free,,0
U106400,2025-08-20,Paid Search,Founder,Desktop,North America,11-50,0.495,45.5,False,False,Free,Free,,0
U107966,2025-08-20,Paid Search,Founder,Desktop,Europe,1-10,1.125,16.77,False,False,Free,Free,,0
U100083,2025-08-20,Organic Search,Ops Manager,Mobile,Europe,11-50,1.556,19.52,False,False,Free,Free,,0
U100713,2025-08-20,Referral,Sales Team,Desktop,North America,51-200,1.304,32.27,True,True,Trial,Free,,0
U104916,2025-08-20,Paid Search,Marketing Team,Desktop,North America,1-10,0.372,74.13,False,False,Free,Free,,0
U107472,2025-08-20,Paid Search,Marketing Team,Desktop,Europe,1-10,1.043,25.71,True,False,Free,Free,,0
U104564,2025-08-20,Social,Founder,Mobile,APAC,1-10,0.699,25.51,True,True,Trial,Free,,0
U101604,2025-08-20,Paid Search,Founder,Desktop,Europe,201-1000,1.069,41.09,True,False,Free,Free,,0
U105998,2025-08-21,Organic Search,Founder,Desktop,North America,201-1000,0.793,18.07,False,False,Free,Free,,0
U103073,2025-08-21,Paid Search,Ops Manager,Mobile,North America,1-10,0.956,23.68,True,False,Free,Free,,0
U101539,2025-08-21,Paid Search,Sales Team,Desktop,Europe,11-50,0.716,50.75,True,False,Free,Free,,0
U105944,2025-08-21,Referral,Founder,Tablet,Europe,11-50,1.409,18.42,False,False,Free,Free,,0
U103643,2025-08-21,Paid Search,Founder,Mobile,North America,1-10,0.646,44.45,False,False,Free,Free,,0
U102196,2025-08-21,Paid Search,Marketing Team,Mobile,APAC,1-10,0.849,36.33,True,False,Free,Free,,0
U108008,2025-08-21,Partnership,Marketing Team,Mobile,North America,11-50,0.716,22.77,False,False,Free,Free,,0
U100257,2025-08-21,Social,Founder,Desktop,North America,51-200,0.836,41.19,True,False,Free,Free,,0
U101098,2025-08-21,Organic Search,Marketing Team,Desktop,North America,11-50,0.872,27.42,False,False,Free,Free,,0
U103496,2025-08-21,Paid Search,Student / Hobby,Tablet,North America,1000+,0.798,13.58,False,False,Free,Free,,0
U104268,2025-08-21,Paid Search,Ops Manager,Desktop,North America,51-200,0.749,35.15,False,False,Free,Free,,0
U107743,2025-08-21,Content,Marketing Team,Mobile,North America,1-10,1.0,15.41,False,False,Free,Free,,0
U102485,2025-08-21,Content,Student / Hobby,Mobile,APAC,11-50,0.545,51.02,True,False,Free,Free,,0
U107215,2025-08-21,Paid Search,Founder,Desktop,Europe,11-50,1.034,15.41,False,False,Free,Free,,0
U102853,2025-08-21,Paid Search,Marketing Team,Desktop,APAC,1-10,0.535,93.62,False,False,Free,Free,,0
U106906,2025-08-22,Referral,Sales Team,Desktop,Europe,51-200,1.337,56.51,True,True,Paid,Scale,2025-08-26,149
U104264,2025-08-22,Referral,Founder,Desktop,North America,1-10,1.666,19.28,True,True,Paid,Starter,2025-08-25,19
U106694,2025-08-22,Content,Founder,Desktop,LATAM,11-50,0.903,9.91,False,False,Free,Free,,0
U100982,2025-08-22,Paid Search,Sales Team,Desktop,North America,1-10,0.793,18.13,False,False,Free,Free,,0
U102678,2025-08-22,Content,Ops Manager,Mobile,APAC,1000+,1.624,25.75,False,False,Free,Free,,0
U105410,2025-08-22,Organic Search,Founder,Mobile,APAC,201-1000,1.277,47.26,True,False,Free,Free,,0
U103774,2025-08-22,Organic Search,Founder,Desktop,Europe,1-10,1.055,9.66,False,False,Free,Free,,0
U102187,2025-08-22,Organic Search,Ops Manager,Desktop,APAC,1000+,1.754,4.18,True,True,Paid,Growth,2025-08-27,59
U105928,2025-08-22,Organic Search,Founder,Desktop,North America,1-10,1.012,44.28,False,False,Free,Free,,0
U105428,2025-08-22,Paid Search,Sales Team,Desktop,LATAM,1-10,0.888,15.13,False,False,Free,Free,,0
U105055,2025-08-22,Paid Search,Student / Hobby,Mobile,North America,1-10,0.25,144.11,False,False,Free,Free,,0
U106642,2025-08-22,Paid Search,Ops Manager,Desktop,North America,11-50,1.371,14.01,True,False,Free,Free,,0
U106000,2025-08-23,Paid Search,Founder,Mobile,APAC,11-50,1.027,2.19,False,False,Free,Free,,0
U108086,2025-08-23,Paid Search,Ops Manager,Desktop,Europe,201-1000,1.062,7.05,False,False,Free,Free,,0
U106769,2025-08-23,Social,Student / Hobby,Mobile,North America,201-1000,0.25,62.71,False,False,Free,Free,,0
U102697,2025-08-23,Referral,Marketing Team,Desktop,MEA,1-10,0.921,25.2,False,False,Free,Free,,0
U103276,2025-08-23,Social,Ops Manager,Desktop,APAC,1-10,1.252,10.25,False,False,Free,Free,,0
U103577,2025-08-23,Social,Sales Team,Desktop,APAC,11-50,0.855,11.34,True,False,Free,Free,,0
U107244,2025-08-23,Organic Search,Founder,Mobile,North America,1-10,0.808,14.19,False,False,Free,Free,,0
U105443,2025-08-23,Referral,Ops Manager,Desktop,North America,51-200,1.908,17.53,True,True,Paid,Starter,2025-08-30,19
U102612,2025-08-23,Organic Search,Ops Manager,Tablet,MEA,1000+,1.081,18.22,False,False,Free,Free,,0
U104314,2025-08-23,Paid Search,Ops Manager,Desktop,North America,11-50,0.9,11.32,False,False,Free,Free,,0
U103725,2025-08-23,Paid Search,Founder,Desktop,Europe,11-50,0.629,49.49,False,False,Free,Free,,0
U106233,2025-08-23,Organic Search,Founder,Mobile,North America,11-50,0.711,15.28,False,False,Free,Free,,0
U105360,2025-08-23,Paid Search,Ops Manager,Desktop,Europe,1-10,0.94,9.89,True,False,Free,Free,,0
U102976,2025-08-23,Social,Student / Hobby,Tablet,North America,11-50,0.25,51.46,False,False,Free,Free,,0
U101258,2025-08-23,Referral,Marketing Team,Desktop,Europe,11-50,1.458,37.88,True,False,Free,Free,,0
U105791,2025-08-23,Organic Search,Ops Manager,Mobile,MEA,1-10,1.334,12.31,True,True,Trial,Free,,0
U107442,2025-08-23,Paid Search,Ops Manager,Mobile,North America,11-50,1.09,1.51,True,True,Trial,Free,,0
U105927,2025-08-23,Organic Search,Founder,Mobile,North America,11-50,1.462,5.91,False,False,Free,Free,,0
U103910,2025-08-23,Content,Founder,Desktop,North America,11-50,1.377,5.29,True,False,Free,Free,,0
U107651,2025-08-23,Referral,Sales Team,Desktop,North America,201-1000,1.507,7.11,False,False,Free,Free,,0
U102499,2025-08-23,Social,Founder,Desktop,LATAM,51-200,0.859,26.28,False,False,Free,Free,,0
U101169,2025-08-23,Organic Search,Sales Team,Desktop,Europe,1-10,1.369,13.11,False,False,Free,Free,,0
U103450,2025-08-24,Organic Search,Sales Team,Desktop,North America,51-200,1.004,35.24,False,False,Free,Free,,0
U105856,2025-08-24,Paid Search,Marketing Team,Desktop,APAC,11-50,1.201,7.74,True,False,Free,Free,,0
U105250,2025-08-24,Organic Search,Founder,Desktop,LATAM,11-50,0.938,16.0,True,False,Free,Free,,0
U102992,2025-08-24,Organic Search,Marketing Team,Desktop,North America,201-1000,0.962,13.9,False,False,Free,Free,,0
U103430,2025-08-24,Organic Search,Marketing Team,Desktop,North America,1-10,0.509,26.89,False,False,Free,Free,,0
U101541,2025-08-24,Organic Search,Marketing Team,Tablet,APAC,201-1000,1.197,21.85,False,False,Free,Free,,0
U104040,2025-08-24,Content,Sales Team,Mobile,Europe,1-10,1.317,19.27,False,False,Free,Free,,0
U104577,2025-08-24,Partnership,Marketing Team,Desktop,North America,11-50,0.721,19.91,False,False,Free,Free,,0
U101144,2025-08-24,Referral,Founder,Desktop,LATAM,11-50,1.722,9.42,True,False,Free,Free,,0
U107593,2025-08-24,Partnership,Founder,Desktop,North America,1-10,0.98,25.04,False,False,Free,Free,,0
U101682,2025-08-24,Social,Sales Team,Mobile,APAC,1-10,0.498,31.92,False,False,Free,Free,,0
U106581,2025-08-24,Referral,Sales Team,Desktop,North America,1-10,0.948,6.58,True,False,Free,Free,,0
U103342,2025-08-24,Paid Search,Marketing Team,Desktop,North America,11-50,0.418,128.99,False,False,Free,Free,,0
U106977,2025-08-24,Organic Search,Marketing Team,Desktop,Europe,1-10,0.789,29.51,False,False,Free,Free,,0
U100014,2025-08-25,Referral,Ops Manager,Mobile,North America,1-10,1.892,10.49,True,True,Trial,Free,,0
U101186,2025-08-25,Partnership,Marketing Team,Tablet,Europe,201-1000,1.556,9.19,False,False,Free,Free,,0
U107735,2025-08-25,Social,Sales Team,Desktop,North America,1-10,1.019,37.01,True,True,Paid,Starter,2025-08-29,19
U102639,2025-08-25,Organic Search,Ops Manager,Desktop,Europe,51-200,1.325,24.69,False,False,Free,Free,,0
U105701,2025-08-25,Paid Search,Student / Hobby,Mobile,LATAM,11-50,0.25,45.8,False,False,Free,Free,,0
U100632,2025-08-25,Paid Search,Student / Hobby,Mobile,Europe,11-50,0.25,84.35,False,False,Free,Free,,0
U101163,2025-08-25,Organic Search,Founder,Tablet,North America,51-200,1.042,12.92,False,False,Free,Free,,0
U101492,2025-08-25,Content,Marketing Team,Desktop,Europe,11-50,1.293,3.41,False,False,Free,Free,,0
U103637,2025-08-25,Social,Founder,Desktop,APAC,1-10,0.619,26.23,False,False,Free,Free,,0
U102619,2025-08-25,Paid Search,Marketing Team,Desktop,Europe,11-50,1.028,32.48,False,False,Free,Free,,0
U107374,2025-08-25,Organic Search,Ops Manager,Mobile,North America,201-1000,1.378,7.92,True,False,Free,Free,,0
U107364,2025-08-25,Organic Search,Ops Manager,Desktop,North America,51-200,1.571,40.31,True,True,Paid,Starter,2025-08-28,19
U101167,2025-08-25,Content,Sales Team,Desktop,North America,1-10,1.108,36.91,True,False,Free,Free,,0
U106018,2025-08-25,Referral,Ops Manager,Desktop,Europe,11-50,1.533,28.13,True,False,Free,Free,,0
U107538,2025-08-25,Social,Ops Manager,Desktop,Europe,11-50,1.105,18.9,False,False,Free,Free,,0
U105273,2025-08-26,Referral,Sales Team,Tablet,Europe,51-200,1.256,11.73,False,False,Free,Free,,0
U108406,2025-08-26,Paid Search,Ops Manager,Mobile,North America,11-50,1.258,39.59,False,False,Free,Free,,0
U101945,2025-08-26,Content,Marketing Team,Desktop,LATAM,11-50,1.004,20.6,False,False,Free,Free,,0
U102178,2025-08-26,Organic Search,Sales Team,Desktop,North America,1-10,0.876,15.47,False,False,Free,Free,,0
U108134,2025-08-26,Paid Search,Ops Manager,Mobile,North America,51-200,0.948,17.86,False,False,Free,Free,,0
U106684,2025-08-26,Referral,Sales Team,Desktop,Europe,11-50,1.407,10.58,False,False,Free,Free,,0
U104321,2025-08-26,Paid Search,Ops Manager,Desktop,North America,1-10,1.274,10.26,False,False,Free,Free,,0
U100262,2025-08-26,Content,Marketing Team,Desktop,North America,201-1000,1.212,7.48,False,False,Free,Free,,0
U104460,2025-08-26,Paid Search,Ops Manager,Desktop,North America,1-10,1.265,7.11,True,True,Paid,Starter,2025-08-29,19
U103477,2025-08-27,Organic Search,Sales Team,Mobile,Europe,11-50,0.903,24.65,False,False,Free,Free,,0
U105717,2025-08-27,Paid Search,Sales Team,Desktop,Europe,201-1000,0.991,20.14,True,False,Free,Free,,0
U108149,2025-08-27,Organic Search,Ops Manager,Mobile,Europe,1-10,1.076,14.32,False,False,Free,Free,,0
U102333,2025-08-27,Partnership,Ops Manager,Desktop,Europe,11-50,1.672,6.2,True,True,Trial,Free,,0
U107262,2025-08-27,Referral,Founder,Desktop,North America,11-50,1.784,7.56,False,False,Free,Free,,0
U100397,2025-08-27,Referral,Founder,Desktop,North America,1-10,1.841,4.81,True,True,Paid,Starter,2025-08-27,19
U101212,2025-08-27,Social,Founder,Desktop,North America,201-1000,0.958,41.63,False,False,Free,Free,,0
U100151,2025-08-27,Paid Search,Founder,Mobile,APAC,11-50,0.963,8.58,False,False,Free,Free,,0
U101305,2025-08-27,Social,Student / Hobby,Desktop,North America,11-50,0.438,46.79,False,False,Free,Free,,0
U105105,2025-08-27,Organic Search,Sales Team,Desktop,North America,51-200,1.004,4.89,False,False,Free,Free,,0
U105447,2025-08-27,Organic Search,Ops Manager,Mobile,Europe,51-200,1.139,23.85,False,False,Free,Free,,0
U102834,2025-08-27,Referral,Sales Team,Desktop,APAC,201-1000,1.425,14.62,True,True,Paid,Scale,2025-09-02,149
U104836,2025-08-27,Referral,Marketing Team,Desktop,APAC,1-10,0.841,40.87,False,False,Free,Free,,0
U102574,2025-08-27,Organic Search,Marketing Team,Desktop,Europe,51-200,0.91,6.1,True,False,Free,Free,,0
U105867,2025-08-27,Content,Founder,Tablet,North America,11-50,1.226,4.49,False,False,Free,Free,,0
U103145,2025-08-27,Paid Search,Marketing Team,Desktop,North America,11-50,0.57,35.14,False,False,Free,Free,,0
U108483,2025-08-27,Social,Sales Team,Desktop,Europe,201-1000,0.654,18.0,False,False,Free,Free,,0
U101203,2025-08-28,Content,Sales Team,Desktop,North America,11-50,1.19,8.96,False,False,Free,Free,,0
U105983,2025-08-28,Referral,Student / Hobby,Mobile,Europe,1000+,0.746,46.84,False,False,Free,Free,,0
U101770,2025-08-28,Social,Sales Team,Mobile,North America,11-50,0.768,41.09,False,False,Free,Free,,0
U102431,2025-08-28,Organic Search,Ops Manager,Desktop,North America,1-10,1.368,4.4,True,True,Trial,Free,,0
U108416,2025-08-28,Social,Marketing Team,Desktop,Europe,1-10,0.634,64.35,False,False,Free,Free,,0
U104055,2025-08-28,Organic Search,Founder,Desktop,APAC,1-10,1.613,40.4,True,True,Trial,Free,,0
U104112,2025-08-28,Paid Search,Student / Hobby,Desktop,MEA,11-50,0.25,132.36,False,False,Free,Free,,0
U104242,2025-08-28,Paid Search,Sales Team,Desktop,MEA,1-10,0.981,20.29,False,False,Free,Free,,0
U105369,2025-08-28,Content,Ops Manager,Mobile,APAC,51-200,1.158,17.91,False,False,Free,Free,,0
U108263,2025-08-28,Paid Search,Ops Manager,Desktop,Europe,51-200,0.882,12.81,False,False,Free,Free,,0
U102467,2025-08-28,Referral,Ops Manager,Desktop,APAC,11-50,1.751,8.61,True,False,Free,Free,,0
U104437,2025-08-28,Organic Search,Ops Manager,Mobile,APAC,11-50,1.001,8.51,True,False,Free,Free,,0
U104479,2025-08-28,Referral,Sales Team,Mobile,North America,1-10,1.52,19.82,True,False,Free,Free,,0
U103928,2025-08-28,Paid Search,Founder,Mobile,North America,11-50,0.927,25.22,False,False,Free,Free,,0
U100019,2025-08-28,Paid Search,Ops Manager,Desktop,Europe,11-50,0.8,34.68,False,False,Free,Free,,0
U105099,2025-08-28,Organic Search,Sales Team,Desktop,APAC,51-200,0.575,31.88,True,False,Free,Free,,0
U108337,2025-08-28,Partnership,Ops Manager,Desktop,APAC,1-10,1.651,9.52,True,True,Paid,Growth,2025-08-28,59
U100520,2025-08-28,Partnership,Ops Manager,Desktop,North America,11-50,1.343,3.62,True,True,Paid,Starter,2025-09-01,19
U103001,2025-08-29,Social,Ops Manager,Mobile,Europe,1000+,0.972,34.35,False,False,Free,Free,,0
U102504,2025-08-29,Partnership,Sales Team,Mobile,North America,1-10,1.169,9.35,False,False,Free,Free,,0
U107698,2025-08-29,Referral,Marketing Team,Desktop,Europe,1-10,1.21,6.06,True,False,Free,Free,,0
U100241,2025-08-29,Paid Search,Ops Manager,Mobile,LATAM,11-50,1.116,10.14,True,True,Trial,Free,,0
U105339,2025-08-29,Paid Search,Founder,Desktop,North America,51-200,1.183,24.66,True,True,Trial,Free,,0
U105808,2025-08-29,Partnership,Sales Team,Desktop,North America,1-10,1.041,21.92,True,False,Free,Free,,0
U107293,2025-08-29,Referral,Founder,Mobile,Europe,11-50,1.833,11.3,True,False,Free,Free,,0
U107908,2025-08-29,Paid Search,Founder,Desktop,Europe,1-10,0.822,29.37,True,False,Free,Free,,0
U101815,2025-08-29,Paid Search,Founder,Desktop,APAC,51-200,0.824,50.37,False,False,Free,Free,,0
U102529,2025-08-29,Paid Search,Sales Team,Desktop,Europe,11-50,0.764,28.95,False,False,Free,Free,,0
U100167,2025-08-29,Referral,Sales Team,Desktop,North America,11-50,1.613,17.94,True,True,Trial,Free,,0
U101411,2025-08-29,Organic Search,Founder,Mobile,APAC,11-50,1.323,41.5,True,True,Trial,Free,,0
U101720,2025-08-29,Referral,Founder,Desktop,APAC,11-50,1.706,12.12,False,False,Free,Free,,0
U105380,2025-08-29,Organic Search,Founder,Desktop,North America,11-50,1.36,8.39,True,False,Free,Free,,0
U105437,2025-08-29,Referral,Sales Team,Desktop,North America,1-10,1.328,15.32,False,False,Free,Free,,0
U105048,2025-08-30,Social,Student / Hobby,Desktop,North America,11-50,0.25,149.83,False,False,Free,Free,,0
U108345,2025-08-30,Referral,Founder,Desktop,North America,11-50,1.618,2.95,True,False,Free,Free,,0
U101143,2025-08-30,Organic Search,Marketing Team,Mobile,MEA,1-10,1.021,5.51,True,False,Free,Free,,0
U107718,2025-08-30,Paid Search,Marketing Team,Mobile,Europe,1-10,0.987,12.42,True,True,Paid,Growth,2025-09-02,59
U102361,2025-08-30,Organic Search,Ops Manager,Mobile,North America,11-50,1.354,33.12,False,False,Free,Free,,0
U104433,2025-08-30,Referral,Sales Team,Desktop,LATAM,11-50,1.325,9.61,False,False,Free,Free,,0
U100194,2025-08-30,Organic Search,Founder,Desktop,APAC,1-10,0.961,19.44,False,False,Free,Free,,0
U106767,2025-08-30,Referral,Sales Team,Mobile,North America,51-200,1.583,13.1,False,False,Free,Free,,0
U101123,2025-08-31,Referral,Ops Manager,Desktop,APAC,11-50,1.345,11.42,False,False,Free,Free,,0
U104350,2025-08-31,Social,Founder,Mobile,North America,1-10,0.468,20.28,True,False,Free,Free,,0
U108254,2025-08-31,Paid Search,Marketing Team,Desktop,North America,1-10,0.985,16.43,True,False,Free,Free,,0
U107431,2025-08-31,Paid Search,Founder,Desktop,North America,11-50,1.17,22.64,True,True,Paid,Starter,2025-09-02,19
U105670,2025-08-31,Referral,Founder,Desktop,North America,11-50,1.859,23.14,True,True,Paid,Growth,2025-09-06,59
U105901,2025-08-31,Social,Ops Manager,Desktop,Europe,201-1000,0.893,52.86,False,False,Free,Free,,0
U101870,2025-08-31,Paid Search,Sales Team,Desktop,Europe,51-200,0.698,49.61,False,False,Free,Free,,0
U100045,2025-08-31,Organic Search,Sales Team,Desktop,LATAM,201-1000,0.908,19.76,False,False,Free,Free,,0
U103716,2025-08-31,Organic Search,Founder,Tablet,APAC,51-200,0.86,52.98,False,False,Free,Free,,0
U100042,2025-08-31,Organic Search,Student / Hobby,Desktop,North America,11-50,0.304,50.7,True,False,Free,Free,,0
U100291,2025-08-31,Social,Sales Team,Mobile,North America,201-1000,0.321,32.78,False,False,Free,Free,,0
U106251,2025-08-31,Organic Search,Ops Manager,Tablet,North America,51-200,1.003,11.89,False,False,Free,Free,,0
U101615,2025-09-01,Paid Search,Founder,Mobile,North America,1-10,0.84,4.04,True,True,Trial,Free,,0
U108404,2025-09-01,Partnership,Marketing Team,Desktop,Europe,11-50,1.186,35.44,False,False,Free,Free,,0
U103402,2025-09-01,Social,Marketing Team,Tablet,North America,1-10,0.617,34.78,False,False,Free,Free,,0
U101595,2025-09-01,Organic Search,Ops Manager,Mobile,Europe,1-10,1.2,20.34,True,False,Free,Free,,0
U107686,2025-09-01,Paid Search,Founder,Desktop,North America,11-50,0.789,40.66,False,False,Free,Free,,0
U105146,2025-09-01,Organic Search,Ops Manager,Tablet,APAC,11-50,1.127,9.66,True,True,Trial,Free,,0
U101395,2025-09-01,Referral,Sales Team,Desktop,Europe,51-200,1.333,17.72,True,False,Free,Free,,0
U106104,2025-09-01,Paid Search,Ops Manager,Desktop,LATAM,11-50,1.325,10.61,True,True,Paid,Starter,2025-09-01,19
U107416,2025-09-02,Social,Sales Team,Mobile,Europe,1-10,0.687,39.13,False,False,Free,Free,,0
U104093,2025-09-02,Social,Marketing Team,Desktop,North America,1-10,0.48,59.54,False,False,Free,Free,,0
U102791,2025-09-02,Referral,Marketing Team,Desktop,MEA,201-1000,1.073,83.47,False,False,Free,Free,,0
U100825,2025-09-02,Partnership,Student / Hobby,Tablet,North America,1000+,0.47,20.84,False,False,Free,Free,,0
U104194,2025-09-02,Referral,Sales Team,Desktop,North America,1-10,1.661,2.03,False,False,Free,Free,,0
U102348,2025-09-02,Content,Ops Manager,Desktop,Europe,51-200,1.532,6.24,True,True,Trial,Free,,0
U103624,2025-09-02,Referral,Ops Manager,Mobile,MEA,51-200,1.596,7.67,False,False,Free,Free,,0
U102582,2025-09-02,Paid Search,Founder,Desktop,Europe,51-200,1.187,23.14,False,False,Free,Free,,0
U108378,2025-09-02,Referral,Founder,Mobile,North America,11-50,1.737,16.74,False,False,Free,Free,,0
U105110,2025-09-02,Partnership,Marketing Team,Mobile,MEA,51-200,1.143,7.41,False,False,Free,Free,,0
U107093,2025-09-02,Content,Ops Manager,Desktop,MEA,1-10,1.232,12.39,False,False,Free,Free,,0
U100540,2025-09-02,Referral,Ops Manager,Desktop,North America,11-50,1.456,6.88,False,False,Free,Free,,0
U105940,2025-09-02,Organic Search,Marketing Team,Desktop,North America,1-10,0.832,19.15,False,False,Free,Free,,0
U103782,2025-09-02,Paid Search,Marketing Team,Desktop,North America,1-10,0.829,39.0,False,False,Free,Free,,0
U100408,2025-09-02,Paid Search,Ops Manager,Desktop,Europe,11-50,0.886,13.44,False,False,Free,Free,,0
U101574,2025-09-02,Organic Search,Sales Team,Desktop,North America,11-50,1.216,1.88,False,False,Free,Free,,0
U105618,2025-09-02,Organic Search,Student / Hobby,Desktop,LATAM,11-50,0.583,43.01,False,False,Free,Free,,0
U102516,2025-09-02,Paid Search,Marketing Team,Desktop,Europe,1-10,0.38,113.13,False,False,Free,Free,,0
U103483,2025-09-03,Paid Search,Marketing Team,Desktop,LATAM,1-10,0.539,4.69,False,False,Free,Free,,0
U103529,2025-09-03,Referral,Marketing Team,Desktop,Europe,11-50,1.061,46.86,False,False,Free,Free,,0
U107630,2025-09-03,Referral,Marketing Team,Desktop,North America,1-10,1.558,10.19,False,False,Free,Free,,0
U105173,2025-09-03,Organic Search,Student / Hobby,Desktop,North America,51-200,0.275,33.3,False,False,Free,Free,,0
U108486,2025-09-03,Referral,Founder,Desktop,North America,11-50,1.397,11.02,False,False,Free,Free,,0
U100508,2025-09-03,Referral,Ops Manager,Desktop,Europe,51-200,1.479,13.01,True,True,Paid,Starter,2025-09-07,19
U106285,2025-09-03,Organic Search,Sales Team,Desktop,North America,201-1000,1.055,11.47,False,False,Free,Free,,0
U106025,2025-09-03,Referral,Founder,Mobile,APAC,1-10,1.371,22.4,False,False,Free,Free,,0
U106443,2025-09-03,Organic Search,Sales Team,Tablet,APAC,1-10,1.165,16.55,True,True,Paid,Scale,2025-09-04,149
U103569,2025-09-03,Paid Search,Student / Hobby,Mobile,North America,201-1000,0.611,89.84,True,False,Free,Free,,0
U101392,2025-09-03,Referral,Sales Team,Tablet,North America,1-10,1.234,14.02,False,False,Free,Free,,0
U106996,2025-09-03,Content,Marketing Team,Desktop,North America,1-10,0.805,27.11,False,False,Free,Free,,0
U101352,2025-09-03,Organic Search,Sales Team,Desktop,North America,51-200,0.778,5.86,True,False,Free,Free,,0
U106266,2025-09-03,Social,Marketing Team,Tablet,North America,1-10,0.48,8.42,False,False,Free,Free,,0
U106239,2025-09-03,Social,Founder,Desktop,LATAM,1000+,0.947,11.35,False,False,Free,Free,,0
U102753,2025-09-03,Paid Search,Founder,Desktop,Europe,1-10,1.276,2.52,False,False,Free,Free,,0
U102183,2025-09-03,Partnership,Marketing Team,Desktop,APAC,1-10,0.7,11.57,False,False,Free,Free,,0
U100434,2025-09-03,Content,Sales Team,Desktop,APAC,1-10,0.994,18.55,True,False,Free,Free,,0
U108040,2025-09-03,Social,Ops Manager,Desktop,North America,11-50,1.259,28.34,False,False,Free,Free,,0
U107955,2025-09-03,Social,Sales Team,Desktop,Europe,1-10,1.109,19.2,True,False,Free,Free,,0
U106716,2025-09-04,Organic Search,Founder,Desktop,North America,201-1000,1.197,24.95,True,True,Paid,Scale,2025-09-06,149
U108108,2025-09-04,Organic Search,Marketing Team,Mobile,Europe,1-10,1.037,3.06,False,False,Free,Free,,0
U107977,2025-09-04,Partnership,Sales Team,Mobile,Europe,11-50,0.95,28.83,True,False,Free,Free,,0
U108009,2025-09-04,Referral,Founder,Desktop,APAC,201-1000,1.453,17.18,False,False,Free,Free,,0
U104335,2025-09-04,Organic Search,Ops Manager,Mobile,Europe,51-200,0.533,46.62,True,True,Paid,Growth,2025-09-07,59
U101104,2025-09-04,Organic Search,Sales Team,Desktop,APAC,1-10,1.101,21.77,False,False,Free,Free,,0
U104329,2025-09-04,Content,Sales Team,Desktop,North America,51-200,1.024,12.9,True,False,Free,Free,,0
U107852,2025-09-04,Organic Search,Sales Team,Mobile,LATAM,1-10,1.218,10.07,True,False,Free,Free,,0
U108043,2025-09-04,Organic Search,Founder,Desktop,APAC,1-10,1.273,10.54,False,False,Free,Free,,0
U105708,2025-09-04,Content,Student / Hobby,Desktop,APAC,1000+,0.25,46.86,False,False,Free,Free,,0
U106191,2025-09-04,Social,Ops Manager,Desktop,North America,1-10,1.047,10.92,False,False,Free,Free,,0
U106553,2025-09-04,Referral,Sales Team,Desktop,Europe,1-10,0.915,36.87,False,False,Free,Free,,0
U105535,2025-09-04,Paid Search,Marketing Team,Desktop,APAC,51-200,0.846,11.41,False,False,Free,Free,,0
U105022,2025-09-04,Referral,Sales Team,Desktop,APAC,11-50,1.232,9.55,True,True,Trial,Free,,0
U107082,2025-09-04,Partnership,Ops Manager,Desktop,APAC,11-50,1.379,6.17,True,True,Paid,Growth,2025-09-08,59
U100543,2025-09-04,Referral,Marketing Team,Mobile,North America,1-10,1.218,17.16,True,True,Trial,Free,,0
U102661,2025-09-05,Paid Search,Sales Team,Desktop,Europe,11-50,0.518,22.74,False,False,Free,Free,,0
U105532,2025-09-05,Organic Search,Student / Hobby,Desktop,APAC,1-10,0.426,8.86,True,False,Free,Free,,0
U105898,2025-09-05,Paid Search,Sales Team,Desktop,North America,51-200,0.496,98.16,False,False,Free,Free,,0
U100750,2025-09-05,Organic Search,Sales Team,Desktop,North America,1-10,1.021,9.47,True,False,Free,Free,,0
U102769,2025-09-05,Organic Search,Student / Hobby,Desktop,North America,51-200,0.791,30.3,False,False,Free,Free,,0
U106718,2025-09-05,Referral,Marketing Team,Desktop,North America,11-50,0.786,11.52,True,True,Trial,Free,,0
U103820,2025-09-05,Referral,Ops Manager,Desktop,North America,11-50,1.929,6.95,False,False,Free,Free,,0
U107372,2025-09-05,Paid Search,Ops Manager,Desktop,APAC,201-1000,0.988,11.99,True,False,Free,Free,,0
U107859,2025-09-05,Organic Search,Marketing Team,Desktop,APAC,11-50,1.023,12.84,False,False,Free,Free,,0
U101413,2025-09-06,Referral,Student / Hobby,Desktop,MEA,1-10,1.083,12.57,False,False,Free,Free,,0
U101084,2025-09-06,Paid Search,Founder,Desktop,APAC,11-50,0.864,5.02,False,False,Free,Free,,0
U102274,2025-09-06,Paid Search,Ops Manager,Tablet,North America,1-10,0.805,12.79,False,False,Free,Free,,0
U100512,2025-09-06,Referral,Ops Manager,Tablet,APAC,51-200,1.692,11.79,False,False,Free,Free,,0
U102054,2025-09-06,Paid Search,Ops Manager,Desktop,North America,201-1000,0.581,28.26,True,False,Free,Free,,0
U104385,2025-09-06,Referral,Ops Manager,Desktop,North America,1-10,1.798,5.78,True,True,Paid,Starter,2025-09-10,19
U102001,2025-09-06,Referral,Student / Hobby,Mobile,North America,11-50,0.869,5.73,False,False,Free,Free,,0
U103137,2025-09-06,Paid Search,Sales Team,Desktop,MEA,11-50,1.017,16.44,False,False,Free,Free,,0
U104799,2025-09-06,Referral,Student / Hobby,Desktop,North America,11-50,0.313,119.96,False,False,Free,Free,,0
U101786,2025-09-06,Content,Founder,Desktop,LATAM,1-10,1.536,17.62,False,False,Free,Free,,0
U105889,2025-09-06,Organic Search,Founder,Desktop,North America,11-50,1.172,24.03,True,False,Free,Free,,0
U108422,2025-09-06,Organic Search,Marketing Team,Tablet,APAC,51-200,0.843,41.95,False,False,Free,Free,,0
U105140,2025-09-06,Organic Search,Ops Manager,Mobile,North America,51-200,1.399,28.65,False,False,Free,Free,,0
U104451,2025-09-06,Organic Search,Marketing Team,Desktop,Europe,201-1000,0.448,127.11,False,False,Free,Free,,0
U100563,2025-09-07,Paid Search,Ops Manager,Desktop,North America,1-10,1.395,38.7,False,False,Free,Free,,0
U106670,2025-09-07,Organic Search,Student / Hobby,Mobile,APAC,1-10,0.419,45.78,False,False,Free,Free,,0
U102140,2025-09-07,Social,Ops Manager,Desktop,Europe,51-200,0.548,97.01,True,False,Free,Free,,0
U106103,2025-09-07,Referral,Founder,Desktop,APAC,1000+,1.973,11.98,False,False,Free,Free,,0
U100295,2025-09-07,Social,Founder,Desktop,North America,11-50,1.083,29.76,True,False,Free,Free,,0
U107620,2025-09-07,Referral,Ops Manager,Desktop,Europe,1-10,1.491,20.96,False,False,Free,Free,,0
U108464,2025-09-07,Paid Search,Marketing Team,Desktop,Europe,11-50,0.992,23.69,True,False,Free,Free,,0
U104651,2025-09-07,Paid Search,Ops Manager,Mobile,APAC,51-200,1.223,23.93,True,True,Paid,Starter,2025-09-08,19
U100572,2025-09-07,Social,Ops Manager,Desktop,North America,51-200,1.013,4.58,False,False,Free,Free,,0
U102742,2025-09-07,Organic Search,Founder,Desktop,LATAM,11-50,0.874,1.32,True,True,Trial,Free,,0
U101018,2025-09-08,Paid Search,Ops Manager,Desktop,Europe,1-10,1.415,12.15,False,False,Free,Free,,0
U107240,2025-09-08,Social,Founder,Mobile,North America,1-10,0.841,32.35,False,False,Free,Free,,0
U100942,2025-09-08,Referral,Ops Manager,Desktop,Europe,1-10,1.908,12.46,False,False,Free,Free,,0
U106210,2025-09-08,Organic Search,Founder,Desktop,Europe,51-200,1.332,5.94,False,False,Free,Free,,0
U100922,2025-09-08,Referral,Sales Team,Desktop,Europe,1-10,1.329,4.54,False,False,Free,Free,,0
U104255,2025-09-08,Referral,Ops Manager,Mobile,North America,11-50,1.645,13.8,True,True,Paid,Starter,2025-09-16,19
U106312,2025-09-08,Paid Search,Marketing Team,Desktop,North America,11-50,1.115,3.12,False,False,Free,Free,,0
U102795,2025-09-08,Referral,Ops Manager,Mobile,North America,51-200,1.484,5.86,False,False,Free,Free,,0
U106790,2025-09-08,Organic Search,Ops Manager,Mobile,Europe,11-50,1.638,4.57,True,False,Free,Free,,0
U105822,2025-09-08,Referral,Ops Manager,Desktop,LATAM,11-50,1.736,4.69,True,False,Free,Free,,0
U102650,2025-09-08,Referral,Sales Team,Desktop,Europe,1-10,1.205,31.19,True,True,Trial,Free,,0
U106327,2025-09-08,Paid Search,Ops Manager,Mobile,North America,1-10,1.209,5.38,False,False,Free,Free,,0
U101999,2025-09-08,Paid Search,Marketing Team,Desktop,North America,11-50,0.824,10.82,False,False,Free,Free,,0
U106546,2025-09-08,Partnership,Founder,Desktop,North America,1-10,1.218,41.5,False,False,Free,Free,,0
U104886,2025-09-08,Referral,Founder,Desktop,North America,11-50,1.289,12.94,False,False,Free,Free,,0
U107925,2025-09-08,Paid Search,Sales Team,Desktop,North America,1-10,0.848,33.08,False,False,Free,Free,,0
U101658,2025-09-08,Paid Search,Founder,Desktop,Europe,201-1000,0.981,16.81,False,False,Free,Free,,0
U107788,2025-09-08,Paid Search,Marketing Team,Desktop,Europe,51-200,0.949,17.13,False,False,Free,Free,,0
U107508,2025-09-09,Paid Search,Sales Team,Desktop,Europe,51-200,1.034,21.11,False,False,Free,Free,,0
U104038,2025-09-09,Paid Search,Sales Team,Mobile,North America,1-10,0.527,53.46,False,False,Free,Free,,0
U103326,2025-09-09,Organic Search,Marketing Team,Tablet,Europe,1000+,0.811,21.87,True,True,Trial,Free,,0
U105894,2025-09-09,Paid Search,Founder,Desktop,Europe,11-50,0.727,66.86,True,False,Free,Free,,0
U107582,2025-09-09,Organic Search,Student / Hobby,Desktop,North America,1-10,0.25,32.8,False,False,Free,Free,,0
U106495,2025-09-09,Paid Search,Sales Team,Mobile,North America,1-10,0.486,43.23,True,False,Free,Free,,0
U101578,2025-09-09,Referral,Founder,Desktop,APAC,1000+,1.507,23.16,False,False,Free,Free,,0
U102381,2025-09-09,Partnership,Ops Manager,Mobile,North America,51-200,1.85,3.85,True,True,Paid,Starter,2025-09-10,19
U106664,2025-09-10,Referral,Marketing Team,Desktop,Europe,11-50,1.526,10.97,True,True,Paid,Growth,2025-09-15,59
U107754,2025-09-10,Referral,Founder,Desktop,Europe,11-50,1.962,20.18,True,True,Paid,Starter,2025-09-14,19
U100774,2025-09-10,Social,Ops Manager,Mobile,Europe,11-50,1.17,11.75,True,False,Free,Free,,0
U106053,2025-09-10,Organic Search,Marketing Team,Desktop,North America,51-200,0.582,56.5,False,False,Free,Free,,0
U101855,2025-09-10,Referral,Founder,Tablet,LATAM,1-10,1.463,27.47,False,False,Free,Free,,0
U104056,2025-09-10,Social,Ops Manager,Desktop,Europe,11-50,0.763,2.26,False,False,Free,Free,,0
U101667,2025-09-10,Referral,Sales Team,Mobile,North America,201-1000,1.329,64.69,True,False,Free,Free,,0
U100428,2025-09-10,Paid Search,Ops Manager,Desktop,North America,11-50,1.471,9.59,True,False,Free,Free,,0
U101903,2025-09-10,Paid Search,Ops Manager,Tablet,North America,11-50,0.814,8.1,False,False,Free,Free,,0
U104583,2025-09-10,Organic Search,Sales Team,Desktop,North America,1-10,1.075,18.35,True,False,Free,Free,,0
U107968,2025-09-10,Partnership,Ops Manager,Tablet,APAC,1-10,1.369,7.69,True,True,Trial,Free,,0
U101959,2025-09-10,Referral,Sales Team,Desktop,Europe,201-1000,1.803,13.3,False,False,Free,Free,,0
U106308,2025-09-10,Social,Ops Manager,Mobile,North America,1-10,0.78,50.49,False,False,Free,Free,,0
U101968,2025-09-10,Referral,Ops Manager,Desktop,North America,11-50,1.836,6.88,True,False,Free,Free,,0
U100325,2025-09-10,Organic Search,Ops Manager,Desktop,North America,1-10,1.328,16.73,False,False,Free,Free,,0
U104627,2025-09-10,Organic Search,Marketing Team,Mobile,North America,11-50,0.901,27.61,False,False,Free,Free,,0
U104575,2025-09-10,Referral,Ops Manager,Desktop,Europe,201-1000,1.83,8.9,True,True,Paid,Starter,2025-09-15,19
U103888,2025-09-10,Organic Search,Founder,Mobile,Europe,11-50,1.329,26.55,False,False,Free,Free,,0
U103328,2025-09-10,Content,Marketing Team,Desktop,Europe,1-10,0.972,17.13,False,False,Free,Free,,0
U106493,2025-09-10,Organic Search,Founder,Desktop,Europe,1-10,1.117,23.22,True,False,Free,Free,,0
U101889,2025-09-11,Paid Search,Sales Team,Desktop,North America,51-200,0.657,15.24,False,False,Free,Free,,0
U104524,2025-09-11,Social,Ops Manager,Desktop,North America,11-50,1.134,12.26,True,True,Trial,Free,,0
U100441,2025-09-11,Organic Search,Sales Team,Desktop,Europe,51-200,0.7,23.54,False,False,Free,Free,,0
U103723,2025-09-11,Referral,Founder,Desktop,North America,51-200,1.488,8.93,False,False,Free,Free,,0
U103420,2025-09-11,Organic Search,Founder,Desktop,North America,11-50,1.327,15.43,True,True,Trial,Free,,0
U104492,2025-09-11,Social,Founder,Desktop,Europe,11-50,0.596,23.83,False,False,Free,Free,,0
U105579,2025-09-11,Organic Search,Ops Manager,Desktop,North America,1000+,1.154,28.64,False,False,Free,Free,,0
U100280,2025-09-11,Referral,Founder,Desktop,APAC,11-50,1.546,7.57,False,False,Free,Free,,0
U107129,2025-09-11,Paid Search,Founder,Desktop,North America,1000+,0.923,32.88,True,False,Free,Free,,0
U100579,2025-09-11,Content,Marketing Team,Desktop,LATAM,1-10,0.921,24.94,True,False,Free,Free,,0
U108192,2025-09-11,Referral,Founder,Mobile,Europe,51-200,1.282,27.99,False,False,Free,Free,,0
U100948,2025-09-11,Organic Search,Founder,Desktop,North America,11-50,1.313,21.59,True,False,Free,Free,,0
U103093,2025-09-11,Paid Search,Founder,Desktop,North America,11-50,1.043,17.66,False,False,Free,Free,,0
U100390,2025-09-11,Organic Search,Ops Manager,Mobile,APAC,201-1000,1.285,6.57,True,False,Free,Free,,0
U107684,2025-09-11,Organic Search,Founder,Desktop,Europe,11-50,1.295,7.26,False,False,Free,Free,,0
U101666,2025-09-11,Paid Search,Marketing Team,Desktop,LATAM,1-10,0.556,16.95,False,False,Free,Free,,0
U108217,2025-09-12,Social,Sales Team,Mobile,Europe,51-200,0.95,16.19,False,False,Free,Free,,0
U100575,2025-09-12,Paid Search,Student / Hobby,Desktop,Europe,11-50,0.305,96.82,False,False,Free,Free,,0
U101983,2025-09-12,Social,Student / Hobby,Mobile,APAC,1-10,0.393,25.21,False,False,Free,Free,,0
U102092,2025-09-12,Organic Search,Founder,Desktop,Europe,51-200,1.057,24.5,False,False,Free,Free,,0
U107145,2025-09-12,Referral,Founder,Desktop,North America,1-10,1.309,17.83,True,True,Paid,Starter,2025-09-18,19
U106618,2025-09-12,Content,Ops Manager,Mobile,MEA,11-50,1.306,18.58,False,False,Free,Free,,0
U103715,2025-09-12,Social,Sales Team,Desktop,Europe,1-10,1.012,2.56,False,False,Free,Free,,0
U100655,2025-09-12,Paid Search,Ops Manager,Desktop,Europe,11-50,1.271,9.2,True,False,Free,Free,,0
U104003,2025-09-12,Content,Ops Manager,Tablet,LATAM,201-1000,1.502,33.65,True,False,Free,Free,,0
U101256,2025-09-12,Partnership,Founder,Mobile,North America,11-50,1.28,16.3,False,False,Free,Free,,0
U101320,2025-09-12,Referral,Student / Hobby,Desktop,APAC,1-10,0.622,10.33,False,False,Free,Free,,0
U103550,2025-09-12,Social,Founder,Desktop,North America,1-10,1.167,25.64,True,True,Paid,Growth,2025-09-16,59
U105032,2025-09-12,Organic Search,Founder,Desktop,APAC,11-50,1.115,2.33,False,False,Free,Free,,0
U100928,2025-09-12,Referral,Founder,Desktop,MEA,1-10,1.777,2.84,False,False,Free,Free,,0
U106439,2025-09-13,Organic Search,Student / Hobby,Desktop,North America,1-10,0.774,31.87,True,False,Free,Free,,0
U100657,2025-09-13,Content,Founder,Desktop,Europe,1-10,1.238,11.93,False,False,Free,Free,,0
U100776,2025-09-13,Paid Search,Marketing Team,Mobile,North America,201-1000,0.455,52.88,False,False,Free,Free,,0
U104694,2025-09-13,Partnership,Ops Manager,Mobile,LATAM,1-10,1.668,14.55,True,True,Trial,Free,,0
U106557,2025-09-13,Organic Search,Ops Manager,Desktop,North America,11-50,1.149,16.54,False,False,Free,Free,,0
U102682,2025-09-13,Referral,Ops Manager,Desktop,Europe,201-1000,1.895,4.51,False,False,Free,Free,,0
U103500,2025-09-13,Organic Search,Marketing Team,Desktop,Europe,11-50,0.605,53.16,False,False,Free,Free,,0
U106733,2025-09-13,Referral,Founder,Desktop,Europe,51-200,1.788,6.76,True,True,Paid,Starter,2025-09-13,19
U107253,2025-09-13,Paid Search,Sales Team,Desktop,North America,1000+,1.038,8.81,False,False,Free,Free,,0
U100073,2025-09-13,Referral,Founder,Desktop,North America,1-10,1.392,18.09,True,False,Free,Free,,0
U104247,2025-09-13,Organic Search,Sales Team,Mobile,APAC,1000+,1.124,22.0,False,False,Free,Free,,0
U105699,2025-09-13,Paid Search,Founder,Tablet,APAC,1-10,0.845,26.42,False,False,Free,Free,,0
U107559,2025-09-13,Referral,Ops Manager,Mobile,North America,1000+,1.524,28.16,False,False,Free,Free,,0
U102352,2025-09-13,Paid Search,Founder,Mobile,Europe,1-10,1.366,13.64,True,True,Paid,Starter,2025-09-13,19
U101075,2025-09-13,Social,Ops Manager,Desktop,North America,11-50,0.913,24.38,False,False,Free,Free,,0
U102918,2025-09-13,Partnership,Marketing Team,Desktop,North America,1-10,0.783,13.42,True,True,Paid,Scale,2025-09-20,149
U106008,2025-09-13,Social,Ops Manager,Desktop,Europe,51-200,0.878,12.34,False,False,Free,Free,,0
U104319,2025-09-13,Social,Sales Team,Desktop,LATAM,1000+,0.938,11.9,False,False,Free,Free,,0
U103373,2025-09-14,Organic Search,Founder,Mobile,North America,1-10,0.826,26.69,True,True,Paid,Growth,2025-09-14,59
U103493,2025-09-14,Content,Ops Manager,Desktop,North America,51-200,1.471,5.63,True,False,Free,Free,,0
U102074,2025-09-14,Social,Founder,Tablet,APAC,11-50,0.707,36.23,False,False,Free,Free,,0
U107157,2025-09-14,Organic Search,Ops Manager,Desktop,LATAM,1-10,0.932,17.18,False,False,Free,Free,,0
U107395,2025-09-14,Organic Search,Marketing Team,Desktop,APAC,11-50,0.776,30.13,False,False,Free,Free,,0
U104138,2025-09-14,Organic Search,Ops Manager,Desktop,APAC,1000+,0.982,6.68,False,False,Free,Free,,0
U104992,2025-09-14,Organic Search,Marketing Team,Desktop,North America,51-200,1.119,27.25,False,False,Free,Free,,0
U106466,2025-09-14,Organic Search,Marketing Team,Mobile,APAC,201-1000,1.087,22.15,False,False,Free,Free,,0
U105694,2025-09-14,Organic Search,Student / Hobby,Desktop,APAC,51-200,0.583,60.87,False,False,Free,Free,,0
U100780,2025-09-14,Paid Search,Marketing Team,Desktop,Europe,51-200,0.693,24.45,False,False,Free,Free,,0
U101336,2025-09-14,Organic Search,Marketing Team,Desktop,North America,1-10,0.803,24.58,True,False,Free,Free,,0
U101497,2025-09-15,Referral,Founder,Desktop,North America,1-10,1.623,16.89,True,False,Free,Free,,0
U103743,2025-09-15,Organic Search,Ops Manager,Desktop,North America,11-50,1.445,5.9,True,False,Free,Free,,0
U107725,2025-09-15,Paid Search,Founder,Desktop,North America,11-50,0.817,10.44,False,False,Free,Free,,0
U107057,2025-09-15,Social,Ops Manager,Desktop,APAC,1-10,1.276,7.35,True,False,Free,Free,,0
U100305,2025-09-15,Paid Search,Marketing Team,Tablet,LATAM,11-50,0.887,8.83,False,False,Free,Free,,0
U104499,2025-09-15,Paid Search,Founder,Tablet,APAC,1-10,0.67,5.48,True,False,Free,Free,,0
U107751,2025-09-15,Content,Sales Team,Desktop,Europe,201-1000,1.342,14.36,True,False,Free,Free,,0
U107990,2025-09-15,Social,Marketing Team,Desktop,Europe,51-200,0.65,22.54,False,False,Free,Free,,0
U100521,2025-09-15,Organic Search,Sales Team,Desktop,LATAM,1-10,1.281,14.81,True,True,Trial,Free,,0
U101789,2025-09-15,Organic Search,Founder,Desktop,Europe,11-50,1.362,9.81,True,False,Free,Free,,0
U106010,2025-09-15,Organic Search,Ops Manager,Desktop,Europe,1-10,1.188,11.15,True,True,Trial,Free,,0
U108418,2025-09-15,Organic Search,Ops Manager,Desktop,North America,1-10,1.35,9.94,True,True,Paid,Starter,2025-09-16,19
U106080,2025-09-15,Referral,Ops Manager,Desktop,APAC,51-200,1.609,10.37,False,False,Free,Free,,0
U104278,2025-09-15,Referral,Marketing Team,Desktop,North America,1-10,1.114,6.09,False,False,Free,Free,,0
U106712,2025-09-15,Organic Search,Marketing Team,Desktop,APAC,1-10,0.796,32.15,True,False,Free,Free,,0
U104689,2025-09-15,Paid Search,Sales Team,Mobile,North America,1-10,1.039,11.75,True,False,Free,Free,,0
U104607,2025-09-15,Organic Search,Ops Manager,Desktop,APAC,51-200,1.412,10.29,False,False,Free,Free,,0
U100116,2025-09-15,Referral,Marketing Team,Desktop,Europe,51-200,1.152,4.64,False,False,Free,Free,,0
U102156,2025-09-15,Social,Student / Hobby,Mobile,North America,11-50,0.621,19.75,False,False,Free,Free,,0
U102578,2025-09-16,Social,Ops Manager,Mobile,North America,1-10,1.052,11.13,True,False,Free,Free,,0
U100646,2025-09-16,Paid Search,Founder,Mobile,North America,1-10,1.11,18.09,False,False,Free,Free,,0
U100853,2025-09-16,Content,Founder,Mobile,APAC,1-10,1.338,7.15,True,False,Free,Free,,0
U104941,2025-09-16,Paid Search,Marketing Team,Desktop,North America,1-10,0.692,22.38,False,False,Free,Free,,0
U103650,2025-09-16,Organic Search,Founder,Desktop,North America,1-10,1.399,6.34,True,True,Paid,Starter,2025-09-24,19
U104957,2025-09-16,Referral,Marketing Team,Desktop,North America,1-10,1.533,12.9,True,True,Paid,Growth,2025-09-20,59
U103149,2025-09-16,Social,Ops Manager,Desktop,North America,11-50,1.099,17.48,True,False,Free,Free,,0
U108096,2025-09-16,Paid Search,Founder,Desktop,North America,11-50,1.178,14.71,True,False,Free,Free,,0
U100003,2025-09-16,Content,Founder,Desktop,Europe,1-10,1.377,18.05,False,False,Free,Free,,0
U102715,2025-09-17,Paid Search,Sales Team,Desktop,North America,51-200,1.239,30.65,True,False,Free,Free,,0
U101049,2025-09-17,Referral,Ops Manager,Desktop,APAC,1-10,1.661,12.7,True,True,Paid,Growth,2025-09-24,59
U104163,2025-09-17,Paid Search,Founder,Mobile,Europe,201-1000,0.873,18.06,False,False,Free,Free,,0
U105274,2025-09-17,Partnership,Founder,Mobile,APAC,11-50,1.189,12.04,False,False,Free,Free,,0
U107271,2025-09-17,Paid Search,Founder,Desktop,North America,201-1000,0.661,18.54,False,False,Free,Free,,0
U103028,2025-09-17,Referral,Marketing Team,Mobile,APAC,1000+,1.297,9.74,False,False,Free,Free,,0
U101866,2025-09-17,Paid Search,Founder,Desktop,APAC,1-10,1.152,6.89,False,False,Free,Free,,0
U104885,2025-09-17,Content,Student / Hobby,Desktop,APAC,1-10,0.406,48.43,False,False,Free,Free,,0
U105495,2025-09-17,Organic Search,Marketing Team,Mobile,Europe,51-200,1.312,20.89,True,True,Trial,Free,,0
U101099,2025-09-17,Paid Search,Ops Manager,Mobile,APAC,51-200,1.18,7.85,False,False,Free,Free,,0
U101981,2025-09-17,Social,Sales Team,Desktop,Europe,1-10,1.348,2.99,False,False,Free,Free,,0
U102071,2025-09-17,Paid Search,Ops Manager,Desktop,Europe,11-50,1.42,6.07,False,False,Free,Free,,0
U102279,2025-09-17,Paid Search,Sales Team,Desktop,North America,51-200,0.442,54.94,False,False,Free,Free,,0
U101241,2025-09-17,Paid Search,Ops Manager,Mobile,North America,11-50,1.278,11.91,False,False,Free,Free,,0
U103421,2025-09-18,Partnership,Ops Manager,Desktop,Europe,11-50,1.6,3.89,True,False,Free,Free,,0
U106828,2025-09-18,Content,Ops Manager,Mobile,Europe,1-10,1.293,11.1,False,False,Free,Free,,0
U102618,2025-09-18,Organic Search,Founder,Mobile,North America,1-10,1.064,18.82,False,False,Free,Free,,0
U101166,2025-09-18,Paid Search,Sales Team,Desktop,LATAM,201-1000,0.359,75.88,False,False,Free,Free,,0
U101632,2025-09-18,Content,Marketing Team,Desktop,Europe,1-10,1.219,32.34,False,False,Free,Free,,0
U105100,2025-09-18,Organic Search,Sales Team,Desktop,APAC,1-10,1.348,15.43,False,False,Free,Free,,0
U105999,2025-09-18,Organic Search,Sales Team,Desktop,North America,1-10,1.016,20.1,False,False,Free,Free,,0
U103567,2025-09-18,Organic Search,Ops Manager,Desktop,North America,11-50,1.023,21.11,False,False,Free,Free,,0
U100334,2025-09-18,Organic Search,Ops Manager,Desktop,North America,1-10,1.211,18.92,True,True,Trial,Free,,0
U105293,2025-09-19,Paid Search,Sales Team,Mobile,North America,1-10,0.509,23.42,False,False,Free,Free,,0
U106119,2025-09-19,Content,Sales Team,Desktop,LATAM,1-10,1.333,17.92,False,False,Free,Free,,0
U105574,2025-09-19,Organic Search,Founder,Desktop,North America,1-10,1.057,28.39,True,False,Free,Free,,0
U102644,2025-09-19,Social,Marketing Team,Tablet,North America,1-10,0.502,47.7,False,False,Free,Free,,0
U104274,2025-09-19,Social,Sales Team,Desktop,North America,11-50,0.617,24.54,False,False,Free,Free,,0
U106551,2025-09-19,Paid Search,Ops Manager,Desktop,Europe,201-1000,1.094,24.51,False,False,Free,Free,,0
U108445,2025-09-19,Paid Search,Ops Manager,Tablet,North America,51-200,0.948,13.83,True,False,Free,Free,,0
U102347,2025-09-19,Paid Search,Ops Manager,Desktop,Europe,1-10,1.537,44.4,False,False,Free,Free,,0
U100743,2025-09-19,Paid Search,Founder,Mobile,LATAM,201-1000,1.02,13.47,False,False,Free,Free,,0
U107722,2025-09-19,Referral,Ops Manager,Desktop,North America,11-50,1.476,20.25,True,True,Trial,Free,,0
U103551,2025-09-19,Organic Search,Founder,Desktop,LATAM,11-50,1.354,6.46,False,False,Free,Free,,0
U105852,2025-09-19,Social,Ops Manager,Desktop,North America,11-50,1.281,20.82,False,False,Free,Free,,0
U101453,2025-09-20,Paid Search,Founder,Desktop,Europe,1-10,1.091,36.94,False,False,Free,Free,,0
U104118,2025-09-20,Organic Search,Student / Hobby,Desktop,North America,11-50,0.541,28.11,False,False,Free,Free,,0
U101728,2025-09-20,Paid Search,Founder,Desktop,APAC,1-10,1.342,13.02,True,True,Trial,Free,,0
U107994,2025-09-20,Referral,Ops Manager,Desktop,North America,51-200,1.228,10.26,False,False,Free,Free,,0
U104485,2025-09-20,Organic Search,Founder,Desktop,Europe,1-10,1.144,8.44,True,False,Free,Free,,0
U103188,2025-09-20,Paid Search,Ops Manager,Desktop,APAC,1-10,0.788,33.49,False,False,Free,Free,,0
U106589,2025-09-20,Content,Marketing Team,Desktop,Europe,1-10,1.557,7.25,True,True,Trial,Free,,0
U102472,2025-09-20,Partnership,Ops Manager,Desktop,APAC,201-1000,2.149,5.72,False,False,Free,Free,,0
U106999,2025-09-20,Referral,Founder,Desktop,North America,1-10,1.526,9.06,False,False,Free,Free,,0
U104611,2025-09-20,Content,Marketing Team,Tablet,APAC,51-200,1.202,8.05,True,False,Free,Free,,0
U105323,2025-09-20,Referral,Ops Manager,Desktop,LATAM,11-50,1.692,12.04,False,False,Free,Free,,0
U108036,2025-09-21,Social,Ops Manager,Desktop,Europe,1-10,1.199,15.35,False,False,Free,Free,,0
U101735,2025-09-21,Social,Marketing Team,Tablet,North America,51-200,0.767,31.55,False,False,Free,Free,,0
U106470,2025-09-21,Content,Student / Hobby,Desktop,North America,11-50,0.973,39.43,False,False,Free,Free,,0
U100640,2025-09-21,Paid Search,Marketing Team,Desktop,North America,1-10,0.648,48.79,False,False,Free,Free,,0
U104538,2025-09-21,Social,Ops Manager,Tablet,Europe,51-200,0.903,21.85,False,False,Free,Free,,0
U105186,2025-09-21,Content,Student / Hobby,Tablet,North America,51-200,0.726,28.65,False,False,Free,Free,,0
U101279,2025-09-21,Paid Search,Founder,Desktop,North America,11-50,1.092,11.57,True,True,Trial,Free,,0
U103382,2025-09-21,Organic Search,Marketing Team,Mobile,North America,201-1000,1.256,17.24,True,True,Trial,Free,,0
U103913,2025-09-21,Paid Search,Marketing Team,Desktop,North America,1-10,0.736,18.33,False,False,Free,Free,,0
U100867,2025-09-21,Organic Search,Marketing Team,Desktop,Europe,51-200,1.008,15.75,False,False,Free,Free,,0
U106607,2025-09-21,Paid Search,Founder,Desktop,LATAM,1-10,1.002,31.14,False,False,Free,Free,,0
U105784,2025-09-21,Paid Search,Marketing Team,Desktop,North America,1000+,0.684,29.44,False,False,Free,Free,,0
U106323,2025-09-21,Paid Search,Sales Team,Desktop,APAC,201-1000,1.001,32.03,True,False,Free,Free,,0
U103711,2025-09-22,Organic Search,Student / Hobby,Desktop,North America,11-50,0.73,62.47,False,False,Free,Free,,0
U100246,2025-09-22,Paid Search,Founder,Desktop,North America,201-1000,1.158,31.82,False,False,Free,Free,,0
U101409,2025-09-22,Social,Founder,Mobile,LATAM,11-50,0.537,30.64,False,False,Free,Free,,0
U103177,2025-09-22,Paid Search,Ops Manager,Desktop,APAC,1-10,1.12,81.09,False,False,Free,Free,,0
U101670,2025-09-22,Paid Search,Ops Manager,Mobile,North America,1-10,0.713,18.81,False,False,Free,Free,,0
U108325,2025-09-22,Referral,Ops Manager,Desktop,North America,11-50,1.724,18.15,False,False,Free,Free,,0
U104786,2025-09-22,Referral,Sales Team,Mobile,APAC,1-10,0.845,10.94,False,False,Free,Free,,0
U104238,2025-09-22,Referral,Ops Manager,Mobile,North America,11-50,1.496,10.59,True,False,Free,Free,,0
U103922,2025-09-22,Organic Search,Ops Manager,Desktop,Europe,51-200,1.149,36.63,True,False,Free,Free,,0
U105681,2025-09-22,Content,Ops Manager,Desktop,North America,51-200,1.062,15.63,True,False,Free,Free,,0
U100252,2025-09-22,Organic Search,Ops Manager,Desktop,MEA,11-50,1.227,31.52,True,True,Trial,Free,,0
U100607,2025-09-22,Organic Search,Ops Manager,Desktop,Europe,11-50,1.504,25.48,False,False,Free,Free,,0
U101560,2025-09-22,Referral,Founder,Desktop,LATAM,11-50,1.21,9.88,False,False,Free,Free,,0
U102275,2025-09-23,Paid Search,Student / Hobby,Desktop,North America,1-10,0.25,39.2,False,False,Free,Free,,0
U107124,2025-09-23,Social,Ops Manager,Desktop,Europe,11-50,1.392,13.65,True,False,Free,Free,,0
U103597,2025-09-23,Social,Founder,Desktop,APAC,51-200,0.534,44.15,False,False,Free,Free,,0
U105919,2025-09-23,Social,Ops Manager,Desktop,Europe,1-10,0.89,17.83,False,False,Free,Free,,0
U106483,2025-09-23,Paid Search,Marketing Team,Desktop,Europe,11-50,0.935,7.61,True,True,Paid,Starter,2025-09-30,19
U103522,2025-09-23,Referral,Founder,Desktop,Europe,51-200,1.433,14.73,False,False,Free,Free,,0
U104749,2025-09-23,Social,Marketing Team,Mobile,Europe,51-200,0.477,60.16,False,False,Free,Free,,0
U102270,2025-09-23,Organic Search,Founder,Desktop,North America,1-10,1.243,6.87,True,True,Paid,Growth,2025-10-01,59
U102337,2025-09-23,Social,Marketing Team,Desktop,APAC,1-10,0.326,95.07,False,False,Free,Free,,0
U107317,2025-09-23,Organic Search,Founder,Mobile,Europe,51-200,1.095,19.67,True,False,Free,Free,,0
U105343,2025-09-23,Paid Search,Founder,Desktop,LATAM,201-1000,0.901,24.96,False,False,Free,Free,,0
U106365,2025-09-23,Referral,Founder,Mobile,North America,11-50,1.654,2.25,False,False,Free,Free,,0
U102757,2025-09-23,Organic Search,Marketing Team,Desktop,North America,1-10,0.931,27.86,False,False,Free,Free,,0
U105672,2025-09-23,Organic Search,Marketing Team,Desktop,North America,11-50,0.935,21.57,False,False,Free,Free,,0
U103075,2025-09-23,Partnership,Student / Hobby,Mobile,APAC,1-10,0.767,11.65,False,False,Free,Free,,0
U108318,2025-09-24,Paid Search,Founder,Desktop,Europe,11-50,1.093,24.53,True,False,Free,Free,,0
U106066,2025-09-24,Referral,Marketing Team,Desktop,Europe,51-200,1.032,36.62,False,False,Free,Free,,0
U106026,2025-09-24,Paid Search,Ops Manager,Desktop,North America,1-10,1.087,14.68,False,False,Free,Free,,0
U104656,2025-09-24,Organic Search,Student / Hobby,Tablet,APAC,11-50,0.461,75.23,False,False,Free,Free,,0
U102700,2025-09-24,Content,Founder,Desktop,North America,11-50,1.335,19.13,True,True,Paid,Starter,2025-09-27,19
U107517,2025-09-24,Referral,Student / Hobby,Mobile,Europe,51-200,0.946,16.12,True,True,Paid,Growth,2025-10-01,59
U105268,2025-09-24,Paid Search,Marketing Team,Mobile,APAC,1-10,0.969,34.97,False,False,Free,Free,,0
U101378,2025-09-25,Social,Founder,Desktop,APAC,201-1000,0.851,69.58,False,False,Free,Free,,0
U108157,2025-09-25,Content,Ops Manager,Mobile,LATAM,1-10,0.966,38.35,False,False,Free,Free,,0
U106382,2025-09-25,Referral,Sales Team,Desktop,Europe,201-1000,1.144,30.01,False,False,Free,Free,,0
U102377,2025-09-25,Paid Search,Founder,Desktop,APAC,11-50,1.03,25.12,False,False,Free,Free,,0
U102213,2025-09-25,Organic Search,Marketing Team,Desktop,APAC,1-10,0.575,67.05,False,False,Free,Free,,0
U104974,2025-09-26,Referral,Ops Manager,Mobile,APAC,51-200,1.387,10.83,False,False,Free,Free,,0
U100829,2025-09-26,Paid Search,Marketing Team,Desktop,MEA,11-50,0.604,19.1,False,False,Free,Free,,0
U102461,2025-09-26,Paid Search,Ops Manager,Mobile,North America,1-10,1.132,15.54,False,False,Free,Free,,0
U105837,2025-09-26,Paid Search,Ops Manager,Desktop,Europe,11-50,0.985,18.09,False,False,Free,Free,,0
U106341,2025-09-26,Content,Founder,Desktop,APAC,1-10,1.644,23.4,True,False,Free,Free,,0
U102812,2025-09-26,Paid Search,Ops Manager,Desktop,APAC,11-50,0.756,58.49,True,False,Free,Free,,0
U101195,2025-09-26,Organic Search,Founder,Desktop,North America,51-200,1.344,33.84,False,False,Free,Free,,0
U101580,2025-09-26,Partnership,Founder,Desktop,North America,1-10,1.262,5.86,True,False,Free,Free,,0
U107914,2025-09-26,Paid Search,Marketing Team,Mobile,North America,1-10,0.364,45.45,True,False,Free,Free,,0
U104226,2025-09-26,Paid Search,Founder,Desktop,North America,11-50,1.031,17.19,False,False,Free,Free,,0
U107778,2025-09-26,Paid Search,Ops Manager,Mobile,APAC,201-1000,1.212,38.42,False,False,Free,Free,,0
U101193,2025-09-27,Organic Search,Ops Manager,Desktop,North America,11-50,1.467,4.18,False,False,Free,Free,,0
U100949,2025-09-27,Organic Search,Marketing Team,Tablet,North America,1-10,0.869,1.44,False,False,Free,Free,,0
U105135,2025-09-27,Content,Marketing Team,Desktop,North America,1-10,0.787,29.17,True,False,Free,Free,,0
U100704,2025-09-27,Referral,Founder,Desktop,APAC,11-50,1.147,17.37,True,True,Paid,Growth,2025-10-05,59
U106559,2025-09-27,Social,Ops Manager,Desktop,North America,1-10,0.856,10.16,True,False,Free,Free,,0
U100279,2025-09-27,Social,Ops Manager,Mobile,North America,1-10,1.382,7.85,False,False,Free,Free,,0
U104680,2025-09-27,Organic Search,Founder,Desktop,LATAM,1-10,1.083,7.84,False,False,Free,Free,,0
U104669,2025-09-27,Organic Search,Sales Team,Desktop,North America,1-10,0.779,11.9,True,False,Free,Free,,0
U101355,2025-09-27,Organic Search,Founder,Desktop,North America,11-50,1.144,14.89,False,False,Free,Free,,0
U103091,2025-09-27,Partnership,Founder,Mobile,Europe,1000+,1.318,6.99,True,False,Free,Free,,0
U101071,2025-09-27,Organic Search,Sales Team,Mobile,North America,11-50,0.804,10.95,False,False,Free,Free,,0
U100198,2025-09-27,Organic Search,Student / Hobby,Mobile,Europe,51-200,0.477,28.67,False,False,Free,Free,,0
U105272,2025-09-27,Social,Sales Team,Mobile,North America,1-10,0.52,84.86,False,False,Free,Free,,0
U104409,2025-09-27,Paid Search,Founder,Mobile,Europe,1-10,0.752,33.41,True,False,Free,Free,,0
U102980,2025-09-27,Organic Search,Sales Team,Mobile,North America,1000+,1.043,15.49,False,False,Free,Free,,0
U105505,2025-09-27,Organic Search,Marketing Team,Desktop,North America,51-200,1.231,6.84,True,True,Paid,Starter,2025-09-30,19
U101709,2025-09-27,Paid Search,Marketing Team,Desktop,Europe,51-200,0.526,22.79,False,False,Free,Free,,0
U102950,2025-09-27,Organic Search,Marketing Team,Desktop,APAC,1-10,0.635,9.6,False,False,Free,Free,,0
U102695,2025-09-27,Paid Search,Marketing Team,Desktop,Europe,11-50,0.795,21.44,False,False,Free,Free,,0
U101679,2025-09-28,Paid Search,Founder,Desktop,LATAM,51-200,0.755,74.08,False,False,Free,Free,,0
U103949,2025-09-28,Referral,Founder,Desktop,MEA,1-10,1.398,18.31,True,False,Free,Free,,0
U107798,2025-09-28,Organic Search,Ops Manager,Desktop,North America,11-50,1.036,19.87,True,False,Free,Free,,0
U100912,2025-09-28,Organic Search,Sales Team,Desktop,LATAM,11-50,0.738,11.13,False,False,Free,Free,,0
U103748,2025-09-28,Content,Founder,Desktop,APAC,1-10,1.416,15.88,True,False,Free,Free,,0
U104572,2025-09-28,Paid Search,Ops Manager,Desktop,Europe,11-50,0.776,14.14,True,False,Free,Free,,0
U106378,2025-09-28,Content,Ops Manager,Desktop,APAC,11-50,1.211,14.03,False,False,Free,Free,,0
U106036,2025-09-28,Paid Search,Student / Hobby,Mobile,Europe,1-10,0.64,20.6,False,False,Free,Free,,0
U107841,2025-09-28,Social,Founder,Mobile,North America,201-1000,0.545,32.51,False,False,Free,Free,,0
U105772,2025-09-28,Organic Search,Marketing Team,Desktop,North America,201-1000,0.772,12.46,True,True,Trial,Free,,0
U102236,2025-09-28,Organic Search,Marketing Team,Desktop,North America,1-10,1.442,15.31,True,False,Free,Free,,0
U105256,2025-09-28,Paid Search,Sales Team,Desktop,North America,11-50,0.525,9.79,True,False,Free,Free,,0
U102693,2025-09-28,Paid Search,Sales Team,Desktop,LATAM,11-50,0.718,45.07,False,False,Free,Free,,0
U103405,2025-09-29,Paid Search,Sales Team,Desktop,APAC,201-1000,0.999,5.11,False,False,Free,Free,,0
U102621,2025-09-29,Referral,Student / Hobby,Mobile,North America,51-200,0.966,19.51,False,False,Free,Free,,0
U106504,2025-09-29,Organic Search,Founder,Desktop,Europe,201-1000,1.017,8.38,True,False,Free,Free,,0
U104513,2025-09-29,Social,Founder,Mobile,North America,1-10,1.018,27.99,True,False,Free,Free,,0
U107343,2025-09-29,Organic Search,Ops Manager,Desktop,North America,1-10,1.331,6.98,False,False,Free,Free,,0
U106419,2025-09-29,Paid Search,Founder,Desktop,North America,11-50,0.673,24.16,True,False,Free,Free,,0
U104348,2025-09-29,Organic Search,Ops Manager,Desktop,North America,11-50,1.455,18.89,False,False,Free,Free,,0
U106386,2025-09-29,Content,Founder,Mobile,LATAM,51-200,1.186,6.55,False,False,Free,Free,,0
U107418,2025-09-29,Content,Sales Team,Desktop,North America,11-50,0.408,64.82,False,False,Free,Free,,0
U106024,2025-09-29,Organic Search,Marketing Team,Mobile,Europe,1-10,0.901,7.91,False,False,Free,Free,,0
U103676,2025-09-29,Social,Founder,Desktop,Europe,1-10,0.786,28.2,False,False,Free,Free,,0
U105929,2025-09-29,Organic Search,Founder,Mobile,Europe,11-50,1.289,13.32,True,False,Free,Free,,0
U101339,2025-09-29,Referral,Sales Team,Mobile,APAC,11-50,1.613,15.84,True,True,Trial,Free,,0
U100858,2025-09-29,Organic Search,Sales Team,Desktop,North America,11-50,1.249,12.82,True,True,Paid,Growth,2025-10-07,59
U104904,2025-09-29,Referral,Founder,Desktop,North America,1-10,1.362,31.54,False,False,Free,Free,,0
U104443,2025-09-29,Content,Student / Hobby,Desktop,Europe,201-1000,0.726,49.44,False,False,Free,Free,,0
U104907,2025-09-30,Referral,Ops Manager,Mobile,MEA,51-200,1.631,7.32,False,False,Free,Free,,0
U105556,2025-09-30,Paid Search,Marketing Team,Desktop,APAC,1-10,0.878,34.19,True,True,Trial,Free,,0
U103249,2025-09-30,Content,Ops Manager,Desktop,Europe,201-1000,1.562,19.97,True,True,Paid,Growth,2025-10-02,59
U105787,2025-09-30,Organic Search,Founder,Desktop,North America,201-1000,1.242,31.1,False,False,Free,Free,,0
U104841,2025-09-30,Social,Student / Hobby,Mobile,APAC,1-10,0.544,12.78,False,False,Free,Free,,0
U107247,2025-09-30,Paid Search,Sales Team,Mobile,Europe,11-50,0.874,19.42,False,False,Free,Free,,0
U105023,2025-09-30,Referral,Marketing Team,Desktop,North America,51-200,1.171,47.8,True,True,Trial,Free,,0
U101326,2025-09-30,Referral,Ops Manager,Desktop,APAC,1-10,1.502,36.44,False,False,Free,Free,,0
U102165,2025-09-30,Content,Ops Manager,Tablet,North America,1-10,1.411,5.69,True,True,Paid,Growth,2025-10-03,59
U105570,2025-09-30,Organic Search,Sales Team,Desktop,North America,51-200,0.679,53.48,False,False,Free,Free,,0
U103659,2025-09-30,Referral,Sales Team,Desktop,Europe,1-10,0.978,2.91,True,True,Trial,Free,,0
U101152,2025-09-30,Social,Founder,Desktop,APAC,51-200,0.969,18.34,True,False,Free,Free,,0
U104924,2025-09-30,Referral,Sales Team,Desktop,Europe,201-1000,1.455,7.51,True,False,Free,Free,,0
U103428,2025-09-30,Organic Search,Founder,Desktop,North America,11-50,0.931,18.64,False,False,Free,Free,,0
U100406,2025-09-30,Paid Search,Founder,Mobile,North America,11-50,0.973,17.28,False,False,Free,Free,,0
U107303,2025-09-30,Organic Search,Ops Manager,Desktop,APAC,11-50,1.435,14.89,False,False,Free,Free,,0
U103445,2025-09-30,Paid Search,Ops Manager,Desktop,APAC,1-10,0.78,10.04,True,True,Trial,Free,,0
U106371,2025-10-01,Paid Search,Founder,Tablet,North America,51-200,0.537,29.95,True,True,Trial,Free,,0
U100817,2025-10-01,Paid Search,Marketing Team,Mobile,North America,51-200,0.912,14.2,False,False,Free,Free,,0
U105487,2025-10-01,Partnership,Ops Manager,Desktop,APAC,11-50,1.112,8.22,True,False,Free,Free,,0
U107441,2025-10-01,Organic Search,Marketing Team,Mobile,North America,201-1000,0.776,20.46,False,False,Free,Free,,0
U108409,2025-10-01,Organic Search,Ops Manager,Desktop,Europe,51-200,1.192,20.26,True,True,Paid,Starter,2025-10-05,19
U106633,2025-10-01,Referral,Ops Manager,Desktop,Europe,11-50,2.009,6.16,True,True,Trial,Free,,0
U105195,2025-10-01,Content,Founder,Desktop,Europe,51-200,1.359,25.45,True,False,Free,Free,,0
U103908,2025-10-01,Organic Search,Ops Manager,Mobile,North America,11-50,1.527,23.61,False,False,Free,Free,,0
U106343,2025-10-01,Organic Search,Marketing Team,Desktop,APAC,1-10,0.952,38.59,False,False,Free,Free,,0
U100896,2025-10-01,Paid Search,Sales Team,Tablet,North America,11-50,0.535,26.6,False,False,Free,Free,,0
U102755,2025-10-02,Paid Search,Founder,Desktop,North America,11-50,1.143,9.26,False,False,Free,Free,,0
U104657,2025-10-02,Organic Search,Founder,Desktop,Europe,1-10,1.052,24.97,False,False,Free,Free,,0
U105906,2025-10-02,Referral,Ops Manager,Desktop,North America,1-10,1.547,4.59,True,True,Trial,Free,,0
U101774,2025-10-02,Paid Search,Sales Team,Tablet,North America,51-200,0.646,20.88,False,False,Free,Free,,0
U105726,2025-10-02,Paid Search,Founder,Desktop,Europe,51-200,0.769,17.6,True,True,Trial,Free,,0
U108060,2025-10-02,Content,Ops Manager,Mobile,North America,11-50,1.476,8.81,False,False,Free,Free,,0
U103946,2025-10-02,Paid Search,Sales Team,Tablet,Europe,51-200,0.739,29.52,False,False,Free,Free,,0
U108352,2025-10-02,Content,Founder,Desktop,Europe,201-1000,1.297,14.87,False,False,Free,Free,,0
U102934,2025-10-02,Paid Search,Ops Manager,Mobile,MEA,1-10,1.365,18.63,False,False,Free,Free,,0
U102646,2025-10-02,Paid Search,Sales Team,Desktop,North America,1-10,0.845,28.88,False,False,Free,Free,,0
U108433,2025-10-02,Paid Search,Sales Team,Desktop,North America,11-50,0.993,8.73,True,False,Free,Free,,0
U105651,2025-10-03,Content,Student / Hobby,Mobile,North America,1-10,0.69,18.54,False,False,Free,Free,,0
U106662,2025-10-03,Organic Search,Sales Team,Mobile,APAC,1-10,0.707,6.14,False,False,Free,Free,,0
U103064,2025-10-03,Referral,Marketing Team,Tablet,North America,51-200,1.196,19.22,True,False,Free,Free,,0
U107566,2025-10-03,Social,Ops Manager,Desktop,North America,11-50,0.648,2.39,False,False,Free,Free,,0
U105485,2025-10-03,Paid Search,Ops Manager,Desktop,Europe,1-10,0.479,35.78,False,False,Free,Free,,0
U103598,2025-10-03,Referral,Founder,Mobile,North America,51-200,1.567,13.33,False,False,Free,Free,,0
U102495,2025-10-03,Paid Search,Founder,Desktop,North America,201-1000,0.811,21.44,False,False,Free,Free,,0
U103701,2025-10-03,Organic Search,Student / Hobby,Desktop,Europe,11-50,0.303,54.46,False,False,Free,Free,,0
U100452,2025-10-03,Paid Search,Marketing Team,Desktop,Europe,51-200,0.523,62.24,False,False,Free,Free,,0
U107198,2025-10-03,Paid Search,Founder,Desktop,North America,201-1000,0.744,5.09,True,False,Free,Free,,0
U103338,2025-10-03,Paid Search,Ops Manager,Mobile,North America,1-10,0.839,31.67,False,False,Free,Free,,0
U101523,2025-10-03,Content,Marketing Team,Desktop,APAC,1-10,0.822,23.02,False,False,Free,Free,,0
U104590,2025-10-03,Social,Founder,Mobile,North America,1-10,1.004,12.33,False,False,Free,Free,,0
U107261,2025-10-03,Paid Search,Ops Manager,Desktop,Europe,1-10,0.974,8.13,False,False,Free,Free,,0
U101714,2025-10-03,Paid Search,Founder,Desktop,APAC,1-10,1.009,1.95,False,False,Free,Free,,0
U102006,2025-10-04,Content,Sales Team,Desktop,North America,1-10,0.675,21.99,False,False,Free,Free,,0
U105039,2025-10-04,Social,Ops Manager,Desktop,APAC,1-10,1.131,14.51,False,False,Free,Free,,0
U104198,2025-10-04,Paid Search,Ops Manager,Desktop,LATAM,51-200,0.851,27.26,False,False,Free,Free,,0
U106805,2025-10-04,Referral,Sales Team,Mobile,North America,11-50,1.115,10.44,True,True,Paid,Growth,2025-10-12,59
U101120,2025-10-04,Organic Search,Founder,Desktop,North America,1-10,1.068,17.01,False,False,Free,Free,,0
U103627,2025-10-04,Organic Search,Ops Manager,Mobile,APAC,1-10,1.473,22.57,False,False,Free,Free,,0
U105365,2025-10-04,Referral,Ops Manager,Mobile,Europe,11-50,1.507,34.83,True,False,Free,Free,,0
U106261,2025-10-04,Organic Search,Ops Manager,Mobile,Europe,11-50,1.163,18.6,False,False,Free,Free,,0
U107917,2025-10-04,Content,Founder,Desktop,North America,11-50,1.25,13.25,False,False,Free,Free,,0
U106758,2025-10-04,Referral,Ops Manager,Desktop,APAC,1-10,1.455,17.58,False,False,Free,Free,,0
U107551,2025-10-04,Social,Sales Team,Desktop,Europe,1-10,0.75,68.59,False,False,Free,Free,,0
U103543,2025-10-05,Referral,Student / Hobby,Desktop,APAC,1-10,0.584,42.27,False,False,Free,Free,,0
U107332,2025-10-05,Paid Search,Founder,Mobile,North America,1-10,0.868,10.6,False,False,Free,Free,,0
U102611,2025-10-05,Organic Search,Student / Hobby,Tablet,APAC,11-50,0.295,108.72,False,False,Free,Free,,0
U106060,2025-10-05,Paid Search,Sales Team,Desktop,North America,11-50,0.836,20.6,False,False,Free,Free,,0
U103051,2025-10-05,Organic Search,Sales Team,Desktop,North America,51-200,0.717,41.05,True,False,Free,Free,,0
U106688,2025-10-05,Referral,Student / Hobby,Mobile,North America,11-50,0.353,53.77,False,False,Free,Free,,0
U105264,2025-10-05,Paid Search,Student / Hobby,Desktop,North America,1-10,0.353,50.75,False,False,Free,Free,,0
U105732,2025-10-05,Referral,Ops Manager,Mobile,North America,1-10,1.615,8.69,True,False,Free,Free,,0
U100502,2025-10-05,Organic Search,Ops Manager,Desktop,North America,11-50,1.164,25.47,True,False,Free,Free,,0
U102364,2025-10-05,Referral,Marketing Team,Desktop,Europe,51-200,1.122,35.91,False,False,Free,Free,,0
U106916,2025-10-05,Paid Search,Ops Manager,Desktop,APAC,11-50,1.167,44.88,False,False,Free,Free,,0
U108154,2025-10-05,Organic Search,Ops Manager,Tablet,Europe,1-10,1.542,11.48,True,False,Free,Free,,0
U107039,2025-10-05,Social,Ops Manager,Desktop,North America,1-10,1.211,3.54,True,False,Free,Free,,0
U107953,2025-10-05,Content,Ops Manager,Mobile,MEA,51-200,1.26,27.18,False,False,Free,Free,,0
U101737,2025-10-05,Social,Sales Team,Desktop,North America,1-10,1.13,13.24,True,False,Free,Free,,0
U104862,2025-10-05,Referral,Founder,Desktop,LATAM,1-10,1.585,14.63,True,True,Trial,Free,,0
U107633,2025-10-05,Paid Search,Sales Team,Mobile,Europe,11-50,0.8,45.43,False,False,Free,Free,,0
U100662,2025-10-05,Organic Search,Ops Manager,Mobile,APAC,51-200,1.03,11.63,False,False,Free,Free,,0
U100956,2025-10-06,Organic Search,Founder,Desktop,Europe,11-50,1.476,12.46,True,True,Paid,Starter,2025-10-13,19
U102633,2025-10-06,Referral,Sales Team,Tablet,North America,11-50,1.259,5.78,True,True,Trial,Free,,0
U107596,2025-10-06,Referral,Ops Manager,Desktop,Europe,51-200,1.966,7.65,True,True,Trial,Free,,0
U101249,2025-10-06,Partnership,Ops Manager,Desktop,North America,1-10,1.709,10.74,True,True,Trial,Free,,0
U104262,2025-10-06,Referral,Sales Team,Desktop,LATAM,1-10,0.886,27.84,True,True,Trial,Free,,0
U104123,2025-10-06,Referral,Student / Hobby,Desktop,APAC,11-50,0.744,17.72,True,False,Free,Free,,0
U108494,2025-10-06,Social,Ops Manager,Desktop,North America,51-200,1.261,13.0,True,True,Trial,Free,,0
U101753,2025-10-06,Referral,Ops Manager,Mobile,North America,1-10,1.413,10.74,True,True,Trial,Free,,0
U100876,2025-10-06,Social,Ops Manager,Desktop,North America,201-1000,0.63,32.53,False,False,Free,Free,,0
U106682,2025-10-06,Paid Search,Marketing Team,Desktop,MEA,11-50,0.348,92.86,False,False,Free,Free,,0
U102773,2025-10-06,Referral,Marketing Team,Desktop,North America,11-50,1.215,2.25,False,False,Free,Free,,0
U102287,2025-10-06,Social,Founder,Desktop,APAC,11-50,0.9,4.37,False,False,Free,Free,,0
U103541,2025-10-07,Paid Search,Marketing Team,Tablet,APAC,1-10,0.512,58.93,False,False,Free,Free,,0
U105846,2025-10-07,Organic Search,Ops Manager,Mobile,North America,11-50,0.906,21.28,False,False,Free,Free,,0
U106486,2025-10-07,Content,Student / Hobby,Desktop,Europe,1-10,0.43,49.34,True,False,Free,Free,,0
U104899,2025-10-07,Partnership,Sales Team,Desktop,North America,1-10,1.22,46.82,True,False,Free,Free,,0
U103012,2025-10-07,Paid Search,Sales Team,Desktop,LATAM,51-200,0.453,70.12,False,False,Free,Free,,0
U100846,2025-10-07,Organic Search,Student / Hobby,Desktop,North America,11-50,0.328,47.97,False,False,Free,Free,,0
U105724,2025-10-07,Organic Search,Founder,Mobile,LATAM,1-10,1.3,7.37,False,False,Free,Free,,0
U101563,2025-10-07,Organic Search,Ops Manager,Tablet,APAC,51-200,1.204,13.35,False,False,Free,Free,,0
U100803,2025-10-08,Social,Sales Team,Mobile,North America,51-200,0.843,9.0,True,False,Free,Free,,0
U106950,2025-10-08,Content,Ops Manager,Desktop,Europe,51-200,1.618,14.07,True,True,Paid,Growth,2025-10-14,59
U100181,2025-10-08,Social,Founder,Desktop,North America,1000+,0.823,11.31,False,False,Free,Free,,0
U101226,2025-10-08,Paid Search,Sales Team,Desktop,North America,1-10,0.642,89.4,False,False,Free,Free,,0
U103614,2025-10-08,Paid Search,Sales Team,Mobile,North America,1-10,0.376,87.18,False,False,Free,Free,,0
U106290,2025-10-08,Organic Search,Student / Hobby,Desktop,Europe,1-10,0.48,22.34,False,False,Free,Free,,0
U101581,2025-10-08,Paid Search,Marketing Team,Tablet,North America,1-10,0.908,26.93,False,False,Free,Free,,0
U103663,2025-10-08,Referral,Ops Manager,Tablet,APAC,11-50,1.439,29.85,True,True,Paid,Starter,2025-10-08,19
U107005,2025-10-08,Paid Search,Marketing Team,Desktop,Europe,1-10,0.633,24.07,False,False,Free,Free,,0
U102707,2025-10-09,Social,Sales Team,Desktop,North America,1-10,0.658,38.15,False,False,Free,Free,,0
U106678,2025-10-09,Organic Search,Founder,Desktop,APAC,1-10,1.087,36.96,False,False,Free,Free,,0
U106165,2025-10-09,Social,Founder,Mobile,APAC,51-200,1.147,35.61,False,False,Free,Free,,0
U108458,2025-10-09,Organic Search,Founder,Mobile,North America,11-50,1.292,9.92,True,False,Free,Free,,0
U104355,2025-10-09,Paid Search,Founder,Desktop,North America,1-10,1.395,31.54,False,False,Free,Free,,0
U100179,2025-10-09,Organic Search,Sales Team,Desktop,APAC,1-10,1.318,15.91,False,False,Free,Free,,0
U106693,2025-10-09,Social,Ops Manager,Desktop,North America,51-200,0.678,59.24,False,False,Free,Free,,0
U102404,2025-10-09,Referral,Sales Team,Desktop,Europe,1-10,1.368,5.73,True,False,Free,Free,,0
U106541,2025-10-09,Paid Search,Ops Manager,Desktop,Europe,51-200,0.9,22.5,False,False,Free,Free,,0
U105668,2025-10-09,Partnership,Ops Manager,Desktop,Europe,11-50,1.474,19.39,False,False,Free,Free,,0
U105690,2025-10-09,Organic Search,Founder,Mobile,MEA,1-10,1.166,6.37,True,True,Trial,Free,,0
U101021,2025-10-09,Referral,Student / Hobby,Mobile,APAC,11-50,0.402,40.46,False,False,Free,Free,,0
U107560,2025-10-10,Content,Student / Hobby,Tablet,Europe,1-10,0.713,41.48,False,False,Free,Free,,0
U100182,2025-10-10,Referral,Ops Manager,Desktop,North America,1-10,1.25,51.49,True,True,Paid,Starter,2025-10-15,19
U108176,2025-10-10,Organic Search,Ops Manager,Desktop,North America,11-50,1.331,28.44,True,True,Trial,Free,,0
U102730,2025-10-10,Referral,Student / Hobby,Desktop,APAC,51-200,0.694,1.41,False,False,Free,Free,,0
U100024,2025-10-10,Organic Search,Founder,Desktop,North America,51-200,1.147,16.23,False,False,Free,Free,,0
U102592,2025-10-10,Organic Search,Marketing Team,Desktop,Europe,11-50,0.818,9.65,True,True,Paid,Scale,2025-10-16,149
U101150,2025-10-10,Organic Search,Marketing Team,Mobile,North America,1-10,1.2,13.21,False,False,Free,Free,,0
U102167,2025-10-10,Content,Sales Team,Mobile,Europe,201-1000,1.281,12.94,False,False,Free,Free,,0
U101910,2025-10-10,Organic Search,Student / Hobby,Desktop,North America,11-50,0.602,60.76,True,True,Trial,Free,,0
U103371,2025-10-10,Referral,Ops Manager,Desktop,LATAM,1-10,1.604,16.91,False,False,Free,Free,,0
U106022,2025-10-10,Paid Search,Ops Manager,Desktop,North America,201-1000,1.478,8.1,True,True,Paid,Growth,2025-10-18,59
U108235,2025-10-10,Paid Search,Ops Manager,Mobile,North America,1-10,1.223,20.79,True,True,Paid,Starter,2025-10-12,19
U101515,2025-10-11,Partnership,Ops Manager,Desktop,APAC,51-200,1.345,14.45,True,False,Free,Free,,0
U102667,2025-10-11,Organic Search,Founder,Desktop,Europe,1-10,1.125,30.97,False,False,Free,Free,,0
U105149,2025-10-11,Organic Search,Sales Team,Desktop,Europe,201-1000,1.448,12.14,True,False,Free,Free,,0
U102203,2025-10-11,Paid Search,Student / Hobby,Mobile,Europe,1-10,0.25,71.44,False,False,Free,Free,,0
U108311,2025-10-11,Content,Founder,Mobile,North America,51-200,1.373,8.18,True,False,Free,Free,,0
U105189,2025-10-11,Paid Search,Founder,Desktop,Europe,11-50,0.851,18.57,True,False,Free,Free,,0
U101223,2025-10-11,Referral,Sales Team,Mobile,LATAM,1-10,1.09,21.46,False,False,Free,Free,,0
U100652,2025-10-12,Referral,Sales Team,Mobile,North America,1-10,1.173,9.7,True,True,Paid,Starter,2025-10-18,19
U105734,2025-10-12,Content,Founder,Tablet,North America,1-10,1.279,41.61,True,True,Paid,Starter,2025-10-15,19
U102141,2025-10-12,Referral,Sales Team,Desktop,APAC,201-1000,1.164,10.69,False,False,Free,Free,,0
U101489,2025-10-12,Partnership,Sales Team,Desktop,Europe,1-10,0.982,6.01,False,False,Free,Free,,0
U104285,2025-10-12,Social,Ops Manager,Desktop,North America,201-1000,0.906,27.66,True,True,Trial,Free,,0
U107116,2025-10-12,Content,Ops Manager,Desktop,North America,11-50,1.504,6.8,False,False,Free,Free,,0
U108359,2025-10-12,Organic Search,Marketing Team,Desktop,Europe,51-200,1.059,58.19,False,False,Free,Free,,0
U106840,2025-10-12,Organic Search,Founder,Mobile,Europe,51-200,1.127,17.61,True,False,Free,Free,,0
U107610,2025-10-12,Organic Search,Founder,Desktop,North America,51-200,1.22,27.82,False,False,Free,Free,,0
U100939,2025-10-12,Organic Search,Ops Manager,Desktop,North America,51-200,0.825,12.76,True,False,Free,Free,,0
U107982,2025-10-12,Organic Search,Marketing Team,Desktop,North America,11-50,0.264,98.0,True,False,Free,Free,,0
U104379,2025-10-12,Partnership,Ops Manager,Desktop,North America,1-10,1.418,7.77,False,False,Free,Free,,0
U105147,2025-10-12,Paid Search,Ops Manager,Desktop,APAC,1-10,0.988,20.1,False,False,Free,Free,,0
U105037,2025-10-12,Social,Ops Manager,Desktop,LATAM,51-200,0.92,8.75,True,True,Trial,Free,,0
U100152,2025-10-12,Content,Marketing Team,Desktop,North America,1-10,0.982,27.96,True,False,Free,Free,,0
U100692,2025-10-13,Paid Search,Ops Manager,Desktop,North America,1-10,1.29,13.46,False,False,Free,Free,,0
U100414,2025-10-13,Organic Search,Ops Manager,Desktop,North America,1-10,1.554,7.15,False,False,Free,Free,,0
U102310,2025-10-13,Paid Search,Marketing Team,Mobile,North America,201-1000,0.829,22.36,False,False,Free,Free,,0
U105603,2025-10-13,Organic Search,Sales Team,Mobile,North America,1-10,1.001,10.43,True,False,Free,Free,,0
U100816,2025-10-13,Referral,Sales Team,Mobile,Europe,1-10,0.882,1.58,True,False,Free,Free,,0
U108002,2025-10-13,Content,Founder,Mobile,North America,1-10,1.365,25.04,False,False,Free,Free,,0
U105744,2025-10-13,Referral,Founder,Desktop,Europe,11-50,1.669,1.37,False,False,Free,Free,,0
U107605,2025-10-13,Referral,Marketing Team,Mobile,APAC,201-1000,1.149,15.51,True,True,Paid,Starter,2025-10-19,19
U107363,2025-10-13,Referral,Founder,Mobile,LATAM,1000+,1.457,14.4,True,False,Free,Free,,0
U104180,2025-10-14,Paid Search,Ops Manager,Tablet,Europe,1000+,1.042,1.88,False,False,Free,Free,,0
U107396,2025-10-14,Referral,Founder,Mobile,North America,11-50,1.369,12.58,False,False,Free,Free,,0
U103241,2025-10-14,Paid Search,Ops Manager,Desktop,LATAM,1-10,1.089,16.13,True,False,Free,Free,,0
U107495,2025-10-14,Organic Search,Student / Hobby,Desktop,Europe,11-50,0.526,75.07,False,False,Free,Free,,0
U107976,2025-10-14,Paid Search,Ops Manager,Desktop,North America,11-50,0.884,28.62,False,False,Free,Free,,0
U106570,2025-10-14,Referral,Ops Manager,Desktop,North America,51-200,1.556,13.49,False,False,Free,Free,,0
U101419,2025-10-14,Paid Search,Student / Hobby,Tablet,North America,1-10,0.25,106.38,False,False,Free,Free,,0
U100370,2025-10-14,Organic Search,Founder,Desktop,APAC,51-200,1.263,6.05,False,False,Free,Free,,0
U102225,2025-10-14,Paid Search,Marketing Team,Mobile,North America,1-10,0.565,17.62,False,False,Free,Free,,0
U105364,2025-10-15,Paid Search,Marketing Team,Mobile,North America,1-10,0.965,6.91,False,False,Free,Free,,0
U102425,2025-10-15,Organic Search,Founder,Mobile,North America,51-200,1.269,14.35,True,True,Trial,Free,,0
U105698,2025-10-15,Organic Search,Sales Team,Mobile,Europe,1-10,0.867,27.3,True,False,Free,Free,,0
U107030,2025-10-15,Social,Marketing Team,Desktop,North America,51-200,0.407,40.21,True,False,Free,Free,,0
U102095,2025-10-15,Social,Student / Hobby,Tablet,North America,201-1000,0.426,41.82,True,False,Free,Free,,0
U107915,2025-10-15,Paid Search,Ops Manager,Mobile,Europe,51-200,0.858,31.65,False,False,Free,Free,,0
U104624,2025-10-15,Organic Search,Ops Manager,Desktop,North America,1000+,1.243,22.34,True,False,Free,Free,,0
U107340,2025-10-16,Content,Founder,Desktop,APAC,201-1000,1.356,7.67,False,False,Free,Free,,0
U104432,2025-10-16,Organic Search,Founder,Desktop,Europe,201-1000,0.895,9.25,True,False,Free,Free,,0
U103132,2025-10-16,Paid Search,Student / Hobby,Desktop,APAC,1-10,0.715,64.16,False,False,Free,Free,,0
U107336,2025-10-16,Referral,Ops Manager,Desktop,APAC,1-10,1.511,13.77,False,False,Free,Free,,0
U107628,2025-10-16,Content,Marketing Team,Desktop,North America,51-200,1.072,32.41,False,False,Free,Free,,0
U107002,2025-10-16,Partnership,Founder,Tablet,North America,1-10,1.477,17.12,False,False,Free,Free,,0
U108362,2025-10-16,Referral,Founder,Mobile,Europe,1-10,1.471,20.56,True,False,Free,Free,,0
U102620,2025-10-16,Paid Search,Ops Manager,Desktop,North America,11-50,0.798,22.8,True,False,Free,Free,,0
U104714,2025-10-16,Organic Search,Sales Team,Desktop,LATAM,201-1000,0.704,17.71,False,False,Free,Free,,0
U100913,2025-10-16,Organic Search,Ops Manager,Desktop,LATAM,1-10,1.471,1.82,False,False,Free,Free,,0
U103458,2025-10-17,Referral,Sales Team,Desktop,Europe,1-10,1.378,22.96,False,False,Free,Free,,0
U108132,2025-10-17,Organic Search,Founder,Desktop,LATAM,1-10,1.133,31.59,False,False,Free,Free,,0
U100714,2025-10-17,Organic Search,Marketing Team,Desktop,Europe,11-50,1.141,9.77,False,False,Free,Free,,0
U100603,2025-10-17,Referral,Sales Team,Mobile,APAC,51-200,1.087,35.4,False,False,Free,Free,,0
U101759,2025-10-17,Paid Search,Ops Manager,Desktop,APAC,201-1000,1.284,15.85,False,False,Free,Free,,0
U101389,2025-10-17,Paid Search,Founder,Desktop,North America,1-10,0.459,10.48,False,False,Free,Free,,0
U107979,2025-10-17,Organic Search,Sales Team,Desktop,APAC,11-50,1.287,16.8,False,False,Free,Free,,0
U107577,2025-10-17,Organic Search,Founder,Mobile,North America,11-50,0.961,5.48,False,False,Free,Free,,0
U104024,2025-10-17,Social,Sales Team,Desktop,APAC,11-50,1.206,11.12,False,False,Free,Free,,0
U100296,2025-10-17,Organic Search,Marketing Team,Mobile,LATAM,1-10,0.967,15.39,False,False,Free,Free,,0
U107753,2025-10-17,Paid Search,Founder,Desktop,APAC,201-1000,0.961,12.69,False,False,Free,Free,,0
U100110,2025-10-17,Referral,Founder,Desktop,North America,1-10,1.776,5.0,False,False,Free,Free,,0
U102528,2025-10-17,Referral,Ops Manager,Desktop,APAC,11-50,1.724,25.07,False,False,Free,Free,,0
U108351,2025-10-18,Social,Sales Team,Desktop,Europe,11-50,0.702,44.54,False,False,Free,Free,,0
U100866,2025-10-18,Organic Search,Founder,Desktop,Europe,1-10,1.351,16.28,True,True,Trial,Free,,0
U108195,2025-10-18,Partnership,Founder,Desktop,North America,1-10,1.557,2.26,False,False,Free,Free,,0
U105355,2025-10-18,Organic Search,Sales Team,Desktop,North America,1-10,1.313,11.97,False,False,Free,Free,,0
U105707,2025-10-18,Paid Search,Sales Team,Mobile,North America,11-50,0.792,19.85,False,False,Free,Free,,0
U105676,2025-10-18,Organic Search,Sales Team,Desktop,Europe,51-200,0.945,15.95,True,False,Free,Free,,0
U103563,2025-10-18,Partnership,Ops Manager,Desktop,Europe,11-50,1.782,10.17,False,False,Free,Free,,0
U107950,2025-10-18,Social,Marketing Team,Mobile,APAC,11-50,0.898,43.94,False,False,Free,Free,,0
U101913,2025-10-18,Social,Ops Manager,Mobile,North America,1-10,1.057,10.21,False,False,Free,Free,,0
U107464,2025-10-19,Content,Marketing Team,Desktop,North America,201-1000,0.769,9.36,False,False,Free,Free,,0
U106862,2025-10-19,Organic Search,Ops Manager,Desktop,Europe,11-50,1.06,39.84,True,True,Trial,Free,,0
U101852,2025-10-19,Paid Search,Ops Manager,Desktop,Europe,51-200,1.143,11.83,False,False,Free,Free,,0
U107569,2025-10-19,Organic Search,Ops Manager,Desktop,North America,1-10,0.972,7.8,False,False,Free,Free,,0
U104471,2025-10-19,Referral,Student / Hobby,Mobile,North America,1-10,0.565,28.81,False,False,Free,Free,,0
U101955,2025-10-19,Referral,Student / Hobby,Desktop,North America,51-200,0.942,32.8,False,False,Free,Free,,0
U105729,2025-10-19,Referral,Founder,Tablet,North America,1-10,1.528,19.66,False,False,Free,Free,,0
U106937,2025-10-19,Paid Search,Sales Team,Tablet,North America,201-1000,0.761,19.9,False,False,Free,Free,,0
U101875,2025-10-19,Organic Search,Ops Manager,Tablet,North America,1-10,1.058,17.6,False,False,Free,Free,,0
U107592,2025-10-19,Organic Search,Founder,Mobile,North America,11-50,1.186,11.32,False,False,Free,Free,,0
U106342,2025-10-19,Organic Search,Founder,Tablet,North America,1-10,1.137,5.94,False,False,Free,Free,,0
U104100,2025-10-19,Referral,Sales Team,Desktop,Europe,51-200,1.451,17.27,False,False,Free,Free,,0
U104030,2025-10-19,Organic Search,Ops Manager,Desktop,APAC,201-1000,1.549,19.24,True,False,Free,Free,,0
U103732,2025-10-20,Social,Founder,Desktop,APAC,11-50,1.364,17.45,True,True,Paid,Starter,2025-10-24,19
U103404,2025-10-20,Social,Founder,Desktop,North America,1-10,1.163,8.04,False,False,Free,Free,,0
U106993,2025-10-20,Organic Search,Marketing Team,Desktop,North America,11-50,0.741,52.64,False,False,Free,Free,,0
U100554,2025-10-20,Content,Ops Manager,Desktop,MEA,51-200,1.338,10.96,False,False,Free,Free,,0
U105798,2025-10-20,Organic Search,Sales Team,Desktop,Europe,11-50,0.971,12.17,False,False,Free,Free,,0
U101649,2025-10-20,Organic Search,Marketing Team,Desktop,APAC,1-10,0.991,12.04,False,False,Free,Free,,0
U104105,2025-10-20,Organic Search,Marketing Team,Desktop,MEA,11-50,0.815,4.71,False,False,Free,Free,,0
U103076,2025-10-20,Partnership,Marketing Team,Desktop,LATAM,1-10,1.106,1.79,True,True,Trial,Free,,0
U104157,2025-10-20,Social,Founder,Mobile,North America,11-50,1.23,14.21,True,False,Free,Free,,0
U101034,2025-10-20,Paid Search,Ops Manager,Mobile,North America,1-10,0.958,10.68,False,False,Free,Free,,0
U103478,2025-10-21,Referral,Ops Manager,Desktop,Europe,1-10,2.072,10.86,True,True,Trial,Free,,0
U103662,2025-10-21,Organic Search,Student / Hobby,Mobile,Europe,11-50,0.695,46.97,False,False,Free,Free,,0
U108053,2025-10-21,Content,Sales Team,Desktop,North America,1-10,1.31,9.72,True,True,Paid,Scale,2025-10-25,149
U106293,2025-10-21,Social,Founder,Mobile,Europe,1-10,0.583,18.6,False,False,Free,Free,,0
U106231,2025-10-21,Paid Search,Sales Team,Desktop,North America,1-10,0.534,6.9,False,False,Free,Free,,0
U107258,2025-10-21,Social,Marketing Team,Desktop,APAC,11-50,0.309,128.37,False,False,Free,Free,,0
U104130,2025-10-21,Content,Ops Manager,Desktop,Europe,1-10,1.375,10.55,False,False,Free,Free,,0
U107756,2025-10-21,Content,Ops Manager,Desktop,North America,11-50,1.548,1.39,True,True,Trial,Free,,0
U105994,2025-10-21,Referral,Sales Team,Tablet,Europe,1-10,0.926,5.83,False,False,Free,Free,,0
U100101,2025-10-21,Organic Search,Sales Team,Desktop,APAC,201-1000,1.048,5.34,False,False,Free,Free,,0
U107299,2025-10-21,Paid Search,Founder,Desktop,APAC,11-50,0.839,18.71,True,False,Free,Free,,0
U104830,2025-10-21,Paid Search,Founder,Desktop,North America,11-50,1.327,9.77,False,False,Free,Free,,0
U107480,2025-10-21,Paid Search,Founder,Tablet,Europe,11-50,0.608,81.92,True,False,Free,Free,,0
U101564,2025-10-21,Organic Search,Marketing Team,Desktop,Europe,51-200,1.092,13.15,False,False,Free,Free,,0
U104735,2025-10-22,Paid Search,Founder,Mobile,Europe,1-10,0.646,18.88,False,False,Free,Free,,0
U100577,2025-10-22,Organic Search,Marketing Team,Desktop,North America,51-200,0.772,14.9,False,False,Free,Free,,0
U104069,2025-10-22,Organic Search,Sales Team,Mobile,Europe,1-10,0.737,49.12,True,False,Free,Free,,0
U106960,2025-10-22,Paid Search,Sales Team,Desktop,Europe,1-10,0.852,53.93,True,False,Free,Free,,0
U103930,2025-10-22,Referral,Founder,Desktop,North America,51-200,1.61,17.38,False,False,Free,Free,,0
U104287,2025-10-22,Social,Marketing Team,Tablet,North America,51-200,0.438,3.35,True,False,Free,Free,,0
U106763,2025-10-22,Paid Search,Marketing Team,Desktop,North America,1-10,1.137,26.0,True,True,Trial,Free,,0
U101057,2025-10-22,Organic Search,Student / Hobby,Desktop,APAC,51-200,0.491,64.26,False,False,Free,Free,,0
U106754,2025-10-22,Organic Search,Founder,Desktop,Europe,11-50,0.871,3.73,True,True,Trial,Free,,0
U106626,2025-10-22,Social,Ops Manager,Desktop,Europe,11-50,1.392,5.7,True,False,Free,Free,,0
U101795,2025-10-22,Paid Search,Ops Manager,Desktop,APAC,1-10,0.974,17.16,False,False,Free,Free,,0
U100695,2025-10-22,Organic Search,Marketing Team,Mobile,North America,51-200,1.033,31.63,False,False,Free,Free,,0
U102257,2025-10-22,Paid Search,Student / Hobby,Desktop,APAC,11-50,0.25,128.7,False,False,Free,Free,,0
U107892,2025-10-23,Partnership,Sales Team,Desktop,North America,51-200,1.409,11.03,False,False,Free,Free,,0
U106442,2025-10-23,Social,Ops Manager,Desktop,Europe,51-200,0.44,46.34,False,False,Free,Free,,0
U100420,2025-10-23,Organic Search,Ops Manager,Mobile,North America,1-10,1.299,4.14,True,False,Free,Free,,0
U107679,2025-10-23,Social,Founder,Desktop,North America,1-10,0.25,83.42,False,False,Free,Free,,0
U107744,2025-10-23,Organic Search,Founder,Mobile,North America,11-50,1.15,5.25,False,False,Free,Free,,0
U105604,2025-10-23,Paid Search,Sales Team,Desktop,North America,1-10,0.595,55.8,False,False,Free,Free,,0
U104981,2025-10-23,Paid Search,Student / Hobby,Desktop,North America,51-200,0.441,40.31,False,False,Free,Free,,0
U105762,2025-10-23,Referral,Sales Team,Desktop,North America,1-10,1.444,26.89,True,True,Paid,Starter,2025-10-27,19
U105214,2025-10-23,Referral,Marketing Team,Mobile,North America,1-10,1.291,12.19,False,False,Free,Free,,0
U106037,2025-10-24,Paid Search,Marketing Team,Desktop,North America,11-50,0.611,12.65,False,False,Free,Free,,0
U101447,2025-10-24,Social,Founder,Desktop,APAC,1-10,0.799,50.69,True,False,Free,Free,,0
U107269,2025-10-24,Paid Search,Ops Manager,Desktop,North America,1-10,0.887,12.96,False,False,Free,Free,,0
U101082,2025-10-24,Social,Founder,Mobile,APAC,11-50,0.83,41.62,False,False,Free,Free,,0
U104444,2025-10-24,Organic Search,Sales Team,Desktop,Europe,11-50,1.132,21.23,True,True,Trial,Free,,0
U100854,2025-10-24,Organic Search,Sales Team,Desktop,North America,51-200,0.531,46.18,True,False,Free,Free,,0
U104588,2025-10-24,Organic Search,Ops Manager,Desktop,Europe,1-10,1.434,16.01,True,True,Paid,Starter,2025-10-27,19
U102525,2025-10-24,Partnership,Ops Manager,Desktop,APAC,1-10,1.268,4.61,True,False,Free,Free,,0
U106255,2025-10-24,Organic Search,Sales Team,Tablet,Europe,1-10,1.135,5.23,False,False,Free,Free,,0
U105657,2025-10-24,Paid Search,Founder,Desktop,LATAM,1-10,0.825,66.01,True,False,Free,Free,,0
U105486,2025-10-24,Organic Search,Ops Manager,Desktop,APAC,11-50,1.105,11.71,True,False,Free,Free,,0
U106928,2025-10-24,Paid Search,Marketing Team,Desktop,North America,11-50,0.25,33.72,False,False,Free,Free,,0
U107561,2025-10-25,Social,Founder,Desktop,North America,51-200,0.699,28.52,False,False,Free,Free,,0
U108498,2025-10-25,Partnership,Marketing Team,Desktop,APAC,51-200,1.142,12.55,False,False,Free,Free,,0
U101601,2025-10-25,Referral,Founder,Tablet,North America,51-200,1.372,2.59,False,False,Free,Free,,0
U107369,2025-10-25,Organic Search,Ops Manager,Desktop,Europe,1-10,1.299,26.77,True,False,Free,Free,,0
U107286,2025-10-25,Organic Search,Marketing Team,Mobile,Europe,201-1000,1.093,13.76,False,False,Free,Free,,0
U102954,2025-10-25,Social,Marketing Team,Desktop,APAC,1-10,1.143,13.13,False,False,Free,Free,,0
U102596,2025-10-25,Referral,Founder,Desktop,Europe,51-200,1.569,13.61,True,True,Trial,Free,,0
U104980,2025-10-25,Organic Search,Founder,Desktop,North America,1-10,1.084,5.9,False,False,Free,Free,,0
U101692,2025-10-25,Referral,Founder,Desktop,APAC,1-10,1.248,8.41,True,False,Free,Free,,0
U102960,2025-10-25,Paid Search,Founder,Desktop,North America,51-200,0.623,16.66,False,False,Free,Free,,0
U102527,2025-10-25,Paid Search,Marketing Team,Desktop,North America,1-10,0.646,26.77,False,False,Free,Free,,0
U105351,2025-10-25,Organic Search,Marketing Team,Desktop,North America,11-50,0.782,73.79,False,False,Free,Free,,0
U105739,2025-10-25,Paid Search,Marketing Team,Mobile,North America,1-10,0.936,9.59,True,False,Free,Free,,0
U103378,2025-10-26,Social,Sales Team,Desktop,North America,51-200,0.368,96.71,True,False,Free,Free,,0
U105526,2025-10-26,Paid Search,Founder,Mobile,North America,1-10,1.357,11.77,False,False,Free,Free,,0
U105597,2025-10-26,Referral,Sales Team,Desktop,North America,1-10,1.3,37.32,True,False,Free,Free,,0
U106501,2025-10-26,Content,Founder,Desktop,APAC,1-10,1.374,13.43,False,False,Free,Free,,0
U100677,2025-10-26,Partnership,Sales Team,Desktop,APAC,1-10,0.798,12.54,False,False,Free,Free,,0
U108288,2025-10-26,Referral,Ops Manager,Desktop,Europe,1-10,1.579,15.81,True,True,Paid,Starter,2025-10-26,19
U103882,2025-10-26,Organic Search,Founder,Mobile,Europe,1-10,1.195,9.65,True,True,Paid,Starter,2025-11-01,19
U104109,2025-10-26,Referral,Founder,Desktop,APAC,51-200,1.702,5.16,True,False,Free,Free,,0
U101398,2025-10-26,Organic Search,Founder,Desktop,North America,201-1000,0.834,39.52,False,False,Free,Free,,0
U105232,2025-10-26,Social,Ops Manager,Desktop,Europe,1-10,1.011,8.34,True,True,Trial,Free,,0
U107642,2025-10-26,Referral,Founder,Mobile,North America,11-50,1.913,23.31,False,False,Free,Free,,0
U104386,2025-10-26,Paid Search,Student / Hobby,Desktop,APAC,1-10,0.325,221.4,False,False,Free,Free,,0
U103585,2025-10-26,Referral,Student / Hobby,Desktop,Europe,11-50,1.06,41.04,False,False,Free,Free,,0
U103159,2025-10-27,Social,Founder,Desktop,Europe,1-10,0.588,6.11,False,False,Free,Free,,0
U100321,2025-10-27,Referral,Sales Team,Mobile,North America,1000+,1.138,9.95,True,False,Free,Free,,0
U107482,2025-10-27,Organic Search,Sales Team,Desktop,North America,1-10,1.084,7.5,False,False,Free,Free,,0
U105269,2025-10-27,Paid Search,Founder,Tablet,APAC,1-10,0.742,20.75,False,False,Free,Free,,0
U103092,2025-10-27,Social,Founder,Desktop,North America,11-50,0.956,21.57,True,False,Free,Free,,0
U103203,2025-10-27,Paid Search,Sales Team,Desktop,Europe,51-200,0.912,7.18,False,False,Free,Free,,0
U105129,2025-10-27,Social,Founder,Mobile,North America,1-10,0.752,36.26,False,False,Free,Free,,0
U100162,2025-10-27,Organic Search,Founder,Desktop,North America,1-10,1.4,22.88,False,False,Free,Free,,0
U106434,2025-10-27,Referral,Ops Manager,Desktop,North America,1-10,1.507,3.88,True,True,Paid,Starter,2025-11-03,19
U104662,2025-10-27,Referral,Student / Hobby,Mobile,Europe,1000+,0.739,39.61,False,False,Free,Free,,0
U104732,2025-10-27,Organic Search,Sales Team,Desktop,APAC,11-50,0.819,11.62,False,False,Free,Free,,0
U106649,2025-10-27,Organic Search,Ops Manager,Desktop,APAC,1-10,1.474,17.34,True,False,Free,Free,,0
U104783,2025-10-27,Organic Search,Sales Team,Desktop,Europe,1-10,1.026,17.85,False,False,Free,Free,,0
U100974,2025-10-27,Content,Founder,Mobile,Europe,1-10,1.043,20.29,True,False,Free,Free,,0
U107440,2025-10-27,Paid Search,Sales Team,Desktop,North America,51-200,0.948,3.65,True,False,Free,Free,,0
U101665,2025-10-28,Referral,Ops Manager,Desktop,North America,51-200,1.713,2.1,True,True,Trial,Free,,0
U105318,2025-10-28,Paid Search,Sales Team,Desktop,Europe,11-50,1.008,13.71,False,False,Free,Free,,0
U107272,2025-10-28,Organic Search,Ops Manager,Desktop,North America,11-50,1.542,15.66,False,False,Free,Free,,0
U104647,2025-10-28,Organic Search,Founder,Mobile,North America,11-50,1.327,15.18,True,False,Free,Free,,0
U100585,2025-10-28,Paid Search,Founder,Desktop,North America,201-1000,1.026,13.61,False,False,Free,Free,,0
U101701,2025-10-28,Paid Search,Marketing Team,Desktop,North America,11-50,0.508,38.45,False,False,Free,Free,,0
U103049,2025-10-29,Referral,Founder,Mobile,North America,1-10,1.861,13.63,False,False,Free,Free,,0
U107556,2025-10-29,Social,Marketing Team,Tablet,North America,51-200,0.671,53.4,False,False,Free,Free,,0
U106071,2025-10-29,Organic Search,Ops Manager,Mobile,North America,201-1000,1.506,9.69,False,False,Free,Free,,0
U104185,2025-10-29,Organic Search,Marketing Team,Desktop,North America,1000+,0.923,26.43,False,False,Free,Free,,0
U103515,2025-10-29,Referral,Sales Team,Desktop,North America,11-50,1.367,10.16,True,True,Paid,Scale,2025-11-05,149
U106352,2025-10-29,Partnership,Ops Manager,Desktop,Europe,11-50,1.437,19.87,False,False,Free,Free,,0
U104407,2025-10-29,Referral,Founder,Mobile,North America,11-50,1.649,6.04,True,False,Free,Free,,0
U108461,2025-10-29,Content,Founder,Tablet,MEA,11-50,1.007,16.63,False,False,Free,Free,,0
U100782,2025-10-29,Organic Search,Founder,Mobile,Europe,1-10,1.614,6.69,True,False,Free,Free,,0
U108317,2025-10-29,Organic Search,Founder,Desktop,North America,11-50,1.31,2.87,False,False,Free,Free,,0
U104989,2025-10-29,Paid Search,Ops Manager,Mobile,North America,1-10,1.299,22.95,True,False,Free,Free,,0
U105021,2025-10-29,Organic Search,Founder,Desktop,LATAM,1-10,1.273,26.42,False,False,Free,Free,,0
U100402,2025-10-29,Organic Search,Marketing Team,Tablet,North America,51-200,0.928,23.49,True,False,Free,Free,,0
U103243,2025-10-29,Paid Search,Marketing Team,Desktop,North America,11-50,0.82,8.76,False,False,Free,Free,,0
U100765,2025-10-29,Organic Search,Ops Manager,Mobile,North America,1-10,1.274,10.51,True,True,Paid,Growth,2025-10-29,59
U103090,2025-10-29,Referral,Founder,Desktop,Europe,1-10,1.746,7.92,True,True,Paid,Growth,2025-11-05,59
U106149,2025-10-29,Organic Search,Ops Manager,Desktop,North America,11-50,1.284,9.14,True,False,Free,Free,,0
U102320,2025-10-29,Referral,Founder,Desktop,Europe,1-10,1.374,22.34,True,True,Trial,Free,,0
U102762,2025-10-29,Social,Ops Manager,Desktop,APAC,201-1000,1.006,17.77,True,False,Free,Free,,0
U106256,2025-10-30,Organic Search,Ops Manager,Desktop,North America,1-10,1.327,23.87,True,True,Paid,Starter,2025-11-06,19
U100265,2025-10-30,Organic Search,Founder,Desktop,North America,1-10,1.627,2.57,True,True,Trial,Free,,0
U100503,2025-10-30,Paid Search,Marketing Team,Desktop,North America,11-50,0.601,41.49,False,False,Free,Free,,0
U104919,2025-10-30,Partnership,Marketing Team,Desktop,North America,51-200,1.215,24.93,True,False,Free,Free,,0
U108224,2025-10-30,Content,Founder,Tablet,LATAM,11-50,1.788,9.49,False,False,Free,Free,,0
U104330,2025-10-30,Organic Search,Ops Manager,Desktop,North America,11-50,1.171,28.17,False,False,Free,Free,,0
U100986,2025-10-30,Social,Marketing Team,Mobile,North America,1-10,0.708,34.77,True,False,Free,Free,,0
U107179,2025-10-31,Organic Search,Founder,Desktop,North America,11-50,1.771,6.0,False,False,Free,Free,,0
U105065,2025-10-31,Organic Search,Founder,Desktop,Europe,1-10,1.644,11.77,True,False,Free,Free,,0
U101829,2025-10-31,Referral,Ops Manager,Desktop,North America,11-50,1.837,5.29,True,False,Free,Free,,0
U104763,2025-10-31,Social,Marketing Team,Desktop,North America,201-1000,0.692,34.25,False,False,Free,Free,,0
U101760,2025-10-31,Organic Search,Founder,Tablet,North America,1-10,1.665,17.96,True,False,Free,Free,,0
U105328,2025-10-31,Referral,Sales Team,Desktop,Europe,1-10,1.007,9.35,True,True,Paid,Starter,2025-10-31,19
U101007,2025-10-31,Organic Search,Sales Team,Desktop,North America,1-10,0.942,16.28,False,False,Free,Free,,0
U102215,2025-10-31,Organic Search,Founder,Desktop,APAC,201-1000,1.152,15.9,False,False,Free,Free,,0
U102494,2025-11-01,Content,Marketing Team,Desktop,APAC,1-10,0.863,9.45,False,False,Free,Free,,0
U103383,2025-11-01,Content,Ops Manager,Desktop,Europe,11-50,1.199,14.16,True,False,Free,Free,,0
U102909,2025-11-01,Social,Sales Team,Desktop,APAC,11-50,0.366,93.89,False,False,Free,Free,,0
U101638,2025-11-01,Partnership,Founder,Mobile,LATAM,11-50,1.35,10.68,True,False,Free,Free,,0
U104602,2025-11-01,Referral,Founder,Tablet,APAC,11-50,1.343,8.94,True,False,Free,Free,,0
U103924,2025-11-01,Social,Ops Manager,Desktop,APAC,1-10,0.823,11.9,False,False,Free,Free,,0
U102820,2025-11-01,Referral,Ops Manager,Desktop,North America,11-50,1.729,4.45,True,True,Trial,Free,,0
U106543,2025-11-01,Content,Sales Team,Desktop,North America,1-10,0.705,22.55,False,False,Free,Free,,0
U104086,2025-11-01,Content,Marketing Team,Desktop,MEA,201-1000,0.77,24.1,False,False,Free,Free,,0
U103202,2025-11-01,Organic Search,Marketing Team,Desktop,Europe,1-10,0.807,21.33,False,False,Free,Free,,0
U108194,2025-11-02,Partnership,Marketing Team,Mobile,North America,201-1000,1.003,23.51,False,False,Free,Free,,0
U101083,2025-11-02,Paid Search,Ops Manager,Desktop,Europe,1-10,0.998,20.82,False,False,Free,Free,,0
U101950,2025-11-02,Content,Sales Team,Mobile,North America,1-10,1.066,38.16,True,True,Trial,Free,,0
U100226,2025-11-02,Organic Search,Sales Team,Desktop,Europe,11-50,1.038,42.03,False,False,Free,Free,,0
U100293,2025-11-02,Referral,Sales Team,Desktop,North America,51-200,1.481,9.89,False,False,Free,Free,,0
U101312,2025-11-02,Paid Search,Marketing Team,Desktop,APAC,1-10,0.922,10.37,False,False,Free,Free,,0
U103429,2025-11-02,Content,Ops Manager,Mobile,MEA,201-1000,0.919,5.54,False,False,Free,Free,,0
U103895,2025-11-02,Referral,Marketing Team,Mobile,Europe,51-200,1.016,22.83,True,True,Trial,Free,,0
U103042,2025-11-02,Organic Search,Marketing Team,Mobile,North America,51-200,0.661,7.26,False,False,Free,Free,,0
U106029,2025-11-02,Content,Marketing Team,Desktop,North America,1-10,1.162,40.61,False,False,Free,Free,,0
U100995,2025-11-02,Organic Search,Founder,Desktop,North America,51-200,1.02,24.15,False,False,Free,Free,,0
U104755,2025-11-02,Partnership,Sales Team,Desktop,LATAM,1-10,1.216,20.52,True,False,Free,Free,,0
U100631,2025-11-02,Paid Search,Student / Hobby,Desktop,North America,1-10,0.713,16.4,False,False,Free,Free,,0
U104044,2025-11-02,Referral,Founder,Tablet,North America,1-10,1.309,6.6,True,False,Free,Free,,0
U108233,2025-11-02,Paid Search,Marketing Team,Desktop,Europe,51-200,0.535,27.35,False,False,Free,Free,,0
U102580,2025-11-03,Paid Search,Founder,Desktop,APAC,11-50,1.292,19.18,True,False,Free,Free,,0
U101946,2025-11-03,Partnership,Ops Manager,Desktop,North America,11-50,1.573,11.08,True,True,Paid,Growth,2025-11-03,59
U107370,2025-11-03,Organic Search,Marketing Team,Tablet,Europe,1-10,1.202,23.99,False,False,Free,Free,,0
U108237,2025-11-03,Organic Search,Ops Manager,Desktop,North America,1-10,1.833,4.09,False,False,Free,Free,,0
U108279,2025-11-03,Paid Search,Founder,Mobile,North America,51-200,0.702,22.91,False,False,Free,Free,,0
U103558,2025-11-03,Social,Marketing Team,Tablet,APAC,201-1000,1.107,3.64,True,False,Free,Free,,0
U106897,2025-11-03,Organic Search,Ops Manager,Desktop,North America,11-50,1.414,37.43,False,False,Free,Free,,0
U100132,2025-11-03,Referral,Founder,Desktop,North America,11-50,1.415,10.67,False,False,Free,Free,,0
U102656,2025-11-04,Organic Search,Marketing Team,Mobile,Europe,1-10,0.892,12.46,True,False,Free,Free,,0
U107983,2025-11-04,Organic Search,Sales Team,Mobile,APAC,1-10,0.845,26.03,True,False,Free,Free,,0
U101285,2025-11-04,Organic Search,Sales Team,Desktop,Europe,1-10,1.205,5.8,True,False,Free,Free,,0
U101306,2025-11-04,Paid Search,Sales Team,Desktop,APAC,11-50,0.883,28.28,False,False,Free,Free,,0
U103396,2025-11-04,Paid Search,Marketing Team,Desktop,APAC,51-200,0.617,2.99,False,False,Free,Free,,0
U101986,2025-11-04,Organic Search,Ops Manager,Mobile,Europe,11-50,1.228,6.03,False,False,Free,Free,,0
U107040,2025-11-04,Paid Search,Marketing Team,Mobile,North America,11-50,0.443,15.43,False,False,Free,Free,,0
U105116,2025-11-04,Organic Search,Founder,Desktop,LATAM,51-200,1.112,30.17,False,False,Free,Free,,0
U100012,2025-11-04,Paid Search,Sales Team,Desktop,APAC,11-50,0.86,45.69,False,False,Free,Free,,0
U100591,2025-11-04,Social,Founder,Desktop,APAC,1-10,0.698,7.1,False,False,Free,Free,,0
U100219,2025-11-04,Social,Student / Hobby,Desktop,Europe,1-10,0.427,34.58,False,False,Free,Free,,0
U105429,2025-11-05,Organic Search,Sales Team,Desktop,North America,1-10,0.947,16.99,True,False,Free,Free,,0
U108186,2025-11-05,Content,Ops Manager,Desktop,North America,11-50,1.288,35.96,True,True,Trial,Free,,0
U106292,2025-11-05,Referral,Sales Team,Desktop,North America,1-10,1.201,20.57,False,False,Free,Free,,0
U105356,2025-11-05,Content,Founder,Mobile,MEA,11-50,1.334,12.52,True,True,Trial,Free,,0
U103889,2025-11-05,Organic Search,Sales Team,Desktop,Europe,11-50,1.235,33.2,True,False,Free,Free,,0
U102116,2025-11-05,Paid Search,Founder,Desktop,LATAM,201-1000,0.936,5.88,False,False,Free,Free,,0
U101821,2025-11-05,Organic Search,Marketing Team,Desktop,Europe,1-10,0.458,26.18,True,False,Free,Free,,0
U102134,2025-11-05,Organic Search,Marketing Team,Mobile,Europe,11-50,1.019,12.95,False,False,Free,Free,,0
U103786,2025-11-05,Paid Search,Founder,Desktop,APAC,11-50,1.134,29.9,False,False,Free,Free,,0
U100431,2025-11-05,Organic Search,Founder,Desktop,Europe,1-10,1.069,23.87,False,False,Free,Free,,0
U103205,2025-11-05,Social,Founder,Desktop,APAC,11-50,0.622,58.47,False,False,Free,Free,,0
U103759,2025-11-05,Paid Search,Founder,Desktop,LATAM,51-200,0.737,4.35,False,False,Free,Free,,0
U101557,2025-11-06,Content,Founder,Mobile,North America,1-10,0.91,3.82,True,False,Free,Free,,0
U102146,2025-11-06,Paid Search,Founder,Mobile,North America,11-50,0.977,10.27,False,False,Free,Free,,0
U101948,2025-11-06,Social,Marketing Team,Desktop,Europe,1-10,0.411,25.98,False,False,Free,Free,,0
U107430,2025-11-06,Organic Search,Sales Team,Desktop,Europe,11-50,1.435,6.69,True,True,Trial,Free,,0
U104013,2025-11-06,Social,Ops Manager,Desktop,APAC,11-50,1.192,14.12,True,True,Trial,Free,,0
U105561,2025-11-06,Paid Search,Founder,Desktop,North America,1-10,0.872,31.36,True,False,Free,Free,,0
U102044,2025-11-06,Organic Search,Founder,Desktop,Europe,1-10,1.224,16.63,False,False,Free,Free,,0
U101250,2025-11-06,Paid Search,Ops Manager,Desktop,North America,1-10,0.512,14.52,False,False,Free,Free,,0
U102190,2025-11-06,Content,Sales Team,Desktop,LATAM,51-200,0.475,66.3,False,False,Free,Free,,0
U102218,2025-11-06,Content,Ops Manager,Desktop,APAC,51-200,0.796,22.57,True,False,Free,Free,,0
U105144,2025-11-06,Paid Search,Student / Hobby,Mobile,LATAM,11-50,0.484,49.19,False,False,Free,Free,,0
U105390,2025-11-06,Referral,Ops Manager,Desktop,Europe,1-10,1.755,6.79,True,True,Trial,Free,,0
U105208,2025-11-06,Paid Search,Founder,Desktop,Europe,1-10,0.731,8.23,False,False,Free,Free,,0
U102066,2025-11-06,Paid Search,Student / Hobby,Desktop,Europe,1-10,0.612,73.25,False,False,Free,Free,,0
U107919,2025-11-06,Referral,Marketing Team,Desktop,LATAM,51-200,1.528,14.27,True,False,Free,Free,,0
U102902,2025-11-07,Organic Search,Ops Manager,Desktop,APAC,11-50,1.777,5.69,False,False,Free,Free,,0
U106160,2025-11-07,Referral,Founder,Mobile,Europe,11-50,1.512,7.78,False,False,Free,Free,,0
U101431,2025-11-07,Organic Search,Sales Team,Desktop,APAC,1-10,0.883,45.44,True,False,Free,Free,,0
U102420,2025-11-07,Organic Search,Founder,Desktop,Europe,1-10,0.887,20.13,False,False,Free,Free,,0
U102869,2025-11-07,Social,Sales Team,Mobile,North America,1-10,0.643,16.07,False,False,Free,Free,,0
U108045,2025-11-07,Content,Founder,Desktop,Europe,51-200,1.344,2.26,False,False,Free,Free,,0
U100758,2025-11-07,Social,Student / Hobby,Desktop,North America,1-10,0.36,96.04,True,False,Free,Free,,0
U102974,2025-11-07,Paid Search,Sales Team,Desktop,APAC,51-200,0.812,45.18,False,False,Free,Free,,0
U100361,2025-11-07,Social,Sales Team,Desktop,Europe,11-50,0.676,14.56,False,False,Free,Free,,0
U107324,2025-11-07,Referral,Founder,Desktop,North America,1-10,1.388,45.81,True,True,Paid,Growth,2025-11-07,59
U102410,2025-11-08,Organic Search,Founder,Mobile,Europe,11-50,1.032,7.88,False,False,Free,Free,,0
U103200,2025-11-08,Paid Search,Ops Manager,Mobile,North America,11-50,0.874,15.61,True,True,Paid,Growth,2025-11-09,59
U108492,2025-11-08,Paid Search,Student / Hobby,Desktop,Europe,1-10,0.492,66.52,False,False,Free,Free,,0
U107947,2025-11-08,Organic Search,Founder,Desktop,Europe,1-10,1.303,58.24,True,False,Free,Free,,0
U103479,2025-11-08,Paid Search,Sales Team,Desktop,North America,11-50,1.082,20.27,True,False,Free,Free,,0
U108100,2025-11-08,Referral,Marketing Team,Desktop,APAC,1-10,0.411,14.87,False,False,Free,Free,,0
U105455,2025-11-08,Content,Ops Manager,Desktop,North America,1-10,1.363,9.37,True,True,Paid,Growth,2025-11-14,59
U108405,2025-11-08,Social,Ops Manager,Mobile,North America,201-1000,1.112,16.61,True,False,Free,Free,,0
U102624,2025-11-08,Referral,Student / Hobby,Desktop,APAC,51-200,0.583,34.91,False,False,Free,Free,,0
U107165,2025-11-08,Organic Search,Founder,Mobile,North America,51-200,1.238,33.66,False,False,Free,Free,,0
U101286,2025-11-08,Paid Search,Ops Manager,Desktop,Europe,1-10,1.484,6.55,True,True,Trial,Free,,0
U105764,2025-11-08,Social,Founder,Desktop,Europe,1-10,0.954,18.14,False,False,Free,Free,,0
U104760,2025-11-08,Paid Search,Founder,Mobile,APAC,1-10,1.102,16.57,False,False,Free,Free,,0
U107285,2025-11-08,Organic Search,Ops Manager,Mobile,North America,11-50,1.255,34.06,True,False,Free,Free,,0
U105425,2025-11-08,Social,Ops Manager,Desktop,Europe,51-200,0.875,20.5,True,False,Free,Free,,0
U105565,2025-11-08,Organic Search,Marketing Team,Desktop,North America,1-10,0.885,21.45,True,True,Paid,Starter,2025-11-12,19
U101114,2025-11-09,Social,Founder,Desktop,MEA,1-10,1.088,31.85,False,False,Free,Free,,0
U103311,2025-11-09,Social,Sales Team,Desktop,North America,1-10,0.638,34.64,True,True,Trial,Free,,0
U105085,2025-11-09,Organic Search,Ops Manager,Mobile,Europe,11-50,1.475,27.45,False,False,Free,Free,,0
U108267,2025-11-09,Social,Ops Manager,Mobile,North America,201-1000,0.696,25.16,False,False,Free,Free,,0
U101867,2025-11-09,Organic Search,Founder,Desktop,North America,1000+,1.72,13.2,True,True,Trial,Free,,0
U100235,2025-11-09,Social,Marketing Team,Desktop,Europe,1-10,0.52,45.5,False,False,Free,Free,,0
U103783,2025-11-09,Paid Search,Sales Team,Desktop,APAC,1000+,0.778,22.46,False,False,Free,Free,,0
U107673,2025-11-10,Paid Search,Sales Team,Desktop,Europe,1-10,0.721,27.8,False,False,Free,Free,,0
U103719,2025-11-10,Organic Search,Student / Hobby,Mobile,North America,51-200,0.25,11.89,False,False,Free,Free,,0
U104317,2025-11-10,Content,Marketing Team,Desktop,MEA,51-200,0.818,13.05,True,False,Free,Free,,0
U102789,2025-11-10,Social,Marketing Team,Mobile,Europe,201-1000,0.65,30.24,False,False,Free,Free,,0
U107664,2025-11-10,Organic Search,Marketing Team,Desktop,APAC,1-10,1.215,11.77,True,False,Free,Free,,0
U100883,2025-11-10,Paid Search,Sales Team,Desktop,Europe,11-50,0.911,12.82,False,False,Free,Free,,0
U101074,2025-11-11,Organic Search,Sales Team,Desktop,North America,51-200,1.153,10.86,False,False,Free,Free,,0
U103809,2025-11-11,Paid Search,Ops Manager,Desktop,LATAM,201-1000,0.831,38.24,False,False,Free,Free,,0
U101229,2025-11-11,Paid Search,Sales Team,Mobile,LATAM,11-50,1.031,16.0,False,False,Free,Free,,0
U106822,2025-11-11,Referral,Ops Manager,Mobile,APAC,51-200,1.741,4.11,True,False,Free,Free,,0
U103731,2025-11-11,Paid Search,Sales Team,Mobile,North America,1-10,1.08,30.64,True,False,Free,Free,,0
U100174,2025-11-11,Organic Search,Student / Hobby,Desktop,North America,201-1000,0.819,14.56,False,False,Free,Free,,0
U103829,2025-11-11,Organic Search,Ops Manager,Desktop,North America,11-50,1.217,12.76,False,False,Free,Free,,0
U105114,2025-11-11,Organic Search,Marketing Team,Desktop,Europe,1-10,0.646,82.2,False,False,Free,Free,,0
U100382,2025-11-11,Referral,Marketing Team,Desktop,LATAM,51-200,0.58,19.96,False,False,Free,Free,,0
U100377,2025-11-11,Referral,Sales Team,Desktop,APAC,1-10,1.365,1.34,True,True,Paid,Starter,2025-11-11,19
U108055,2025-11-11,Organic Search,Sales Team,Desktop,MEA,51-200,0.938,32.32,False,False,Free,Free,,0
U100340,2025-11-11,Organic Search,Marketing Team,Desktop,North America,51-200,1.289,1.9,False,False,Free,Free,,0
U101439,2025-11-11,Referral,Ops Manager,Desktop,North America,51-200,2.15,15.85,True,True,Paid,Starter,2025-11-17,19
U103605,2025-11-11,Referral,Founder,Desktop,LATAM,1-10,1.229,7.73,False,False,Free,Free,,0
U101471,2025-11-11,Paid Search,Sales Team,Mobile,APAC,11-50,0.879,38.46,False,False,Free,Free,,0
U101391,2025-11-11,Referral,Ops Manager,Mobile,Europe,1-10,1.535,14.45,False,False,Free,Free,,0
U108116,2025-11-12,Organic Search,Sales Team,Mobile,Europe,1-10,1.109,8.33,False,False,Free,Free,,0
U102202,2025-11-12,Paid Search,Student / Hobby,Desktop,APAC,1-10,0.845,17.53,True,False,Free,Free,,0
U105089,2025-11-12,Paid Search,Founder,Desktop,North America,51-200,0.653,89.61,False,False,Free,Free,,0
U100191,2025-11-12,Content,Founder,Desktop,Europe,51-200,1.281,4.49,False,False,Free,Free,,0
U108439,2025-11-12,Social,Sales Team,Desktop,LATAM,1-10,0.99,4.46,False,False,Free,Free,,0
U103457,2025-11-12,Organic Search,Ops Manager,Mobile,Europe,11-50,1.261,15.87,False,False,Free,Free,,0
U106247,2025-11-12,Organic Search,Ops Manager,Desktop,North America,1-10,1.404,21.66,True,True,Paid,Growth,2025-11-13,59
U103110,2025-11-12,Organic Search,Ops Manager,Mobile,LATAM,1-10,1.199,19.85,False,False,Free,Free,,0
U102508,2025-11-12,Social,Sales Team,Desktop,North America,1-10,0.622,26.31,False,False,Free,Free,,0
U102104,2025-11-12,Organic Search,Ops Manager,Desktop,North America,1-10,1.345,10.33,True,True,Trial,Free,,0
U100143,2025-11-12,Social,Founder,Desktop,APAC,11-50,0.794,12.38,False,False,Free,Free,,0
U106885,2025-11-12,Organic Search,Sales Team,Mobile,LATAM,1-10,1.287,21.24,True,True,Trial,Free,,0
U103312,2025-11-12,Organic Search,Founder,Desktop,MEA,1-10,1.456,19.07,False,False,Free,Free,,0
U103181,2025-11-12,Partnership,Ops Manager,Desktop,North America,11-50,1.695,4.34,False,False,Free,Free,,0
U101676,2025-11-13,Social,Ops Manager,Desktop,APAC,11-50,0.959,16.12,False,False,Free,Free,,0
U108324,2025-11-13,Organic Search,Sales Team,Desktop,APAC,11-50,1.233,11.55,False,False,Free,Free,,0
U104622,2025-11-13,Organic Search,Sales Team,Desktop,North America,201-1000,1.072,17.37,False,False,Free,Free,,0
U101586,2025-11-13,Organic Search,Marketing Team,Tablet,North America,201-1000,0.83,19.99,False,False,Free,Free,,0
U103771,2025-11-14,Content,Sales Team,Desktop,APAC,1-10,0.732,50.27,True,False,Free,Free,,0
U102856,2025-11-14,Paid Search,Founder,Mobile,North America,201-1000,1.04,11.83,False,False,Free,Free,,0
U108087,2025-11-14,Referral,Ops Manager,Mobile,APAC,1-10,1.531,12.45,True,True,Trial,Free,,0
U108065,2025-11-14,Paid Search,Founder,Desktop,Europe,11-50,0.985,8.83,False,False,Free,Free,,0
U105162,2025-11-14,Referral,Ops Manager,Mobile,APAC,51-200,1.934,5.92,True,True,Paid,Starter,2025-11-14,19
U100955,2025-11-14,Referral,Ops Manager,Desktop,Europe,1-10,1.44,2.37,True,True,Paid,Starter,2025-11-20,19
U104332,2025-11-14,Paid Search,Ops Manager,Desktop,North America,51-200,1.28,8.08,False,False,Free,Free,,0
U100468,2025-11-14,Paid Search,Ops Manager,Desktop,APAC,1-10,0.625,30.12,False,False,Free,Free,,0
U102507,2025-11-14,Paid Search,Founder,Tablet,North America,11-50,1.308,14.98,True,False,Free,Free,,0
U108264,2025-11-14,Referral,Ops Manager,Mobile,North America,1-10,1.614,2.51,False,False,Free,Free,,0
U104309,2025-11-14,Paid Search,Founder,Tablet,LATAM,51-200,0.566,37.83,False,False,Free,Free,,0
U102888,2025-11-15,Organic Search,Ops Manager,Tablet,APAC,11-50,1.214,1.22,True,False,Free,Free,,0
U105847,2025-11-15,Content,Ops Manager,Mobile,North America,11-50,1.246,21.15,True,True,Paid,Starter,2025-11-18,19
U104914,2025-11-15,Organic Search,Ops Manager,Desktop,North America,1-10,1.62,17.35,True,False,Free,Free,,0
U101844,2025-11-15,Social,Ops Manager,Tablet,North America,11-50,0.936,5.65,True,False,Free,Free,,0
U104814,2025-11-15,Paid Search,Sales Team,Mobile,Europe,1-10,0.922,14.88,False,False,Free,Free,,0
U107960,2025-11-15,Paid Search,Student / Hobby,Desktop,North America,1-10,0.326,29.05,True,False,Free,Free,,0
U100937,2025-11-15,Paid Search,Founder,Desktop,North America,201-1000,0.669,34.61,True,False,Free,Free,,0
U101978,2025-11-16,Paid Search,Founder,Desktop,North America,201-1000,0.591,42.27,False,False,Free,Free,,0
U106358,2025-11-16,Organic Search,Founder,Desktop,North America,1-10,1.293,33.05,False,False,Free,Free,,0
U107762,2025-11-16,Referral,Founder,Desktop,MEA,51-200,1.438,7.05,False,False,Free,Free,,0
U103301,2025-11-16,Social,Ops Manager,Desktop,Europe,11-50,0.761,27.94,False,False,Free,Free,,0
U108417,2025-11-16,Paid Search,Marketing Team,Desktop,APAC,11-50,0.746,19.74,False,False,Free,Free,,0
U106507,2025-11-16,Organic Search,Sales Team,Desktop,MEA,201-1000,1.174,32.57,False,False,Free,Free,,0
U102037,2025-11-16,Social,Sales Team,Mobile,Europe,1-10,1.028,17.66,True,False,Free,Free,,0
U102599,2025-11-16,Referral,Sales Team,Desktop,MEA,1-10,1.373,4.14,False,False,Free,Free,,0
U108451,2025-11-16,Referral,Ops Manager,Mobile,APAC,1-10,1.656,4.21,True,False,Free,Free,,0
U106687,2025-11-16,Referral,Founder,Desktop,North America,1000+,1.408,23.9,True,False,Free,Free,,0
U108487,2025-11-16,Organic Search,Marketing Team,Mobile,APAC,51-200,1.274,28.61,True,False,Free,Free,,0
U102480,2025-11-17,Social,Sales Team,Desktop,North America,11-50,0.454,11.7,False,False,Free,Free,,0
U103953,2025-11-17,Paid Search,Sales Team,Mobile,North America,1-10,1.097,29.08,False,False,Free,Free,,0
U108245,2025-11-17,Social,Founder,Desktop,Europe,1-10,0.944,11.01,True,False,Free,Free,,0
U106564,2025-11-17,Referral,Founder,Desktop,APAC,1-10,1.302,17.23,False,False,Free,Free,,0
U105439,2025-11-17,Organic Search,Founder,Desktop,LATAM,11-50,1.374,12.54,False,False,Free,Free,,0
U101414,2025-11-17,Organic Search,Marketing Team,Mobile,North America,201-1000,1.312,17.19,True,True,Paid,Starter,2025-11-20,19
U104681,2025-11-17,Partnership,Ops Manager,Desktop,APAC,1-10,1.711,18.27,False,False,Free,Free,,0
U108125,2025-11-17,Organic Search,Founder,Desktop,Europe,51-200,1.15,0.79,True,False,Free,Free,,0
U103130,2025-11-17,Social,Marketing Team,Desktop,North America,201-1000,0.666,27.35,False,False,Free,Free,,0
U101655,2025-11-17,Referral,Marketing Team,Desktop,Europe,1-10,0.649,2.9,False,False,Free,Free,,0
U107992,2025-11-17,Social,Ops Manager,Mobile,North America,11-50,1.335,17.08,True,False,Free,Free,,0
U103331,2025-11-17,Organic Search,Ops Manager,Desktop,North America,11-50,1.117,19.49,True,False,Free,Free,,0
U107383,2025-11-18,Organic Search,Ops Manager,Mobile,Europe,51-200,1.116,13.97,True,False,Free,Free,,0
U101731,2025-11-18,Referral,Ops Manager,Desktop,LATAM,11-50,1.587,11.99,True,False,Free,Free,,0
U102766,2025-11-18,Paid Search,Ops Manager,Mobile,MEA,51-200,1.185,5.14,False,False,Free,Free,,0
U101459,2025-11-18,Organic Search,Founder,Desktop,Europe,51-200,1.039,24.78,False,False,Free,Free,,0
U103388,2025-11-18,Paid Search,Marketing Team,Mobile,APAC,201-1000,1.132,27.75,True,True,Paid,Starter,2025-11-21,19
U102061,2025-11-18,Content,Ops Manager,Mobile,Europe,51-200,1.606,4.67,True,False,Free,Free,,0
U107903,2025-11-18,Organic Search,Ops Manager,Mobile,MEA,11-50,1.535,8.05,True,False,Free,Free,,0
U101310,2025-11-18,Partnership,Founder,Desktop,APAC,1-10,1.382,29.83,True,True,Trial,Free,,0
U105473,2025-11-18,Social,Ops Manager,Desktop,Europe,51-200,0.773,20.22,False,False,Free,Free,,0
U107809,2025-11-18,Organic Search,Founder,Mobile,APAC,1-10,1.38,24.8,True,False,Free,Free,,0
U107987,2025-11-18,Social,Founder,Desktop,MEA,11-50,0.709,24.63,True,True,Trial,Free,,0
U108113,2025-11-19,Referral,Founder,Desktop,Europe,201-1000,1.487,8.43,True,True,Trial,Free,,0
U103958,2025-11-19,Partnership,Marketing Team,Mobile,Europe,11-50,0.953,8.89,False,False,Free,Free,,0
U107541,2025-11-19,Content,Student / Hobby,Desktop,North America,11-50,0.443,46.65,False,False,Free,Free,,0
U106414,2025-11-19,Referral,Marketing Team,Desktop,APAC,1-10,1.073,6.22,False,False,Free,Free,,0
U104026,2025-11-19,Referral,Sales Team,Desktop,APAC,201-1000,1.123,26.79,True,False,Free,Free,,0
U100463,2025-11-19,Social,Ops Manager,Mobile,North America,1-10,1.261,13.01,False,False,Free,Free,,0
U100347,2025-11-19,Paid Search,Founder,Desktop,North America,11-50,1.26,57.78,True,True,Trial,Free,,0
U107988,2025-11-20,Content,Ops Manager,Desktop,Europe,51-200,1.259,4.54,False,False,Free,Free,,0
U107627,2025-11-20,Social,Ops Manager,Desktop,LATAM,1-10,0.545,51.62,False,False,Free,Free,,0
U102219,2025-11-20,Social,Marketing Team,Desktop,APAC,51-200,0.618,3.09,False,False,Free,Free,,0
U103017,2025-11-20,Social,Ops Manager,Mobile,North America,1-10,1.006,16.8,True,False,Free,Free,,0
U107491,2025-11-20,Partnership,Ops Manager,Desktop,LATAM,1-10,1.921,5.49,True,True,Paid,Growth,2025-11-20,59
U106900,2025-11-20,Paid Search,Sales Team,Tablet,Europe,51-200,1.086,39.17,False,False,Free,Free,,0
U101372,2025-11-20,Content,Founder,Desktop,North America,1-10,1.428,4.88,True,False,Free,Free,,0
U107068,2025-11-20,Social,Ops Manager,Desktop,North America,11-50,0.687,11.37,False,False,Free,Free,,0
U108023,2025-11-20,Paid Search,Ops Manager,Mobile,North America,11-50,0.798,19.65,False,False,Free,Free,,0
U101027,2025-11-20,Paid Search,Sales Team,Desktop,APAC,1-10,0.437,45.99,False,False,Free,Free,,0
U101593,2025-11-21,Social,Sales Team,Desktop,APAC,1-10,0.661,11.76,False,False,Free,Free,,0
U102691,2025-11-21,Referral,Ops Manager,Desktop,APAC,11-50,1.916,2.24,True,False,Free,Free,,0
U101264,2025-11-21,Organic Search,Founder,Desktop,North America,201-1000,1.072,13.73,False,False,Free,Free,,0
U103865,2025-11-21,Content,Ops Manager,Tablet,North America,51-200,1.114,20.36,False,False,Free,Free,,0
U106020,2025-11-21,Organic Search,Marketing Team,Desktop,APAC,1-10,1.071,16.2,False,False,Free,Free,,0
U108229,2025-11-21,Paid Search,Ops Manager,Desktop,Europe,11-50,0.834,10.62,False,False,Free,Free,,0
U100320,2025-11-21,Content,Ops Manager,Desktop,North America,11-50,1.156,47.6,False,False,Free,Free,,0
U107638,2025-11-21,Organic Search,Ops Manager,Desktop,MEA,1-10,0.833,20.84,False,False,Free,Free,,0
U101454,2025-11-21,Partnership,Marketing Team,Mobile,North America,1-10,1.17,14.36,False,False,Free,Free,,0
U104856,2025-11-21,Paid Search,Student / Hobby,Desktop,Europe,11-50,0.397,51.77,False,False,Free,Free,,0
U107880,2025-11-21,Organic Search,Marketing Team,Mobile,North America,11-50,0.612,24.47,True,False,Free,Free,,0
U102301,2025-11-21,Social,Marketing Team,Desktop,MEA,51-200,0.584,36.56,False,False,Free,Free,,0
U108292,2025-11-21,Paid Search,Sales Team,Mobile,Europe,51-200,0.636,34.74,True,False,Free,Free,,0
U102600,2025-11-22,Paid Search,Ops Manager,Desktop,North America,51-200,1.12,12.61,True,True,Trial,Free,,0
U102234,2025-11-22,Social,Founder,Desktop,Europe,11-50,0.883,27.98,False,False,Free,Free,,0
U101014,2025-11-22,Organic Search,Sales Team,Desktop,North America,51-200,0.688,44.04,True,False,Free,Free,,0
U105989,2025-11-22,Organic Search,Marketing Team,Desktop,North America,1-10,1.339,7.89,True,True,Trial,Free,,0
U104346,2025-11-22,Social,Sales Team,Mobile,North America,1-10,0.618,51.02,False,False,Free,Free,,0
U104051,2025-11-22,Paid Search,Founder,Desktop,North America,1-10,1.263,22.42,False,False,Free,Free,,0
U105427,2025-11-22,Referral,Sales Team,Desktop,North America,11-50,1.597,9.06,False,False,Free,Free,,0
U107572,2025-11-22,Referral,Ops Manager,Desktop,North America,1-10,1.464,3.64,False,False,Free,Free,,0
U102554,2025-11-22,Partnership,Ops Manager,Desktop,Europe,11-50,1.02,12.96,False,False,Free,Free,,0
U105586,2025-11-22,Organic Search,Sales Team,Mobile,Europe,201-1000,1.2,4.14,False,False,Free,Free,,0
U106808,2025-11-22,Paid Search,Founder,Desktop,Europe,201-1000,0.653,4.73,False,False,Free,Free,,0
U102503,2025-11-22,Paid Search,Marketing Team,Mobile,Europe,1-10,0.827,6.28,False,False,Free,Free,,0
U106974,2025-11-23,Content,Founder,Mobile,APAC,201-1000,1.589,10.85,True,True,Paid,Starter,2025-12-01,19
U106313,2025-11-23,Organic Search,Student / Hobby,Desktop,APAC,1-10,0.492,14.46,False,False,Free,Free,,0
U105366,2025-11-23,Referral,Ops Manager,Mobile,LATAM,11-50,1.502,6.96,True,True,Trial,Free,,0
U100388,2025-11-23,Organic Search,Ops Manager,Mobile,North America,11-50,1.721,15.6,True,True,Paid,Starter,2025-11-23,19
U104121,2025-11-23,Partnership,Marketing Team,Desktop,North America,51-200,1.072,39.25,True,True,Paid,Starter,2025-11-27,19
U103269,2025-11-23,Referral,Ops Manager,Desktop,North America,11-50,1.715,13.12,True,True,Paid,Starter,2025-11-26,19
U106114,2025-11-23,Paid Search,Student / Hobby,Desktop,North America,51-200,0.25,31.44,False,False,Free,Free,,0
U103599,2025-11-23,Referral,Founder,Desktop,North America,11-50,1.324,28.65,False,False,Free,Free,,0
U101951,2025-11-23,Referral,Ops Manager,Desktop,North America,11-50,1.779,27.43,True,True,Paid,Growth,2025-11-24,59
U108000,2025-11-23,Paid Search,Ops Manager,Desktop,North America,1-10,0.847,27.44,True,False,Free,Free,,0
U103878,2025-11-24,Organic Search,Student / Hobby,Desktop,Europe,1-10,0.585,60.49,False,False,Free,Free,,0
U100965,2025-11-24,Social,Sales Team,Desktop,North America,11-50,0.462,42.3,False,False,Free,Free,,0
U100170,2025-11-24,Referral,Sales Team,Desktop,North America,11-50,1.304,7.39,True,True,Paid,Growth,2025-11-30,59
U100967,2025-11-24,Referral,Ops Manager,Mobile,APAC,11-50,1.789,11.59,True,False,Free,Free,,0
U101920,2025-11-24,Content,Founder,Mobile,North America,11-50,1.684,9.02,True,False,Free,Free,,0
U104058,2025-11-24,Content,Sales Team,Mobile,North America,1-10,0.955,5.38,False,False,Free,Free,,0
U101061,2025-11-24,Content,Ops Manager,Tablet,North America,51-200,1.624,4.03,True,True,Trial,Free,,0
U107774,2025-11-24,Paid Search,Founder,Desktop,Europe,51-200,1.18,4.23,True,True,Trial,Free,,0
U103101,2025-11-24,Referral,Sales Team,Desktop,North America,1-10,1.47,54.6,False,False,Free,Free,,0
U100916,2025-11-24,Organic Search,Ops Manager,Desktop,Europe,51-200,1.282,19.17,False,False,Free,Free,,0
U103688,2025-11-24,Paid Search,Sales Team,Mobile,Europe,1-10,0.998,16.71,False,False,Free,Free,,0
U102003,2025-11-24,Social,Founder,Desktop,Europe,1-10,0.717,55.88,False,False,Free,Free,,0
U107353,2025-11-24,Content,Student / Hobby,Desktop,Europe,1-10,0.428,32.4,True,False,Free,Free,,0
U108457,2025-11-24,Organic Search,Founder,Mobile,North America,11-50,1.375,16.62,False,False,Free,Free,,0
U104357,2025-11-24,Social,Sales Team,Mobile,Europe,1-10,0.683,5.06,False,False,Free,Free,,0
U107465,2025-11-24,Paid Search,Marketing Team,Desktop,North America,201-1000,0.594,11.48,False,False,Free,Free,,0
U105736,2025-11-24,Social,Sales Team,Desktop,North America,1-10,1.041,29.66,False,False,Free,Free,,0
U103380,2025-11-25,Organic Search,Founder,Desktop,North America,1-10,1.117,8.84,True,True,Paid,Scale,2025-11-27,149
U105529,2025-11-25,Referral,Ops Manager,Desktop,North America,51-200,1.151,31.09,True,True,Trial,Free,,0
U105748,2025-11-25,Organic Search,Ops Manager,Desktop,Europe,1-10,1.186,12.95,True,False,Free,Free,,0
U106850,2025-11-25,Organic Search,Sales Team,Desktop,LATAM,201-1000,1.062,22.72,False,False,Free,Free,,0
U103971,2025-11-25,Content,Marketing Team,Desktop,Europe,11-50,1.036,10.73,False,False,Free,Free,,0
U106469,2025-11-25,Paid Search,Founder,Desktop,North America,1-10,0.849,50.93,False,False,Free,Free,,0
U107158,2025-11-25,Organic Search,Ops Manager,Desktop,North America,201-1000,1.215,17.22,True,False,Free,Free,,0
U103237,2025-11-25,Paid Search,Student / Hobby,Desktop,North America,1-10,0.637,19.62,False,False,Free,Free,,0
U100720,2025-11-26,Referral,Founder,Desktop,North America,1000+,1.315,18.69,True,True,Paid,Growth,2025-11-29,59
U106347,2025-11-26,Referral,Student / Hobby,Desktop,APAC,11-50,0.662,29.42,False,False,Free,Free,,0
U107455,2025-11-26,Organic Search,Sales Team,Desktop,APAC,1000+,0.729,121.76,False,False,Free,Free,,0
U107905,2025-11-26,Paid Search,Founder,Desktop,North America,1000+,0.963,22.16,True,False,Free,Free,,0
U107080,2025-11-26,Referral,Sales Team,Desktop,Europe,1-10,1.178,6.87,True,True,Trial,Free,,0
U104794,2025-11-26,Referral,Marketing Team,Mobile,North America,11-50,1.448,6.0,False,False,Free,Free,,0
U100892,2025-11-26,Content,Marketing Team,Desktop,Europe,1-10,1.045,12.8,False,False,Free,Free,,0
U107123,2025-11-26,Organic Search,Ops Manager,Desktop,Europe,11-50,1.18,34.63,True,False,Free,Free,,0
U102824,2025-11-26,Content,Ops Manager,Desktop,North America,11-50,1.399,25.79,False,False,Free,Free,,0
U100224,2025-11-26,Paid Search,Marketing Team,Desktop,North America,11-50,0.539,41.02,False,False,Free,Free,,0
U107378,2025-11-27,Paid Search,Ops Manager,Mobile,North America,11-50,0.893,12.49,False,False,Free,Free,,0
U101518,2025-11-27,Organic Search,Sales Team,Desktop,LATAM,11-50,1.227,2.99,True,False,Free,Free,,0
U107196,2025-11-27,Content,Ops Manager,Desktop,North America,1000+,1.274,19.63,False,False,Free,Free,,0
U106137,2025-11-27,Content,Ops Manager,Tablet,North America,201-1000,1.017,26.27,True,False,Free,Free,,0
U106886,2025-11-27,Referral,Sales Team,Tablet,North America,1-10,1.677,11.9,True,True,Trial,Free,,0
U102436,2025-11-27,Referral,Ops Manager,Desktop,North America,51-200,1.43,9.67,True,False,Free,Free,,0
U105271,2025-11-27,Referral,Ops Manager,Desktop,APAC,11-50,1.493,9.69,True,True,Trial,Free,,0
U104259,2025-11-27,Paid Search,Founder,Desktop,North America,1-10,0.965,29.67,False,False,Free,Free,,0
U100527,2025-11-28,Paid Search,Student / Hobby,Mobile,LATAM,1-10,0.25,24.64,False,False,Free,Free,,0
U102535,2025-11-28,Organic Search,Ops Manager,Mobile,Europe,11-50,1.541,6.4,True,True,Paid,Starter,2025-12-01,19
U107111,2025-11-28,Organic Search,Sales Team,Desktop,APAC,1-10,0.859,34.69,False,False,Free,Free,,0
U101744,2025-11-28,Organic Search,Marketing Team,Mobile,North America,11-50,0.972,9.85,True,True,Paid,Starter,2025-12-05,19
U102949,2025-11-28,Organic Search,Founder,Desktop,Europe,1-10,1.094,16.88,True,True,Trial,Free,,0
U105281,2025-11-28,Social,Founder,Desktop,North America,11-50,0.851,8.45,False,False,Free,Free,,0
U106332,2025-11-28,Paid Search,Founder,Desktop,North America,51-200,1.257,9.73,False,False,Free,Free,,0
U108242,2025-11-28,Organic Search,Sales Team,Mobile,APAC,51-200,0.631,25.43,False,False,Free,Free,,0
U107978,2025-11-28,Paid Search,Founder,Desktop,North America,11-50,0.887,8.2,False,False,Free,Free,,0
U107899,2025-11-28,Referral,Student / Hobby,Mobile,LATAM,1-10,0.25,22.36,False,False,Free,Free,,0
U100137,2025-11-29,Content,Sales Team,Desktop,North America,1-10,1.511,16.56,False,False,Free,Free,,0
U103511,2025-11-29,Referral,Ops Manager,Desktop,Europe,1-10,1.289,13.4,True,False,Free,Free,,0
U103271,2025-11-29,Content,Student / Hobby,Desktop,Europe,1-10,0.693,35.39,True,False,Free,Free,,0
U102622,2025-11-29,Partnership,Founder,Desktop,APAC,11-50,1.319,4.52,False,False,Free,Free,,0
U103103,2025-11-29,Paid Search,Founder,Desktop,LATAM,1-10,1.279,21.91,False,False,Free,Free,,0
U100905,2025-11-29,Referral,Ops Manager,Mobile,APAC,51-200,1.895,11.95,True,True,Trial,Free,,0
U107407,2025-11-29,Referral,Founder,Desktop,Europe,11-50,1.242,4.14,False,False,Free,Free,,0
U100688,2025-11-29,Organic Search,Student / Hobby,Desktop,North America,1-10,0.378,72.02,False,False,Free,Free,,0
U102491,2025-11-29,Paid Search,Sales Team,Mobile,North America,11-50,0.66,16.97,False,False,Free,Free,,0
U100342,2025-11-29,Organic Search,Ops Manager,Mobile,North America,1-10,1.086,21.97,False,False,Free,Free,,0
U103952,2025-11-29,Paid Search,Founder,Desktop,North America,201-1000,0.699,17.33,False,False,Free,Free,,0
U101385,2025-11-29,Referral,Ops Manager,Mobile,Europe,1-10,1.768,6.3,True,True,Trial,Free,,0
U103845,2025-11-29,Organic Search,Marketing Team,Mobile,Europe,11-50,0.756,51.21,False,False,Free,Free,,0
U104261,2025-11-29,Paid Search,Student / Hobby,Desktop,North America,11-50,0.304,11.39,True,False,Free,Free,,0
U100724,2025-11-29,Paid Search,Marketing Team,Desktop,Europe,1-10,1.006,24.4,False,False,Free,Free,,0
U106658,2025-11-29,Organic Search,Student / Hobby,Tablet,North America,1-10,0.703,17.54,False,False,Free,Free,,0
U105445,2025-11-30,Paid Search,Founder,Desktop,Europe,11-50,0.854,13.85,True,True,Paid,Starter,2025-12-06,19
U106580,2025-11-30,Content,Founder,Tablet,MEA,1-10,0.74,33.95,False,False,Free,Free,,0
U108210,2025-11-30,Organic Search,Ops Manager,Mobile,Europe,11-50,1.031,44.61,False,False,Free,Free,,0
U105884,2025-11-30,Paid Search,Ops Manager,Desktop,Europe,1-10,0.973,8.34,False,False,Free,Free,,0
U101502,2025-11-30,Paid Search,Founder,Tablet,APAC,201-1000,1.21,26.18,False,False,Free,Free,,0
U103787,2025-11-30,Social,Ops Manager,Mobile,APAC,51-200,1.083,17.8,False,False,Free,Free,,0
U105418,2025-11-30,Referral,Student / Hobby,Desktop,Europe,51-200,0.417,24.86,False,False,Free,Free,,0
U101699,2025-11-30,Referral,Marketing Team,Desktop,North America,1-10,1.126,17.13,True,True,Paid,Scale,2025-12-07,149
U100850,2025-12-01,Paid Search,Founder,Desktop,North America,51-200,1.182,43.16,False,False,Free,Free,,0
U107045,2025-12-01,Paid Search,Founder,Mobile,North America,11-50,1.084,25.4,False,False,Free,Free,,0
U107536,2025-12-01,Organic Search,Sales Team,Mobile,North America,51-200,0.718,24.77,False,False,Free,Free,,0
U106407,2025-12-01,Social,Founder,Mobile,North America,1-10,1.222,6.59,False,False,Free,Free,,0
U101832,2025-12-01,Organic Search,Founder,Desktop,North America,1-10,1.134,10.5,True,True,Trial,Free,,0
U108029,2025-12-01,Organic Search,Ops Manager,Tablet,Europe,1-10,0.974,11.62,True,False,Free,Free,,0
U105911,2025-12-01,Content,Ops Manager,Desktop,North America,51-200,1.098,38.29,False,False,Free,Free,,0
U105541,2025-12-01,Social,Ops Manager,Desktop,Europe,1000+,1.058,5.9,False,False,Free,Free,,0
U103772,2025-12-01,Referral,Founder,Desktop,North America,1000+,1.756,22.65,True,False,Free,Free,,0
U104171,2025-12-01,Content,Founder,Tablet,APAC,1-10,1.169,12.42,False,False,Free,Free,,0
U103727,2025-12-01,Organic Search,Sales Team,Desktop,North America,11-50,1.237,4.61,False,False,Free,Free,,0
U103780,2025-12-01,Social,Sales Team,Mobile,Europe,1-10,0.665,9.8,False,False,Free,Free,,0
U100100,2025-12-01,Organic Search,Ops Manager,Mobile,Europe,1-10,1.714,6.59,True,False,Free,Free,,0
U100605,2025-12-02,Paid Search,Founder,Desktop,Europe,11-50,0.87,23.46,False,False,Free,Free,,0
U106248,2025-12-02,Paid Search,Marketing Team,Mobile,APAC,11-50,0.802,14.77,True,False,Free,Free,,0
U107046,2025-12-02,Social,Student / Hobby,Mobile,Europe,1-10,0.433,17.63,False,False,Free,Free,,0
U105213,2025-12-02,Organic Search,Ops Manager,Desktop,North America,11-50,1.519,18.71,False,False,Free,Free,,0
U101335,2025-12-02,Organic Search,Ops Manager,Desktop,Europe,11-50,1.49,12.03,True,False,Free,Free,,0
U105993,2025-12-02,Organic Search,Student / Hobby,Desktop,Europe,201-1000,0.4,54.82,False,False,Free,Free,,0
U103072,2025-12-03,Social,Ops Manager,Mobile,Europe,1-10,0.775,39.33,True,True,Paid,Starter,2025-12-08,19
U101607,2025-12-03,Organic Search,Sales Team,Mobile,North America,1000+,0.946,43.28,False,False,Free,Free,,0
U105497,2025-12-03,Organic Search,Marketing Team,Desktop,North America,1-10,0.962,10.06,False,False,Free,Free,,0
U108429,2025-12-03,Paid Search,Founder,Desktop,MEA,1-10,0.697,12.27,True,False,Free,Free,,0
U103162,2025-12-03,Organic Search,Ops Manager,Desktop,North America,1-10,1.204,3.97,False,False,Free,Free,,0
U101407,2025-12-03,Social,Marketing Team,Desktop,North America,11-50,0.544,32.21,True,False,Free,Free,,0
U103094,2025-12-03,Content,Founder,Desktop,North America,51-200,1.111,30.32,True,False,Free,Free,,0
U107678,2025-12-03,Paid Search,Marketing Team,Mobile,APAC,11-50,0.883,25.35,False,False,Free,Free,,0
U108171,2025-12-03,Referral,Marketing Team,Tablet,North America,1-10,1.394,31.26,False,False,Free,Free,,0
U103620,2025-12-03,Social,Ops Manager,Mobile,MEA,1-10,1.015,19.09,False,False,Free,Free,,0
U107507,2025-12-03,Organic Search,Marketing Team,Mobile,APAC,11-50,0.858,30.58,False,False,Free,Free,,0
U108266,2025-12-03,Paid Search,Founder,Desktop,Europe,1-10,0.666,5.09,True,False,Free,Free,,0
U101334,2025-12-04,Referral,Founder,Desktop,APAC,1-10,1.781,17.09,True,True,Trial,Free,,0
U106300,2025-12-04,Organic Search,Founder,Mobile,LATAM,11-50,1.105,17.73,False,False,Free,Free,,0
U103632,2025-12-04,Referral,Sales Team,Desktop,Europe,11-50,0.931,49.36,False,False,Free,Free,,0
U106982,2025-12-04,Social,Sales Team,Desktop,Europe,11-50,0.602,43.91,False,False,Free,Free,,0
U107786,2025-12-04,Social,Ops Manager,Tablet,Europe,11-50,1.039,24.3,False,False,Free,Free,,0
U108011,2025-12-04,Paid Search,Student / Hobby,Desktop,APAC,1-10,0.25,120.74,False,False,Free,Free,,0
U104785,2025-12-05,Organic Search,Ops Manager,Desktop,Europe,1-10,1.27,11.98,False,False,Free,Free,,0
U103470,2025-12-05,Partnership,Ops Manager,Desktop,Europe,11-50,1.941,6.41,False,False,Free,Free,,0
U100233,2025-12-05,Paid Search,Ops Manager,Desktop,North America,1-10,1.321,5.27,True,False,Free,Free,,0
U106588,2025-12-05,Referral,Ops Manager,Desktop,North America,51-200,1.625,22.1,False,False,Free,Free,,0
U106106,2025-12-05,Referral,Sales Team,Mobile,North America,11-50,1.089,9.5,True,False,Free,Free,,0
U104061,2025-12-05,Paid Search,Marketing Team,Desktop,North America,11-50,0.697,5.93,False,False,Free,Free,,0
U103296,2025-12-05,Social,Founder,Desktop,APAC,11-50,1.02,33.55,False,False,Free,Free,,0
U108424,2025-12-05,Organic Search,Marketing Team,Mobile,Europe,51-200,0.668,31.68,False,False,Free,Free,,0
U102255,2025-12-05,Organic Search,Sales Team,Mobile,LATAM,1-10,0.968,13.83,True,False,Free,Free,,0
U105891,2025-12-05,Social,Founder,Mobile,North America,1-10,0.588,101.89,False,False,Free,Free,,0
U106952,2025-12-05,Social,Sales Team,Desktop,North America,11-50,0.703,38.89,True,False,Free,Free,,0
U107831,2025-12-05,Organic Search,Sales Team,Desktop,North America,51-200,0.977,33.64,True,True,Trial,Free,,0
U100032,2025-12-06,Social,Ops Manager,Desktop,APAC,51-200,1.245,15.08,False,False,Free,Free,,0
U106288,2025-12-06,Organic Search,Sales Team,Desktop,North America,51-200,1.009,16.64,False,False,Free,Free,,0
U105749,2025-12-06,Partnership,Marketing Team,Mobile,North America,11-50,1.05,30.88,True,True,Trial,Free,,0
U105750,2025-12-06,Social,Founder,Desktop,North America,1-10,0.543,65.03,False,False,Free,Free,,0
U107016,2025-12-06,Content,Ops Manager,Desktop,LATAM,11-50,1.147,13.06,True,False,Free,Free,,0
U102907,2025-12-06,Organic Search,Founder,Desktop,Europe,1000+,1.082,44.55,False,False,Free,Free,,0
U107327,2025-12-06,Organic Search,Ops Manager,Mobile,Europe,51-200,1.284,25.3,True,False,Free,Free,,0
U102182,2025-12-06,Organic Search,Marketing Team,Desktop,Europe,1-10,0.954,18.9,True,False,Free,Free,,0
U106579,2025-12-07,Organic Search,Marketing Team,Desktop,Europe,11-50,0.779,16.9,False,False,Free,Free,,0
U106981,2025-12-07,Paid Search,Student / Hobby,Desktop,MEA,11-50,0.25,71.49,False,False,Free,Free,,0
U106521,2025-12-07,Content,Ops Manager,Desktop,North America,11-50,1.62,9.09,True,False,Free,Free,,0
U102962,2025-12-07,Content,Founder,Desktop,LATAM,1-10,1.52,3.05,False,False,Free,Free,,0
U100104,2025-12-07,Paid Search,Founder,Desktop,Europe,1-10,0.743,22.52,False,False,Free,Free,,0
U104464,2025-12-07,Organic Search,Founder,Desktop,APAC,201-1000,1.353,16.64,True,True,Trial,Free,,0
U100613,2025-12-07,Paid Search,Sales Team,Desktop,North America,1-10,0.326,70.91,False,False,Free,Free,,0
U102180,2025-12-07,Organic Search,Ops Manager,Mobile,APAC,1-10,1.678,11.08,True,True,Trial,Free,,0
U106820,2025-12-07,Referral,Founder,Mobile,North America,11-50,1.68,5.29,False,False,Free,Free,,0
U101972,2025-12-07,Social,Ops Manager,Desktop,Europe,51-200,1.218,16.97,True,True,Paid,Starter,2025-12-08,19
U105975,2025-12-07,Organic Search,Ops Manager,Desktop,Europe,1-10,1.147,43.18,False,False,Free,Free,,0
U101403,2025-12-07,Organic Search,Marketing Team,Desktop,MEA,1-10,0.837,23.29,False,False,Free,Free,,0
U102547,2025-12-08,Referral,Ops Manager,Tablet,North America,51-200,1.783,6.26,False,False,Free,Free,,0
U100023,2025-12-08,Social,Sales Team,Mobile,North America,11-50,0.776,25.99,False,False,Free,Free,,0
U104480,2025-12-08,Organic Search,Ops Manager,Desktop,North America,11-50,1.439,15.27,True,False,Free,Free,,0
U107318,2025-12-08,Organic Search,Marketing Team,Desktop,LATAM,1-10,0.98,24.09,False,False,Free,Free,,0
U107879,2025-12-08,Organic Search,Ops Manager,Desktop,North America,11-50,1.498,28.32,True,False,Free,Free,,0
U102068,2025-12-08,Content,Founder,Desktop,North America,51-200,1.289,19.34,False,False,Free,Free,,0
U101954,2025-12-08,Referral,Student / Hobby,Desktop,North America,11-50,0.462,75.26,False,False,Free,Free,,0
U101956,2025-12-08,Paid Search,Ops Manager,Mobile,North America,11-50,0.941,10.59,False,False,Free,Free,,0
U101271,2025-12-08,Organic Search,Ops Manager,Mobile,North America,11-50,1.334,8.89,False,False,Free,Free,,0
U108310,2025-12-08,Social,Sales Team,Desktop,APAC,1-10,0.913,16.46,False,False,Free,Free,,0
U102291,2025-12-09,Content,Founder,Mobile,APAC,11-50,1.414,12.61,False,False,Free,Free,,0
U105547,2025-12-09,Organic Search,Ops Manager,Desktop,North America,11-50,1.248,2.38,True,True,Paid,Growth,2025-12-16,59
U100202,2025-12-09,Organic Search,Ops Manager,Desktop,Europe,1-10,1.253,33.18,True,False,Free,Free,,0
U101758,2025-12-09,Referral,Founder,Desktop,Europe,1-10,0.916,32.01,True,False,Free,Free,,0
U101420,2025-12-09,Referral,Founder,Tablet,North America,11-50,1.957,6.48,False,False,Free,Free,,0
U103251,2025-12-09,Organic Search,Founder,Desktop,Europe,11-50,0.881,8.33,False,False,Free,Free,,0
U102711,2025-12-09,Referral,Founder,Mobile,North America,1-10,1.55,14.76,True,True,Paid,Growth,2025-12-13,59
U103514,2025-12-09,Organic Search,Ops Manager,Desktop,North America,1-10,1.43,6.03,False,False,Free,Free,,0
U104452,2025-12-10,Organic Search,Ops Manager,Desktop,MEA,1-10,1.147,8.44,True,True,Paid,Growth,2025-12-10,59
U107680,2025-12-10,Referral,Sales Team,Desktop,North America,11-50,0.938,15.85,False,False,Free,Free,,0
U103565,2025-12-10,Organic Search,Founder,Mobile,APAC,1-10,1.322,10.09,True,False,Free,Free,,0
U108212,2025-12-10,Referral,Founder,Desktop,Europe,11-50,1.334,39.31,False,False,Free,Free,,0
U106373,2025-12-10,Paid Search,Sales Team,Desktop,North America,201-1000,1.311,3.59,False,False,Free,Free,,0
U108387,2025-12-10,Organic Search,Sales Team,Mobile,North America,11-50,0.695,27.36,False,False,Free,Free,,0
U107984,2025-12-10,Social,Sales Team,Tablet,MEA,1-10,1.597,4.21,True,False,Free,Free,,0
U106095,2025-12-10,Organic Search,Sales Team,Desktop,MEA,11-50,0.933,52.62,True,True,Trial,Free,,0
U107819,2025-12-10,Referral,Sales Team,Desktop,MEA,1-10,1.134,11.21,False,False,Free,Free,,0
U108156,2025-12-10,Organic Search,Marketing Team,Desktop,APAC,1-10,1.011,10.18,False,False,Free,Free,,0
U104610,2025-12-10,Organic Search,Sales Team,Desktop,APAC,1-10,0.844,22.59,False,False,Free,Free,,0
U107178,2025-12-10,Paid Search,Founder,Desktop,North America,11-50,0.941,29.33,False,False,Free,Free,,0
U105196,2025-12-11,Referral,Founder,Mobile,APAC,1-10,1.781,11.92,True,False,Free,Free,,0
U106485,2025-12-11,Paid Search,Ops Manager,Mobile,APAC,51-200,0.972,41.88,False,False,Free,Free,,0
U106834,2025-12-11,Content,Founder,Mobile,Europe,201-1000,1.317,22.02,False,False,Free,Free,,0
U102897,2025-12-11,Organic Search,Student / Hobby,Mobile,Europe,11-50,0.351,16.39,False,False,Free,Free,,0
U108454,2025-12-11,Paid Search,Founder,Desktop,North America,51-200,0.987,16.21,False,False,Free,Free,,0
U103885,2025-12-11,Organic Search,Ops Manager,Mobile,LATAM,1-10,0.891,39.5,False,False,Free,Free,,0
U103393,2025-12-11,Paid Search,Student / Hobby,Desktop,North America,11-50,0.32,68.09,False,False,Free,Free,,0
U106930,2025-12-11,Referral,Founder,Desktop,North America,1-10,1.53,10.12,False,False,Free,Free,,0
U101375,2025-12-11,Referral,Ops Manager,Tablet,MEA,11-50,1.58,14.4,True,False,Free,Free,,0
U102412,2025-12-11,Organic Search,Founder,Mobile,North America,1-10,1.376,4.61,True,True,Trial,Free,,0
U108273,2025-12-11,Partnership,Student / Hobby,Desktop,Europe,51-200,0.764,48.41,False,False,Free,Free,,0
U103046,2025-12-12,Partnership,Sales Team,Mobile,Europe,1-10,1.018,20.36,False,False,Free,Free,,0
U101194,2025-12-12,Organic Search,Marketing Team,Mobile,APAC,51-200,1.02,7.79,True,False,Free,Free,,0
U108168,2025-12-12,Paid Search,Founder,Mobile,North America,11-50,0.892,7.49,False,False,Free,Free,,0
U101412,2025-12-12,Referral,Ops Manager,Desktop,North America,11-50,1.778,3.76,False,False,Free,Free,,0
U103736,2025-12-12,Organic Search,Ops Manager,Desktop,APAC,1-10,1.129,15.62,True,False,Free,Free,,0
U100006,2025-12-12,Organic Search,Founder,Tablet,North America,11-50,0.855,7.54,False,False,Free,Free,,0
U104219,2025-12-12,Content,Student / Hobby,Desktop,North America,51-200,0.446,72.55,True,True,Trial,Free,,0
U101436,2025-12-12,Social,Sales Team,Desktop,North America,1-10,0.551,14.27,False,False,Free,Free,,0
U104231,2025-12-12,Paid Search,Founder,Mobile,North America,1-10,0.8,42.49,False,False,Free,Free,,0
U101066,2025-12-12,Paid Search,Marketing Team,Desktop,Europe,51-200,0.988,61.99,True,False,Free,Free,,0
U107544,2025-12-12,Social,Ops Manager,Desktop,LATAM,1000+,1.386,26.2,False,False,Free,Free,,0
U107570,2025-12-13,Partnership,Founder,Desktop,North America,11-50,1.151,19.67,False,False,Free,Free,,0
U102077,2025-12-13,Organic Search,Founder,Mobile,North America,51-200,1.345,2.18,False,False,Free,Free,,0
U106736,2025-12-13,Social,Student / Hobby,Desktop,APAC,51-200,0.44,118.25,False,False,Free,Free,,0
U106389,2025-12-13,Organic Search,Student / Hobby,Mobile,Europe,11-50,0.694,6.88,True,False,Free,Free,,0
U107012,2025-12-13,Paid Search,Marketing Team,Desktop,LATAM,1-10,0.501,41.78,False,False,Free,Free,,0
U106774,2025-12-13,Paid Search,Student / Hobby,Desktop,North America,1-10,0.666,24.57,True,False,Free,Free,,0
U101440,2025-12-13,Referral,Marketing Team,Desktop,Europe,1-10,1.527,3.03,False,False,Free,Free,,0
U101135,2025-12-13,Paid Search,Ops Manager,Desktop,Europe,11-50,0.894,16.68,False,False,Free,Free,,0
U105130,2025-12-13,Organic Search,Ops Manager,Desktop,Europe,1-10,0.914,9.87,False,False,Free,Free,,0
U101268,2025-12-14,Organic Search,Founder,Desktop,North America,51-200,0.908,21.45,True,False,Free,Free,,0
U101085,2025-12-14,Paid Search,Ops Manager,Desktop,Europe,11-50,1.311,3.12,True,False,Free,Free,,0
U105393,2025-12-14,Organic Search,Student / Hobby,Desktop,APAC,51-200,0.477,56.09,False,False,Free,Free,,0
U107769,2025-12-14,Referral,Ops Manager,Desktop,APAC,1-10,1.504,32.29,False,False,Free,Free,,0
U100625,2025-12-14,Referral,Sales Team,Desktop,North America,201-1000,1.421,31.52,True,True,Trial,Free,,0
U102057,2025-12-14,Paid Search,Ops Manager,Desktop,Europe,1-10,1.138,3.05,True,True,Paid,Starter,2025-12-22,19
U104701,2025-12-14,Organic Search,Founder,Desktop,North America,11-50,1.152,22.48,False,False,Free,Free,,0
U108048,2025-12-14,Organic Search,Marketing Team,Desktop,North America,1-10,0.774,13.94,False,False,Free,Free,,0
U104596,2025-12-14,Paid Search,Founder,Desktop,North America,11-50,1.173,27.01,False,False,Free,Free,,0
U108079,2025-12-14,Organic Search,Sales Team,Tablet,Europe,11-50,0.941,29.62,False,False,Free,Free,,0
U107051,2025-12-15,Organic Search,Sales Team,Desktop,APAC,11-50,0.996,22.98,False,False,Free,Free,,0
U106703,2025-12-15,Organic Search,Student / Hobby,Desktop,North America,1-10,1.074,28.23,False,False,Free,Free,,0
U103991,2025-12-15,Social,Founder,Desktop,Europe,51-200,0.597,98.66,False,False,Free,Free,,0
U106107,2025-12-15,Paid Search,Ops Manager,Desktop,North America,51-200,1.146,3.35,False,False,Free,Free,,0
U107022,2025-12-15,Organic Search,Sales Team,Desktop,North America,1000+,0.85,51.13,False,False,Free,Free,,0
U100297,2025-12-15,Paid Search,Founder,Desktop,APAC,11-50,0.713,29.14,True,False,Free,Free,,0
U102999,2025-12-15,Social,Ops Manager,Desktop,Europe,51-200,0.907,9.38,False,False,Free,Free,,0
U101713,2025-12-15,Paid Search,Sales Team,Desktop,North America,1-10,0.828,7.39,False,False,Free,Free,,0
U106021,2025-12-15,Social,Student / Hobby,Desktop,Europe,11-50,0.25,87.06,False,False,Free,Free,,0
U104364,2025-12-15,Paid Search,Marketing Team,Mobile,North America,11-50,0.25,71.61,False,False,Free,Free,,0
U100873,2025-12-15,Paid Search,Ops Manager,Desktop,APAC,1-10,0.905,30.05,False,False,Free,Free,,0
U106171,2025-12-16,Organic Search,Marketing Team,Desktop,APAC,11-50,0.845,9.42,False,False,Free,Free,,0
U108202,2025-12-16,Social,Marketing Team,Desktop,Europe,51-200,0.603,39.24,False,False,Free,Free,,0
U100447,2025-12-16,Organic Search,Ops Manager,Desktop,North America,1-10,1.924,22.68,True,True,Paid,Scale,2025-12-23,149
U100457,2025-12-16,Organic Search,Sales Team,Desktop,North America,201-1000,1.252,9.68,True,False,Free,Free,,0
U101115,2025-12-16,Referral,Sales Team,Mobile,North America,51-200,0.945,10.37,True,False,Free,Free,,0
U108070,2025-12-16,Paid Search,Marketing Team,Desktop,North America,1-10,0.664,24.82,False,False,Free,Free,,0
U105516,2025-12-16,Partnership,Ops Manager,Desktop,North America,11-50,1.331,12.73,True,False,Free,Free,,0
U104954,2025-12-16,Referral,Sales Team,Mobile,APAC,11-50,1.101,37.26,True,True,Trial,Free,,0
U107916,2025-12-16,Content,Sales Team,Mobile,APAC,11-50,1.349,2.74,False,False,Free,Free,,0
U102825,2025-12-16,Social,Founder,Desktop,North America,1-10,1.053,29.33,True,True,Trial,Free,,0
U104547,2025-12-16,Referral,Ops Manager,Mobile,North America,11-50,1.455,14.82,True,False,Free,Free,,0
U107576,2025-12-16,Paid Search,Founder,Desktop,North America,11-50,1.04,37.04,False,False,Free,Free,,0
U102045,2025-12-16,Partnership,Marketing Team,Desktop,Europe,1-10,0.941,9.23,True,False,Free,Free,,0
U105050,2025-12-16,Paid Search,Sales Team,Mobile,Europe,51-200,0.907,25.45,False,False,Free,Free,,0
U100599,2025-12-17,Paid Search,Ops Manager,Desktop,North America,1-10,1.046,20.55,False,False,Free,Free,,0
U108366,2025-12-17,Referral,Ops Manager,Desktop,MEA,11-50,1.509,29.62,False,False,Free,Free,,0
U105577,2025-12-17,Referral,Marketing Team,Desktop,APAC,1-10,1.357,2.41,True,False,Free,Free,,0
U107204,2025-12-17,Organic Search,Ops Manager,Tablet,Europe,1-10,1.439,9.66,False,False,Free,Free,,0
U100915,2025-12-17,Paid Search,Ops Manager,Desktop,Europe,201-1000,1.169,27.12,True,True,Trial,Free,,0
U101487,2025-12-17,Organic Search,Student / Hobby,Mobile,North America,11-50,0.52,14.48,False,False,Free,Free,,0
U101345,2025-12-17,Organic Search,Founder,Desktop,APAC,1000+,1.023,44.69,False,False,Free,Free,,0
U104584,2025-12-17,Organic Search,Sales Team,Mobile,APAC,11-50,1.008,13.39,False,False,Free,Free,,0
U102892,2025-12-17,Organic Search,Ops Manager,Desktop,North America,51-200,1.316,6.12,False,False,Free,Free,,0
U103161,2025-12-17,Organic Search,Sales Team,Desktop,North America,1-10,0.798,32.98,False,False,Free,Free,,0
U101635,2025-12-18,Paid Search,Founder,Desktop,Europe,1-10,0.927,64.84,False,False,Free,Free,,0
U105713,2025-12-18,Organic Search,Ops Manager,Mobile,North America,11-50,1.421,17.26,False,False,Free,Free,,0
U106839,2025-12-18,Organic Search,Founder,Desktop,APAC,51-200,0.898,25.04,False,False,Free,Free,,0
U108399,2025-12-18,Paid Search,Ops Manager,Desktop,Europe,1-10,0.842,21.64,True,False,Free,Free,,0
U100838,2025-12-18,Social,Founder,Desktop,North America,201-1000,0.709,99.86,False,False,Free,Free,,0
U105075,2025-12-19,Content,Ops Manager,Mobile,North America,1-10,1.215,27.06,False,False,Free,Free,,0
U103433,2025-12-19,Referral,Founder,Desktop,APAC,1-10,1.284,12.15,False,False,Free,Free,,0
U108075,2025-12-19,Organic Search,Founder,Mobile,Europe,11-50,1.241,9.32,False,False,Free,Free,,0
U100785,2025-12-19,Social,Founder,Mobile,North America,11-50,1.157,26.88,False,False,Free,Free,,0
U107911,2025-12-19,Referral,Ops Manager,Desktop,North America,51-200,1.543,7.6,False,False,Free,Free,,0
U101702,2025-12-19,Organic Search,Ops Manager,Desktop,North America,51-200,1.7,10.96,True,True,Paid,Growth,2025-12-21,59
U100914,2025-12-19,Referral,Student / Hobby,Mobile,MEA,11-50,0.608,40.77,False,False,Free,Free,,0
U104944,2025-12-19,Paid Search,Sales Team,Desktop,LATAM,11-50,0.931,8.87,False,False,Free,Free,,0
U100614,2025-12-19,Social,Founder,Mobile,North America,1-10,0.876,8.61,True,False,Free,Free,,0
U107602,2025-12-19,Organic Search,Student / Hobby,Desktop,LATAM,11-50,0.663,2.06,False,False,Free,Free,,0
U103174,2025-12-19,Paid Search,Founder,Desktop,North America,11-50,1.034,14.32,False,False,Free,Free,,0
U107296,2025-12-19,Social,Marketing Team,Desktop,Europe,11-50,0.905,24.61,True,True,Paid,Starter,2025-12-27,19
U107606,2025-12-20,Social,Founder,Mobile,APAC,11-50,0.89,19.01,True,False,Free,Free,,0
U105283,2025-12-20,Paid Search,Marketing Team,Desktop,LATAM,51-200,1.123,25.61,True,False,Free,Free,,0
U101874,2025-12-20,Organic Search,Founder,Desktop,LATAM,1-10,1.132,28.3,False,False,Free,Free,,0
U100623,2025-12-20,Social,Ops Manager,Mobile,North America,1-10,0.765,33.68,True,False,Free,Free,,0
U103035,2025-12-20,Content,Sales Team,Desktop,North America,1-10,1.181,15.71,False,False,Free,Free,,0
U101873,2025-12-20,Social,Marketing Team,Desktop,APAC,11-50,0.284,143.41,False,False,Free,Free,,0
U106615,2025-12-20,Partnership,Founder,Mobile,APAC,1-10,1.28,7.17,True,False,Free,Free,,0
U102326,2025-12-20,Content,Founder,Desktop,Europe,1-10,1.481,2.82,True,True,Trial,Free,,0
U104178,2025-12-20,Organic Search,Marketing Team,Desktop,North America,51-200,1.054,22.03,False,False,Free,Free,,0
U102387,2025-12-21,Referral,Marketing Team,Desktop,LATAM,51-200,0.872,48.47,False,False,Free,Free,,0
U102895,2025-12-21,Content,Founder,Desktop,North America,1-10,1.27,17.4,False,False,Free,Free,,0
U101989,2025-12-21,Content,Founder,Mobile,North America,1-10,0.699,12.97,False,False,Free,Free,,0
U106909,2025-12-21,Organic Search,Student / Hobby,Desktop,LATAM,51-200,0.847,35.71,False,False,Free,Free,,0
U102941,2025-12-21,Organic Search,Founder,Desktop,Europe,1-10,1.178,12.5,True,False,Free,Free,,0
U103887,2025-12-21,Organic Search,Marketing Team,Desktop,MEA,1-10,0.975,12.02,False,False,Free,Free,,0
U102694,2025-12-21,Partnership,Founder,Tablet,Europe,1-10,1.004,15.14,False,False,Free,Free,,0
U107021,2025-12-21,Paid Search,Founder,Desktop,North America,11-50,1.14,12.22,False,False,Free,Free,,0
U107246,2025-12-21,Organic Search,Founder,Desktop,North America,11-50,1.1,24.38,False,False,Free,Free,,0
U100386,2025-12-21,Organic Search,Founder,Desktop,North America,11-50,0.836,25.36,False,False,Free,Free,,0
U104603,2025-12-21,Content,Sales Team,Desktop,North America,1-10,1.145,2.02,False,False,Free,Free,,0
U101706,2025-12-21,Organic Search,Ops Manager,Desktop,LATAM,1-10,1.531,3.64,True,True,Paid,Growth,2025-12-29,59
U103171,2025-12-21,Organic Search,Founder,Desktop,APAC,201-1000,1.298,5.98,False,False,Free,Free,,0
U102262,2025-12-21,Organic Search,Founder,Mobile,Europe,11-50,1.03,27.27,True,True,Trial,Free,,0
U102051,2025-12-22,Referral,Ops Manager,Desktop,North America,1-10,1.253,4.46,True,False,Free,Free,,0
U107825,2025-12-22,Social,Marketing Team,Desktop,North America,201-1000,0.661,9.1,False,False,Free,Free,,0
U102794,2025-12-22,Organic Search,Ops Manager,Mobile,North America,11-50,1.526,4.17,True,True,Paid,Starter,2025-12-28,19
U103761,2025-12-22,Organic Search,Sales Team,Desktop,LATAM,51-200,1.134,8.42,False,False,Free,Free,,0
U103513,2025-12-22,Partnership,Sales Team,Desktop,APAC,1-10,0.845,15.25,False,False,Free,Free,,0
U100981,2025-12-22,Referral,Ops Manager,Desktop,North America,1000+,1.88,15.58,False,False,Free,Free,,0
U107230,2025-12-22,Organic Search,Founder,Mobile,LATAM,11-50,1.199,15.52,False,False,Free,Free,,0
U106200,2025-12-23,Paid Search,Ops Manager,Desktop,APAC,1-10,1.085,15.36,True,True,Paid,Growth,2025-12-23,59
U100541,2025-12-23,Organic Search,Sales Team,Tablet,North America,1-10,1.189,13.47,True,True,Paid,Starter,2025-12-26,19
U108080,2025-12-23,Paid Search,Marketing Team,Tablet,Europe,1-10,0.741,32.14,True,False,Free,Free,,0
U104543,2025-12-23,Social,Founder,Desktop,North America,11-50,1.075,6.86,True,False,Free,Free,,0
U104758,2025-12-23,Social,Sales Team,Tablet,North America,11-50,0.924,9.21,True,False,Free,Free,,0
U106652,2025-12-23,Organic Search,Founder,Desktop,North America,1-10,0.745,18.84,False,False,Free,Free,,0
U101767,2025-12-23,Paid Search,Sales Team,Tablet,Europe,11-50,0.956,28.35,False,False,Free,Free,,0
U102359,2025-12-23,Referral,Ops Manager,Desktop,North America,1-10,1.736,15.59,True,True,Trial,Free,,0
U103957,2025-12-23,Content,Founder,Mobile,North America,1-10,1.456,1.98,True,False,Free,Free,,0
U102770,2025-12-24,Paid Search,Marketing Team,Desktop,APAC,11-50,0.564,13.29,False,False,Free,Free,,0
U103455,2025-12-24,Paid Search,Sales Team,Tablet,Europe,11-50,0.687,58.73,False,False,Free,Free,,0
U102718,2025-12-24,Content,Ops Manager,Desktop,Europe,11-50,1.528,11.61,False,False,Free,Free,,0
U106294,2025-12-24,Organic Search,Sales Team,Desktop,APAC,1-10,0.967,9.32,False,False,Free,Free,,0
U100544,2025-12-24,Organic Search,Marketing Team,Desktop,APAC,1-10,1.271,12.01,True,False,Free,Free,,0
U102133,2025-12-24,Partnership,Founder,Mobile,Europe,1-10,1.304,4.5,False,False,Free,Free,,0
U106176,2025-12-24,Social,Ops Manager,Desktop,APAC,11-50,1.039,14.93,False,False,Free,Free,,0
U104561,2025-12-24,Organic Search,Founder,Tablet,APAC,51-200,0.958,8.73,False,False,Free,Free,,0
U106842,2025-12-24,Content,Ops Manager,Desktop,North America,51-200,1.567,6.16,True,True,Paid,Growth,2025-12-29,59
U101188,2025-12-24,Organic Search,Founder,Mobile,North America,1-10,1.137,11.44,False,False,Free,Free,,0
U105161,2025-12-24,Referral,Sales Team,Mobile,North America,11-50,0.917,12.03,False,False,Free,Free,,0
U108094,2025-12-24,Social,Ops Manager,Mobile,North America,11-50,0.776,35.3,False,False,Free,Free,,0
U103989,2025-12-24,Content,Ops Manager,Desktop,Europe,1000+,1.341,8.51,True,True,Trial,Free,,0
U106490,2025-12-24,Social,Sales Team,Desktop,Europe,11-50,0.558,22.33,True,True,Trial,Free,,0
U102396,2025-12-24,Content,Sales Team,Mobile,North America,1-10,1.04,11.04,False,False,Free,Free,,0
U101863,2025-12-24,Social,Marketing Team,Desktop,North America,201-1000,0.682,8.6,True,True,Trial,Free,,0
U106532,2025-12-25,Organic Search,Marketing Team,Desktop,North America,11-50,0.558,36.67,False,False,Free,Free,,0
U101130,2025-12-25,Referral,Ops Manager,Tablet,APAC,11-50,1.581,7.13,True,False,Free,Free,,0
U107662,2025-12-25,Paid Search,Founder,Desktop,North America,201-1000,1.113,9.1,True,True,Paid,Scale,2025-12-30,149
U105297,2025-12-25,Paid Search,Marketing Team,Mobile,North America,51-200,0.85,23.44,False,False,Free,Free,,0
U101023,2025-12-25,Paid Search,Sales Team,Desktop,North America,11-50,0.641,34.35,True,False,Free,Free,,0
U105931,2025-12-25,Social,Founder,Desktop,Europe,11-50,0.738,30.31,True,False,Free,Free,,0
U107671,2025-12-25,Organic Search,Sales Team,Desktop,North America,11-50,0.794,52.74,False,False,Free,Free,,0
U100810,2025-12-25,Organic Search,Ops Manager,Desktop,LATAM,11-50,1.374,5.84,False,False,Free,Free,,0
U100178,2025-12-25,Referral,Founder,Tablet,Europe,1-10,2.035,15.75,True,True,Paid,Growth,2025-12-30,59
U104469,2025-12-25,Referral,Founder,Mobile,North America,201-1000,1.791,8.17,False,False,Free,Free,,0
U103713,2025-12-25,Organic Search,Student / Hobby,Desktop,North America,11-50,0.458,38.03,False,False,Free,Free,,0
U106473,2025-12-25,Partnership,Marketing Team,Desktop,LATAM,11-50,1.162,2.5,True,False,Free,Free,,0
U107427,2025-12-26,Paid Search,Student / Hobby,Mobile,MEA,11-50,0.449,54.11,False,False,Free,Free,,0
U101384,2025-12-26,Organic Search,Ops Manager,Desktop,APAC,1-10,1.358,28.25,False,False,Free,Free,,0
U100813,2025-12-26,Social,Marketing Team,Desktop,APAC,51-200,0.605,15.74,False,False,Free,Free,,0
U107078,2025-12-26,Partnership,Sales Team,Desktop,North America,1-10,0.826,42.43,False,False,Free,Free,,0
U102651,2025-12-26,Paid Search,Marketing Team,Desktop,APAC,51-200,0.361,12.33,True,False,Free,Free,,0
U101862,2025-12-26,Paid Search,Marketing Team,Desktop,Europe,11-50,0.704,30.23,False,False,Free,Free,,0
U100999,2025-12-26,Social,Ops Manager,Desktop,MEA,11-50,1.03,12.48,False,False,Free,Free,,0
U102108,2025-12-26,Content,Ops Manager,Desktop,North America,1-10,1.627,10.82,True,False,Free,Free,,0
U101579,2025-12-27,Social,Founder,Mobile,North America,11-50,0.814,47.27,False,False,Free,Free,,0
U102148,2025-12-27,Partnership,Sales Team,Desktop,Europe,11-50,1.045,19.13,True,False,Free,Free,,0
U105095,2025-12-27,Referral,Ops Manager,Desktop,Europe,1-10,1.857,12.8,True,True,Paid,Starter,2026-01-01,19
U104646,2025-12-27,Partnership,Student / Hobby,Desktop,APAC,1-10,0.25,80.69,False,False,Free,Free,,0
U105851,2025-12-27,Paid Search,Marketing Team,Desktop,APAC,51-200,0.731,15.7,True,True,Trial,Free,,0
U102311,2025-12-27,Referral,Student / Hobby,Desktop,APAC,11-50,0.673,12.34,False,False,Free,Free,,0
U100711,2025-12-27,Paid Search,Student / Hobby,Mobile,North America,1-10,0.631,16.55,False,False,Free,Free,,0
U104289,2025-12-27,Organic Search,Ops Manager,Desktop,North America,1-10,1.001,14.25,False,False,Free,Free,,0
U106035,2025-12-27,Paid Search,Ops Manager,Desktop,North America,11-50,0.798,18.64,False,False,Free,Free,,0
U101478,2025-12-27,Organic Search,Marketing Team,Mobile,North America,11-50,0.933,5.11,True,False,Free,Free,,0
U108243,2025-12-27,Partnership,Ops Manager,Tablet,APAC,51-200,1.23,4.88,False,False,Free,Free,,0
U101619,2025-12-27,Referral,Ops Manager,Desktop,APAC,1-10,1.726,19.89,False,False,Free,Free,,0
U105782,2025-12-27,Organic Search,Ops Manager,Desktop,Europe,51-200,1.141,17.19,False,False,Free,Free,,0
U104493,2025-12-28,Organic Search,Founder,Desktop,North America,1-10,1.059,4.29,True,False,Free,Free,,0
U100528,2025-12-28,Social,Founder,Desktop,North America,1-10,1.28,20.73,False,False,Free,Free,,0
U102570,2025-12-28,Social,Sales Team,Desktop,Europe,1-10,0.48,88.27,False,False,Free,Free,,0
U103143,2025-12-28,Organic Search,Ops Manager,Desktop,North America,1000+,1.034,40.71,False,False,Free,Free,,0
U106851,2025-12-28,Content,Student / Hobby,Desktop,Europe,11-50,1.105,8.23,True,False,Free,Free,,0
U105781,2025-12-28,Organic Search,Founder,Desktop,Europe,1-10,0.99,26.38,False,False,Free,Free,,0
U104173,2025-12-28,Referral,Student / Hobby,Desktop,LATAM,1-10,0.66,9.9,False,False,Free,Free,,0
U105974,2025-12-28,Partnership,Marketing Team,Tablet,Europe,11-50,0.854,7.82,False,False,Free,Free,,0
U103990,2025-12-29,Organic Search,Founder,Desktop,Europe,1-10,1.089,4.45,False,False,Free,Free,,0
U101260,2025-12-29,Referral,Founder,Tablet,North America,11-50,1.458,8.6,True,False,Free,Free,,0
U106044,2025-12-29,Paid Search,Marketing Team,Desktop,North America,11-50,0.77,6.81,False,False,Free,Free,,0
U107681,2025-12-29,Paid Search,Ops Manager,Mobile,North America,11-50,0.686,27.98,True,False,Free,Free,,0
U104303,2025-12-29,Social,Sales Team,Desktop,Europe,51-200,0.815,6.18,False,False,Free,Free,,0
U105372,2025-12-29,Paid Search,Marketing Team,Desktop,Europe,11-50,0.622,8.31,False,False,Free,Free,,0
U105718,2025-12-29,Organic Search,Sales Team,Desktop,North America,201-1000,0.858,41.7,False,False,Free,Free,,0
U100405,2025-12-29,Referral,Sales Team,Tablet,North America,1-10,1.365,24.02,True,True,Trial,Free,,0
U102904,2025-12-29,Paid Search,Founder,Desktop,Europe,51-200,1.104,12.69,False,False,Free,Free,,0
U104125,2025-12-29,Social,Founder,Mobile,Europe,51-200,0.881,18.76,False,False,Free,Free,,0
U104685,2025-12-29,Paid Search,Student / Hobby,Desktop,LATAM,51-200,0.25,7.6,False,False,Free,Free,,0
U101109,2025-12-30,Organic Search,Founder,Mobile,Europe,11-50,0.982,2.99,True,False,Free,Free,,0
U107588,2025-12-30,Referral,Sales Team,Desktop,Europe,1-10,1.291,15.75,False,False,Free,Free,,0
U103596,2025-12-30,Paid Search,Sales Team,Tablet,North America,1-10,0.488,10.17,True,False,Free,Free,,0
U103548,2025-12-30,Social,Ops Manager,Desktop,North America,51-200,1.117,7.9,False,False,Free,Free,,0
U105307,2025-12-30,Paid Search,Student / Hobby,Tablet,North America,1-10,0.388,145.84,False,False,Free,Free,,0
U107126,2025-12-30,Social,Marketing Team,Mobile,APAC,1000+,0.548,22.41,False,False,Free,Free,,0
U102441,2025-12-30,Social,Sales Team,Desktop,APAC,1-10,0.756,24.18,False,False,Free,Free,,0
U100673,2025-12-30,Paid Search,Student / Hobby,Desktop,North America,1-10,0.368,101.6,False,False,Free,Free,,0
U100668,2025-12-30,Referral,Founder,Desktop,Europe,11-50,1.953,5.86,True,True,Paid,Starter,2026-01-07,19
U107601,2025-12-30,Referral,Sales Team,Desktop,North America,1-10,1.571,9.4,True,False,Free,Free,,0
U102801,2025-12-30,Organic Search,Student / Hobby,Mobile,North America,1-10,0.337,63.91,False,False,Free,Free,,0
U104782,2025-12-30,Paid Search,Ops Manager,Desktop,APAC,1-10,1.342,10.04,False,False,Free,Free,,0
U104271,2025-12-30,Content,Founder,Desktop,Europe,51-200,1.534,36.13,False,False,Free,Free,,0
U101856,2025-12-31,Organic Search,Ops Manager,Desktop,LATAM,1000+,1.048,20.56,True,False,Free,Free,,0
U103875,2025-12-31,Organic Search,Marketing Team,Desktop,MEA,1-10,0.963,16.62,False,False,Free,Free,,0
U104890,2025-12-31,Paid Search,Ops Manager,Desktop,North America,11-50,1.101,22.47,False,False,Free,Free,,0
U107153,2025-12-31,Organic Search,Ops Manager,Desktop,North America,11-50,1.568,9.46,True,True,Paid,Scale,2026-01-05,149
U102921,2025-12-31,Referral,Founder,Desktop,APAC,1000+,1.26,38.12,False,False,Free,Free,,0
U105046,2025-12-31,Organic Search,Founder,Mobile,Europe,1-10,1.192,26.48,False,False,Free,Free,,0
U103304,2025-12-31,Referral,Ops Manager,Desktop,North America,11-50,1.697,4.53,True,False,Free,Free,,0
U101131,2025-12-31,Content,Student / Hobby,Desktop,North America,201-1000,0.469,47.27,False,False,Free,Free,,0
U106526,2025-12-31,Organic Search,Ops Manager,Desktop,North America,11-50,1.166,10.98,False,False,Free,Free,,0
U107399,2025-12-31,Organic Search,Founder,Mobile,APAC,1-10,1.117,33.77,False,False,Free,Free,,0
U105480,2025-12-31,Partnership,Ops Manager,Desktop,Europe,201-1000,1.624,2.62,False,False,Free,Free,,0
U102211,2025-12-31,Social,Ops Manager,Desktop,APAC,201-1000,1.011,9.89,False,False,Free,Free,,0
U101561,2025-12-31,Organic Search,Founder,Desktop,MEA,11-50,1.43,10.18,False,False,Free,Free,,0
U100410,2025-12-31,Organic Search,Sales Team,Desktop,North America,1-10,1.247,9.84,True,True,Trial,Free,,0
U107492,2025-12-31,Paid Search,Marketing Team,Desktop,North America,1-10,1.312,25.9,True,False,Free,Free,,0
U106595,2025-12-31,Organic Search,Founder,Desktop,North America,11-50,0.909,52.64,False,False,Free,Free,,0
